WARNING: A restricted method in java.lang.System has been called
WARNING: java.lang.System::load has been called by org.fusesource.jansi.internal.JansiLoader in an unnamed module (file:/C:/Users/ADMIN/.m2/wrapper/dists/apache-maven-3.9.9/8e74001100ff70d6af083c5511fcc5ec49282d7017cde82c3698eee8fdf86698/lib/jansi-2.4.1.jar)
WARNING: Use --enable-native-access=ALL-UNNAMED to avoid a warning for callers in this module
WARNING: Restricted methods will be blocked in a future release unless native access is enabled

WARNING: A terminally deprecated method in sun.misc.Unsafe has been called
WARNING: sun.misc.Unsafe::objectFieldOffset has been called by com.google.common.util.concurrent.AbstractFuture$UnsafeAtomicHelper (file:/C:/Users/ADMIN/.m2/wrapper/dists/apache-maven-3.9.9/8e74001100ff70d6af083c5511fcc5ec49282d7017cde82c3698eee8fdf86698/lib/guava-33.2.1-jre.jar)
WARNING: Please consider reporting this to the maintainers of class com.google.common.util.concurrent.AbstractFuture$UnsafeAtomicHelper
WARNING: sun.misc.Unsafe::objectFieldOffset will be removed in a future release
[INFO] Scanning for projects...
[INFO] 
[INFO] ------------------< com.shubham:notification-service >------------------
[INFO] Building notification-service 1.0.0
[INFO]   from pom.xml
[INFO] --------------------------------[ jar ]---------------------------------
[INFO] 
[INFO] >>> spring-boot:3.3.3:run (default-cli) > test-compile @ notification-service >>>
[INFO] 
[INFO] --- resources:3.3.1:resources (default-resources) @ notification-service ---
[INFO] Copying 1 resource from src\main\resources to target\classes
[INFO] Copying 0 resource from src\main\resources to target\classes
[INFO] 
[INFO] --- compiler:3.13.0:compile (default-compile) @ notification-service ---
[INFO] Nothing to compile - all classes are up to date.
[INFO] 
[INFO] --- resources:3.3.1:testResources (default-testResources) @ notification-service ---
[INFO] skip non existing resourceDirectory D:\OrderPulse\notification-service\src\test\resources
[INFO] 
[INFO] --- compiler:3.13.0:testCompile (default-testCompile) @ notification-service ---
[INFO] No sources to compile
[INFO] 
[INFO] <<< spring-boot:3.3.3:run (default-cli) < test-compile @ notification-service <<<
[INFO] 
[INFO] 
[INFO] --- spring-boot:3.3.3:run (default-cli) @ notification-service ---
[INFO] Attaching agents: []

  .   ____          _            __ _ _
 /\\ / ___'_ __ _ _(_)_ __  __ _ \ \ \ \
( ( )\___ | '_ | '_| | '_ \/ _` | \ \ \ \
 \\/  ___)| |_)| | | | | || (_| |  ) ) ) )
  '  |____| .__|_| |_|_| |_\__, | / / / /
 =========|_|==============|___/=/_/_/_/

 :: Spring Boot ::                (v3.3.3)

2026-07-27T00:51:13.353+05:30  INFO 3640 --- [notification-service] [           main] c.s.n.NotificationServiceApplication     : Starting NotificationServiceApplication using Java 25.0.3 with PID 3640 (D:\OrderPulse\notification-service\target\classes started by ADMIN in D:\OrderPulse\notification-service)
2026-07-27T00:51:13.358+05:30  INFO 3640 --- [notification-service] [           main] c.s.n.NotificationServiceApplication     : No active profile set, falling back to 1 default profile: "default"
2026-07-27T00:51:15.772+05:30  INFO 3640 --- [notification-service] [           main] .s.d.r.c.RepositoryConfigurationDelegate : Bootstrapping Spring Data JPA repositories in DEFAULT mode.
2026-07-27T00:51:16.166+05:30  INFO 3640 --- [notification-service] [           main] .s.d.r.c.RepositoryConfigurationDelegate : Finished Spring Data repository scanning in 379 ms. Found 1 JPA repository interface.
2026-07-27T00:51:16.810+05:30  INFO 3640 --- [notification-service] [           main] o.s.cloud.context.scope.GenericScope     : BeanFactory id=8dce4014-b841-3153-ab23-5a3174b6a3fb
2026-07-27T00:51:17.597+05:30  WARN 3640 --- [notification-service] [           main] trationDelegate$BeanPostProcessorChecker : Bean 'org.springframework.cloud.client.loadbalancer.LoadBalancerAutoConfiguration$DeferringLoadBalancerInterceptorConfig' of type [org.springframework.cloud.client.loadbalancer.LoadBalancerAutoConfiguration$DeferringLoadBalancerInterceptorConfig] is not eligible for getting processed by all BeanPostProcessors (for example: not eligible for auto-proxying). The currently created BeanPostProcessor [lbRestClientPostProcessor] is declared through a non-static factory method on that class; consider declaring it as static instead.
2026-07-27T00:51:17.605+05:30  WARN 3640 --- [notification-service] [           main] trationDelegate$BeanPostProcessorChecker : Bean 'deferringLoadBalancerInterceptor' of type [org.springframework.cloud.client.loadbalancer.DeferringLoadBalancerInterceptor] is not eligible for getting processed by all BeanPostProcessors (for example: not eligible for auto-proxying). Is this bean getting eagerly injected into a currently created BeanPostProcessor [lbRestClientPostProcessor]? Check the corresponding BeanPostProcessor declaration and its dependencies.
WARNING: A restricted method in java.lang.System has been called
WARNING: java.lang.System::load has been called by org.apache.tomcat.jni.Library in an unnamed module (file:/C:/Users/ADMIN/.m2/repository/org/apache/tomcat/embed/tomcat-embed-core/10.1.28/tomcat-embed-core-10.1.28.jar)
WARNING: Use --enable-native-access=ALL-UNNAMED to avoid a warning for callers in this module
WARNING: Restricted methods will be blocked in a future release unless native access is enabled

2026-07-27T00:51:18.275+05:30  INFO 3640 --- [notification-service] [           main] o.s.b.w.embedded.tomcat.TomcatWebServer  : Tomcat initialized with port 8085 (http)
2026-07-27T00:51:18.302+05:30  INFO 3640 --- [notification-service] [           main] o.apache.catalina.core.StandardService   : Starting service [Tomcat]
2026-07-27T00:51:18.302+05:30  INFO 3640 --- [notification-service] [           main] o.apache.catalina.core.StandardEngine    : Starting Servlet engine: [Apache Tomcat/10.1.28]
2026-07-27T00:51:18.459+05:30  INFO 3640 --- [notification-service] [           main] o.a.c.c.C.[Tomcat].[localhost].[/]       : Initializing Spring embedded WebApplicationContext
2026-07-27T00:51:18.461+05:30  INFO 3640 --- [notification-service] [           main] w.s.c.ServletWebServerApplicationContext : Root WebApplicationContext: initialization completed in 4993 ms
2026-07-27T00:51:18.761+05:30  INFO 3640 --- [notification-service] [           main] com.zaxxer.hikari.HikariDataSource       : HikariPool-1 - Starting...
2026-07-27T00:51:19.191+05:30  INFO 3640 --- [notification-service] [           main] com.zaxxer.hikari.pool.HikariPool        : HikariPool-1 - Added connection conn0: url=jdbc:h2:mem:notifications_db user=SA
2026-07-27T00:51:19.195+05:30  INFO 3640 --- [notification-service] [           main] com.zaxxer.hikari.HikariDataSource       : HikariPool-1 - Start completed.
2026-07-27T00:51:19.239+05:30  INFO 3640 --- [notification-service] [           main] o.s.b.a.h2.H2ConsoleAutoConfiguration    : H2 console available at '/h2-console'. Database available at 'jdbc:h2:mem:notifications_db'
2026-07-27T00:51:19.693+05:30  INFO 3640 --- [notification-service] [           main] o.hibernate.jpa.internal.util.LogHelper  : HHH000204: Processing PersistenceUnitInfo [name: default]
2026-07-27T00:51:19.817+05:30  INFO 3640 --- [notification-service] [           main] org.hibernate.Version                    : HHH000412: Hibernate ORM core version 6.5.2.Final
2026-07-27T00:51:19.887+05:30  INFO 3640 --- [notification-service] [           main] o.h.c.internal.RegionFactoryInitiator    : HHH000026: Second-level cache disabled
2026-07-27T00:51:20.555+05:30  INFO 3640 --- [notification-service] [           main] o.s.o.j.p.SpringPersistenceUnitInfo      : No LoadTimeWeaver setup: ignoring JPA class transformer
2026-07-27T00:51:22.367+05:30  INFO 3640 --- [notification-service] [           main] o.h.e.t.j.p.i.JtaPlatformInitiator       : HHH000489: No JTA platform available (set 'hibernate.transaction.jta.platform' to enable JTA platform integration)
Hibernate: create table notifications (id bigint generated by default as identity, email varchar(255), message varchar(255), order_id bigint, sent_at timestamp(6), primary key (id))
2026-07-27T00:51:22.475+05:30  INFO 3640 --- [notification-service] [           main] j.LocalContainerEntityManagerFactoryBean : Initialized JPA EntityManagerFactory for persistence unit 'default'
2026-07-27T00:51:23.122+05:30  WARN 3640 --- [notification-service] [           main] JpaBaseConfiguration$JpaWebConfiguration : spring.jpa.open-in-view is enabled by default. Therefore, database queries may be performed during view rendering. Explicitly configure spring.jpa.open-in-view to disable this warning
2026-07-27T00:51:24.481+05:30  INFO 3640 --- [notification-service] [           main] DiscoveryClientOptionalArgsConfiguration : Eureka HTTP Client uses RestTemplate.
2026-07-27T00:51:24.590+05:30  WARN 3640 --- [notification-service] [           main] iguration$LoadBalancerCaffeineWarnLogger : Spring Cloud LoadBalancer is currently working with the default cache. While this cache implementation is useful for development and tests, it's recommended to use Caffeine cache in production.You can switch to using Caffeine cache, by adding it and org.springframework.cache.caffeine.CaffeineCacheManager to the classpath.
2026-07-27T00:51:24.606+05:30  INFO 3640 --- [notification-service] [           main] o.s.b.a.e.web.EndpointLinksResolver      : Exposing 3 endpoints beneath base path '/actuator'
2026-07-27T00:51:24.837+05:30  INFO 3640 --- [notification-service] [           main] o.s.b.w.embedded.tomcat.TomcatWebServer  : Tomcat started on port 8085 (http) with context path '/'
2026-07-27T00:51:24.934+05:30  INFO 3640 --- [notification-service] [           main] o.a.k.clients.consumer.ConsumerConfig    : ConsumerConfig values: 
	allow.auto.create.topics = true
	auto.commit.interval.ms = 5000
	auto.include.jmx.reporter = true
	auto.offset.reset = latest
	bootstrap.servers = [localhost:9092]
	check.crcs = true
	client.dns.lookup = use_all_dns_ips
	client.id = consumer-notification-service-group-1
	client.rack = 
	connections.max.idle.ms = 540000
	default.api.timeout.ms = 60000
	enable.auto.commit = false
	enable.metrics.push = true
	exclude.internal.topics = true
	fetch.max.bytes = 52428800
	fetch.max.wait.ms = 500
	fetch.min.bytes = 1
	group.id = notification-service-group
	group.instance.id = null
	group.protocol = classic
	group.remote.assignor = null
	heartbeat.interval.ms = 3000
	interceptor.classes = []
	internal.leave.group.on.close = true
	internal.throw.on.fetch.stable.offset.unsupported = false
	isolation.level = read_uncommitted
	key.deserializer = class org.apache.kafka.common.serialization.StringDeserializer
	max.partition.fetch.bytes = 1048576
	max.poll.interval.ms = 300000
	max.poll.records = 500
	metadata.max.age.ms = 300000
	metric.reporters = []
	metrics.num.samples = 2
	metrics.recording.level = INFO
	metrics.sample.window.ms = 30000
	partition.assignment.strategy = [class org.apache.kafka.clients.consumer.RangeAssignor, class org.apache.kafka.clients.consumer.CooperativeStickyAssignor]
	receive.buffer.bytes = 65536
	reconnect.backoff.max.ms = 1000
	reconnect.backoff.ms = 50
	request.timeout.ms = 30000
	retry.backoff.max.ms = 1000
	retry.backoff.ms = 100
	sasl.client.callback.handler.class = null
	sasl.jaas.config = null
	sasl.kerberos.kinit.cmd = /usr/bin/kinit
	sasl.kerberos.min.time.before.relogin = 60000
	sasl.kerberos.service.name = null
	sasl.kerberos.ticket.renew.jitter = 0.05
	sasl.kerberos.ticket.renew.window.factor = 0.8
	sasl.login.callback.handler.class = null
	sasl.login.class = null
	sasl.login.connect.timeout.ms = null
	sasl.login.read.timeout.ms = null
	sasl.login.refresh.buffer.seconds = 300
	sasl.login.refresh.min.period.seconds = 60
	sasl.login.refresh.window.factor = 0.8
	sasl.login.refresh.window.jitter = 0.05
	sasl.login.retry.backoff.max.ms = 10000
	sasl.login.retry.backoff.ms = 100
	sasl.mechanism = GSSAPI
	sasl.oauthbearer.clock.skew.seconds = 30
	sasl.oauthbearer.expected.audience = null
	sasl.oauthbearer.expected.issuer = null
	sasl.oauthbearer.jwks.endpoint.refresh.ms = 3600000
	sasl.oauthbearer.jwks.endpoint.retry.backoff.max.ms = 10000
	sasl.oauthbearer.jwks.endpoint.retry.backoff.ms = 100
	sasl.oauthbearer.jwks.endpoint.url = null
	sasl.oauthbearer.scope.claim.name = scope
	sasl.oauthbearer.sub.claim.name = sub
	sasl.oauthbearer.token.endpoint.url = null
	security.protocol = PLAINTEXT
	security.providers = null
	send.buffer.bytes = 131072
	session.timeout.ms = 45000
	socket.connection.setup.timeout.max.ms = 30000
	socket.connection.setup.timeout.ms = 10000
	ssl.cipher.suites = null
	ssl.enabled.protocols = [TLSv1.2, TLSv1.3]
	ssl.endpoint.identification.algorithm = https
	ssl.engine.factory.class = null
	ssl.key.password = null
	ssl.keymanager.algorithm = SunX509
	ssl.keystore.certificate.chain = null
	ssl.keystore.key = null
	ssl.keystore.location = null
	ssl.keystore.password = null
	ssl.keystore.type = JKS
	ssl.protocol = TLSv1.3
	ssl.provider = null
	ssl.secure.random.implementation = null
	ssl.trustmanager.algorithm = PKIX
	ssl.truststore.certificates = null
	ssl.truststore.location = null
	ssl.truststore.password = null
	ssl.truststore.type = JKS
	value.deserializer = class org.apache.kafka.common.serialization.StringDeserializer

2026-07-27T00:51:25.047+05:30  INFO 3640 --- [notification-service] [           main] o.a.k.c.t.i.KafkaMetricsCollector        : initializing Kafka metrics collector
2026-07-27T00:51:25.334+05:30  INFO 3640 --- [notification-service] [           main] o.a.kafka.common.utils.AppInfoParser     : Kafka version: 3.7.1
2026-07-27T00:51:25.335+05:30  INFO 3640 --- [notification-service] [           main] o.a.kafka.common.utils.AppInfoParser     : Kafka commitId: e2494e6ffb89f828
2026-07-27T00:51:25.335+05:30  INFO 3640 --- [notification-service] [           main] o.a.kafka.common.utils.AppInfoParser     : Kafka startTimeMs: 1785093685331
2026-07-27T00:51:25.356+05:30  INFO 3640 --- [notification-service] [           main] o.a.k.c.c.internals.LegacyKafkaConsumer  : [Consumer clientId=consumer-notification-service-group-1, groupId=notification-service-group] Subscribed to topic(s): payment-events
2026-07-27T00:51:25.374+05:30  INFO 3640 --- [notification-service] [           main] o.a.k.clients.consumer.ConsumerConfig    : ConsumerConfig values: 
	allow.auto.create.topics = true
	auto.commit.interval.ms = 5000
	auto.include.jmx.reporter = true
	auto.offset.reset = latest
	bootstrap.servers = [localhost:9092]
	check.crcs = true
	client.dns.lookup = use_all_dns_ips
	client.id = consumer-notification-service-group-2
	client.rack = 
	connections.max.idle.ms = 540000
	default.api.timeout.ms = 60000
	enable.auto.commit = false
	enable.metrics.push = true
	exclude.internal.topics = true
	fetch.max.bytes = 52428800
	fetch.max.wait.ms = 500
	fetch.min.bytes = 1
	group.id = notification-service-group
	group.instance.id = null
	group.protocol = classic
	group.remote.assignor = null
	heartbeat.interval.ms = 3000
	interceptor.classes = []
	internal.leave.group.on.close = true
	internal.throw.on.fetch.stable.offset.unsupported = false
	isolation.level = read_uncommitted
	key.deserializer = class org.apache.kafka.common.serialization.StringDeserializer
	max.partition.fetch.bytes = 1048576
	max.poll.interval.ms = 300000
	max.poll.records = 500
	metadata.max.age.ms = 300000
	metric.reporters = []
	metrics.num.samples = 2
	metrics.recording.level = INFO
	metrics.sample.window.ms = 30000
	partition.assignment.strategy = [class org.apache.kafka.clients.consumer.RangeAssignor, class org.apache.kafka.clients.consumer.CooperativeStickyAssignor]
	receive.buffer.bytes = 65536
	reconnect.backoff.max.ms = 1000
	reconnect.backoff.ms = 50
	request.timeout.ms = 30000
	retry.backoff.max.ms = 1000
	retry.backoff.ms = 100
	sasl.client.callback.handler.class = null
	sasl.jaas.config = null
	sasl.kerberos.kinit.cmd = /usr/bin/kinit
	sasl.kerberos.min.time.before.relogin = 60000
	sasl.kerberos.service.name = null
	sasl.kerberos.ticket.renew.jitter = 0.05
	sasl.kerberos.ticket.renew.window.factor = 0.8
	sasl.login.callback.handler.class = null
	sasl.login.class = null
	sasl.login.connect.timeout.ms = null
	sasl.login.read.timeout.ms = null
	sasl.login.refresh.buffer.seconds = 300
	sasl.login.refresh.min.period.seconds = 60
	sasl.login.refresh.window.factor = 0.8
	sasl.login.refresh.window.jitter = 0.05
	sasl.login.retry.backoff.max.ms = 10000
	sasl.login.retry.backoff.ms = 100
	sasl.mechanism = GSSAPI
	sasl.oauthbearer.clock.skew.seconds = 30
	sasl.oauthbearer.expected.audience = null
	sasl.oauthbearer.expected.issuer = null
	sasl.oauthbearer.jwks.endpoint.refresh.ms = 3600000
	sasl.oauthbearer.jwks.endpoint.retry.backoff.max.ms = 10000
	sasl.oauthbearer.jwks.endpoint.retry.backoff.ms = 100
	sasl.oauthbearer.jwks.endpoint.url = null
	sasl.oauthbearer.scope.claim.name = scope
	sasl.oauthbearer.sub.claim.name = sub
	sasl.oauthbearer.token.endpoint.url = null
	security.protocol = PLAINTEXT
	security.providers = null
	send.buffer.bytes = 131072
	session.timeout.ms = 45000
	socket.connection.setup.timeout.max.ms = 30000
	socket.connection.setup.timeout.ms = 10000
	ssl.cipher.suites = null
	ssl.enabled.protocols = [TLSv1.2, TLSv1.3]
	ssl.endpoint.identification.algorithm = https
	ssl.engine.factory.class = null
	ssl.key.password = null
	ssl.keymanager.algorithm = SunX509
	ssl.keystore.certificate.chain = null
	ssl.keystore.key = null
	ssl.keystore.location = null
	ssl.keystore.password = null
	ssl.keystore.type = JKS
	ssl.protocol = TLSv1.3
	ssl.provider = null
	ssl.secure.random.implementation = null
	ssl.trustmanager.algorithm = PKIX
	ssl.truststore.certificates = null
	ssl.truststore.location = null
	ssl.truststore.password = null
	ssl.truststore.type = JKS
	value.deserializer = class org.apache.kafka.common.serialization.StringDeserializer

2026-07-27T00:51:25.375+05:30  INFO 3640 --- [notification-service] [           main] o.a.k.c.t.i.KafkaMetricsCollector        : initializing Kafka metrics collector
2026-07-27T00:51:25.390+05:30  INFO 3640 --- [notification-service] [           main] o.a.kafka.common.utils.AppInfoParser     : Kafka version: 3.7.1
2026-07-27T00:51:25.390+05:30  INFO 3640 --- [notification-service] [           main] o.a.kafka.common.utils.AppInfoParser     : Kafka commitId: e2494e6ffb89f828
2026-07-27T00:51:25.390+05:30  INFO 3640 --- [notification-service] [           main] o.a.kafka.common.utils.AppInfoParser     : Kafka startTimeMs: 1785093685390
2026-07-27T00:51:25.400+05:30  INFO 3640 --- [notification-service] [           main] o.a.k.c.c.internals.LegacyKafkaConsumer  : [Consumer clientId=consumer-notification-service-group-2, groupId=notification-service-group] Subscribed to topic(s): order-events
2026-07-27T00:51:25.420+05:30  INFO 3640 --- [notification-service] [           main] c.s.n.NotificationServiceApplication     : Started NotificationServiceApplication in 13.195 seconds (process running for 14.571)
2026-07-27T00:51:25.849+05:30  INFO 3640 --- [notification-service] [ntainer#1-0-C-1] org.apache.kafka.clients.NetworkClient   : [Consumer clientId=consumer-notification-service-group-2, groupId=notification-service-group] Node -1 disconnected.
2026-07-27T00:51:25.849+05:30  INFO 3640 --- [notification-service] [ntainer#0-0-C-1] org.apache.kafka.clients.NetworkClient   : [Consumer clientId=consumer-notification-service-group-1, groupId=notification-service-group] Node -1 disconnected.
2026-07-27T00:51:25.851+05:30  WARN 3640 --- [notification-service] [ntainer#1-0-C-1] org.apache.kafka.clients.NetworkClient   : [Consumer clientId=consumer-notification-service-group-2, groupId=notification-service-group] Connection to node -1 (localhost/127.0.0.1:9092) could not be established. Node may not be available.
2026-07-27T00:51:25.851+05:30  WARN 3640 --- [notification-service] [ntainer#0-0-C-1] org.apache.kafka.clients.NetworkClient   : [Consumer clientId=consumer-notification-service-group-1, groupId=notification-service-group] Connection to node -1 (localhost/127.0.0.1:9092) could not be established. Node may not be available.
2026-07-27T00:51:25.852+05:30  WARN 3640 --- [notification-service] [ntainer#1-0-C-1] org.apache.kafka.clients.NetworkClient   : [Consumer clientId=consumer-notification-service-group-2, groupId=notification-service-group] Bootstrap broker localhost:9092 (id: -1 rack: null) disconnected
2026-07-27T00:51:25.852+05:30  WARN 3640 --- [notification-service] [ntainer#0-0-C-1] org.apache.kafka.clients.NetworkClient   : [Consumer clientId=consumer-notification-service-group-1, groupId=notification-service-group] Bootstrap broker localhost:9092 (id: -1 rack: null) disconnected
2026-07-27T00:51:25.951+05:30  INFO 3640 --- [notification-service] [ntainer#0-0-C-1] org.apache.kafka.clients.NetworkClient   : [Consumer clientId=consumer-notification-service-group-1, groupId=notification-service-group] Node -1 disconnected.
2026-07-27T00:51:25.951+05:30  WARN 3640 --- [notification-service] [ntainer#0-0-C-1] org.apache.kafka.clients.NetworkClient   : [Consumer clientId=consumer-notification-service-group-1, groupId=notification-service-group] Connection to node -1 (localhost/127.0.0.1:9092) could not be established. Node may not be available.
2026-07-27T00:51:25.951+05:30  WARN 3640 --- [notification-service] [ntainer#0-0-C-1] org.apache.kafka.clients.NetworkClient   : [Consumer clientId=consumer-notification-service-group-1, groupId=notification-service-group] Bootstrap broker localhost:9092 (id: -1 rack: null) disconnected
2026-07-27T00:51:25.964+05:30  INFO 3640 --- [notification-service] [ntainer#1-0-C-1] org.apache.kafka.clients.NetworkClient   : [Consumer clientId=consumer-notification-service-group-2, groupId=notification-service-group] Node -1 disconnected.
2026-07-27T00:51:25.964+05:30  WARN 3640 --- [notification-service] [ntainer#1-0-C-1] org.apache.kafka.clients.NetworkClient   : [Consumer clientId=consumer-notification-service-group-2, groupId=notification-service-group] Connection to node -1 (localhost/127.0.0.1:9092) could not be established. Node may not be available.
2026-07-27T00:51:25.964+05:30  WARN 3640 --- [notification-service] [ntainer#1-0-C-1] org.apache.kafka.clients.NetworkClient   : [Consumer clientId=consumer-notification-service-group-2, groupId=notification-service-group] Bootstrap broker localhost:9092 (id: -1 rack: null) disconnected
2026-07-27T00:51:26.072+05:30  INFO 3640 --- [notification-service] [ntainer#0-0-C-1] org.apache.kafka.clients.NetworkClient   : [Consumer clientId=consumer-notification-service-group-1, groupId=notification-service-group] Node -1 disconnected.
2026-07-27T00:51:26.075+05:30  WARN 3640 --- [notification-service] [ntainer#0-0-C-1] org.apache.kafka.clients.NetworkClient   : [Consumer clientId=consumer-notification-service-group-1, groupId=notification-service-group] Connection to node -1 (localhost/127.0.0.1:9092) could not be established. Node may not be available.
2026-07-27T00:51:26.075+05:30  WARN 3640 --- [notification-service] [ntainer#0-0-C-1] org.apache.kafka.clients.NetworkClient   : [Consumer clientId=consumer-notification-service-group-1, groupId=notification-service-group] Bootstrap broker localhost:9092 (id: -1 rack: null) disconnected
2026-07-27T00:51:26.141+05:30  INFO 3640 --- [notification-service] [ntainer#1-0-C-1] org.apache.kafka.clients.NetworkClient   : [Consumer clientId=consumer-notification-service-group-2, groupId=notification-service-group] Node -1 disconnected.
2026-07-27T00:51:26.143+05:30  WARN 3640 --- [notification-service] [ntainer#1-0-C-1] org.apache.kafka.clients.NetworkClient   : [Consumer clientId=consumer-notification-service-group-2, groupId=notification-service-group] Connection to node -1 (localhost/127.0.0.1:9092) could not be established. Node may not be available.
2026-07-27T00:51:26.143+05:30  WARN 3640 --- [notification-service] [ntainer#1-0-C-1] org.apache.kafka.clients.NetworkClient   : [Consumer clientId=consumer-notification-service-group-2, groupId=notification-service-group] Bootstrap broker localhost:9092 (id: -1 rack: null) disconnected
2026-07-27T00:51:26.294+05:30  INFO 3640 --- [notification-service] [ntainer#0-0-C-1] org.apache.kafka.clients.NetworkClient   : [Consumer clientId=consumer-notification-service-group-1, groupId=notification-service-group] Node -1 disconnected.
2026-07-27T00:51:26.294+05:30  WARN 3640 --- [notification-service] [ntainer#0-0-C-1] org.apache.kafka.clients.NetworkClient   : [Consumer clientId=consumer-notification-service-group-1, groupId=notification-service-group] Connection to node -1 (localhost/127.0.0.1:9092) could not be established. Node may not be available.
2026-07-27T00:51:26.294+05:30  WARN 3640 --- [notification-service] [ntainer#0-0-C-1] org.apache.kafka.clients.NetworkClient   : [Consumer clientId=consumer-notification-service-group-1, groupId=notification-service-group] Bootstrap broker localhost:9092 (id: -1 rack: null) disconnected
2026-07-27T00:51:26.351+05:30  INFO 3640 --- [notification-service] [ntainer#1-0-C-1] org.apache.kafka.clients.NetworkClient   : [Consumer clientId=consumer-notification-service-group-2, groupId=notification-service-group] Node -1 disconnected.
2026-07-27T00:51:26.351+05:30  WARN 3640 --- [notification-service] [ntainer#1-0-C-1] org.apache.kafka.clients.NetworkClient   : [Consumer clientId=consumer-notification-service-group-2, groupId=notification-service-group] Connection to node -1 (localhost/127.0.0.1:9092) could not be established. Node may not be available.
2026-07-27T00:51:26.352+05:30  WARN 3640 --- [notification-service] [ntainer#1-0-C-1] org.apache.kafka.clients.NetworkClient   : [Consumer clientId=consumer-notification-service-group-2, groupId=notification-service-group] Bootstrap broker localhost:9092 (id: -1 rack: null) disconnected
2026-07-27T00:51:26.709+05:30  INFO 3640 --- [notification-service] [ntainer#0-0-C-1] org.apache.kafka.clients.NetworkClient   : [Consumer clientId=consumer-notification-service-group-1, groupId=notification-service-group] Node -1 disconnected.
2026-07-27T00:51:26.711+05:30  WARN 3640 --- [notification-service] [ntainer#0-0-C-1] org.apache.kafka.clients.NetworkClient   : [Consumer clientId=consumer-notification-service-group-1, groupId=notification-service-group] Connection to node -1 (localhost/127.0.0.1:9092) could not be established. Node may not be available.
2026-07-27T00:51:26.711+05:30  WARN 3640 --- [notification-service] [ntainer#0-0-C-1] org.apache.kafka.clients.NetworkClient   : [Consumer clientId=consumer-notification-service-group-1, groupId=notification-service-group] Bootstrap broker localhost:9092 (id: -1 rack: null) disconnected
2026-07-27T00:51:26.796+05:30  INFO 3640 --- [notification-service] [ntainer#1-0-C-1] org.apache.kafka.clients.NetworkClient   : [Consumer clientId=consumer-notification-service-group-2, groupId=notification-service-group] Node -1 disconnected.
2026-07-27T00:51:26.796+05:30  WARN 3640 --- [notification-service] [ntainer#1-0-C-1] org.apache.kafka.clients.NetworkClient   : [Consumer clientId=consumer-notification-service-group-2, groupId=notification-service-group] Connection to node -1 (localhost/127.0.0.1:9092) could not be established. Node may not be available.
2026-07-27T00:51:26.797+05:30  WARN 3640 --- [notification-service] [ntainer#1-0-C-1] org.apache.kafka.clients.NetworkClient   : [Consumer clientId=consumer-notification-service-group-2, groupId=notification-service-group] Bootstrap broker localhost:9092 (id: -1 rack: null) disconnected
2026-07-27T00:51:27.459+05:30  INFO 3640 --- [notification-service] [ntainer#1-0-C-1] org.apache.kafka.clients.NetworkClient   : [Consumer clientId=consumer-notification-service-group-2, groupId=notification-service-group] Node -1 disconnected.
2026-07-27T00:51:27.459+05:30  WARN 3640 --- [notification-service] [ntainer#1-0-C-1] org.apache.kafka.clients.NetworkClient   : [Consumer clientId=consumer-notification-service-group-2, groupId=notification-service-group] Connection to node -1 (localhost/127.0.0.1:9092) could not be established. Node may not be available.
2026-07-27T00:51:27.459+05:30  WARN 3640 --- [notification-service] [ntainer#1-0-C-1] org.apache.kafka.clients.NetworkClient   : [Consumer clientId=consumer-notification-service-group-2, groupId=notification-service-group] Bootstrap broker localhost:9092 (id: -1 rack: null) disconnected
2026-07-27T00:51:27.521+05:30  INFO 3640 --- [notification-service] [ntainer#0-0-C-1] org.apache.kafka.clients.NetworkClient   : [Consumer clientId=consumer-notification-service-group-1, groupId=notification-service-group] Node -1 disconnected.
2026-07-27T00:51:27.522+05:30  WARN 3640 --- [notification-service] [ntainer#0-0-C-1] org.apache.kafka.clients.NetworkClient   : [Consumer clientId=consumer-notification-service-group-1, groupId=notification-service-group] Connection to node -1 (localhost/127.0.0.1:9092) could not be established. Node may not be available.
2026-07-27T00:51:27.522+05:30  WARN 3640 --- [notification-service] [ntainer#0-0-C-1] org.apache.kafka.clients.NetworkClient   : [Consumer clientId=consumer-notification-service-group-1, groupId=notification-service-group] Bootstrap broker localhost:9092 (id: -1 rack: null) disconnected
2026-07-27T00:51:28.381+05:30  INFO 3640 --- [notification-service] [ntainer#0-0-C-1] org.apache.kafka.clients.NetworkClient   : [Consumer clientId=consumer-notification-service-group-1, groupId=notification-service-group] Node -1 disconnected.
2026-07-27T00:51:28.381+05:30  WARN 3640 --- [notification-service] [ntainer#0-0-C-1] org.apache.kafka.clients.NetworkClient   : [Consumer clientId=consumer-notification-service-group-1, groupId=notification-service-group] Connection to node -1 (localhost/127.0.0.1:9092) could not be established. Node may not be available.
2026-07-27T00:51:28.381+05:30  WARN 3640 --- [notification-service] [ntainer#0-0-C-1] org.apache.kafka.clients.NetworkClient   : [Consumer clientId=consumer-notification-service-group-1, groupId=notification-service-group] Bootstrap broker localhost:9092 (id: -1 rack: null) disconnected
2026-07-27T00:51:28.439+05:30  INFO 3640 --- [notification-service] [ntainer#1-0-C-1] org.apache.kafka.clients.NetworkClient   : [Consumer clientId=consumer-notification-service-group-2, groupId=notification-service-group] Node -1 disconnected.
2026-07-27T00:51:28.440+05:30  WARN 3640 --- [notification-service] [ntainer#1-0-C-1] org.apache.kafka.clients.NetworkClient   : [Consumer clientId=consumer-notification-service-group-2, groupId=notification-service-group] Connection to node -1 (localhost/127.0.0.1:9092) could not be established. Node may not be available.
2026-07-27T00:51:28.440+05:30  WARN 3640 --- [notification-service] [ntainer#1-0-C-1] org.apache.kafka.clients.NetworkClient   : [Consumer clientId=consumer-notification-service-group-2, groupId=notification-service-group] Bootstrap broker localhost:9092 (id: -1 rack: null) disconnected
2026-07-27T00:51:29.402+05:30  INFO 3640 --- [notification-service] [ntainer#0-0-C-1] org.apache.kafka.clients.NetworkClient   : [Consumer clientId=consumer-notification-service-group-1, groupId=notification-service-group] Node -1 disconnected.
2026-07-27T00:51:29.402+05:30  WARN 3640 --- [notification-service] [ntainer#0-0-C-1] org.apache.kafka.clients.NetworkClient   : [Consumer clientId=consumer-notification-service-group-1, groupId=notification-service-group] Connection to node -1 (localhost/127.0.0.1:9092) could not be established. Node may not be available.
2026-07-27T00:51:29.402+05:30  WARN 3640 --- [notification-service] [ntainer#0-0-C-1] org.apache.kafka.clients.NetworkClient   : [Consumer clientId=consumer-notification-service-group-1, groupId=notification-service-group] Bootstrap broker localhost:9092 (id: -1 rack: null) disconnected
2026-07-27T00:51:29.461+05:30  INFO 3640 --- [notification-service] [ntainer#1-0-C-1] org.apache.kafka.clients.NetworkClient   : [Consumer clientId=consumer-notification-service-group-2, groupId=notification-service-group] Node -1 disconnected.
2026-07-27T00:51:29.462+05:30  WARN 3640 --- [notification-service] [ntainer#1-0-C-1] org.apache.kafka.clients.NetworkClient   : [Consumer clientId=consumer-notification-service-group-2, groupId=notification-service-group] Connection to node -1 (localhost/127.0.0.1:9092) could not be established. Node may not be available.
2026-07-27T00:51:29.462+05:30  WARN 3640 --- [notification-service] [ntainer#1-0-C-1] org.apache.kafka.clients.NetworkClient   : [Consumer clientId=consumer-notification-service-group-2, groupId=notification-service-group] Bootstrap broker localhost:9092 (id: -1 rack: null) disconnected
2026-07-27T00:51:30.213+05:30  INFO 3640 --- [notification-service] [ntainer#0-0-C-1] org.apache.kafka.clients.NetworkClient   : [Consumer clientId=consumer-notification-service-group-1, groupId=notification-service-group] Node -1 disconnected.
2026-07-27T00:51:30.214+05:30  WARN 3640 --- [notification-service] [ntainer#0-0-C-1] org.apache.kafka.clients.NetworkClient   : [Consumer clientId=consumer-notification-service-group-1, groupId=notification-service-group] Connection to node -1 (localhost/127.0.0.1:9092) could not be established. Node may not be available.
2026-07-27T00:51:30.214+05:30  WARN 3640 --- [notification-service] [ntainer#0-0-C-1] org.apache.kafka.clients.NetworkClient   : [Consumer clientId=consumer-notification-service-group-1, groupId=notification-service-group] Bootstrap broker localhost:9092 (id: -1 rack: null) disconnected
2026-07-27T00:51:30.489+05:30  INFO 3640 --- [notification-service] [ntainer#1-0-C-1] org.apache.kafka.clients.NetworkClient   : [Consumer clientId=consumer-notification-service-group-2, groupId=notification-service-group] Node -1 disconnected.
2026-07-27T00:51:30.490+05:30  WARN 3640 --- [notification-service] [ntainer#1-0-C-1] org.apache.kafka.clients.NetworkClient   : [Consumer clientId=consumer-notification-service-group-2, groupId=notification-service-group] Connection to node -1 (localhost/127.0.0.1:9092) could not be established. Node may not be available.
2026-07-27T00:51:30.490+05:30  WARN 3640 --- [notification-service] [ntainer#1-0-C-1] org.apache.kafka.clients.NetworkClient   : [Consumer clientId=consumer-notification-service-group-2, groupId=notification-service-group] Bootstrap broker localhost:9092 (id: -1 rack: null) disconnected
2026-07-27T00:51:31.048+05:30  INFO 3640 --- [notification-service] [ntainer#0-0-C-1] org.apache.kafka.clients.NetworkClient   : [Consumer clientId=consumer-notification-service-group-1, groupId=notification-service-group] Node -1 disconnected.
2026-07-27T00:51:31.049+05:30  WARN 3640 --- [notification-service] [ntainer#0-0-C-1] org.apache.kafka.clients.NetworkClient   : [Consumer clientId=consumer-notification-service-group-1, groupId=notification-service-group] Connection to node -1 (localhost/127.0.0.1:9092) could not be established. Node may not be available.
2026-07-27T00:51:31.049+05:30  WARN 3640 --- [notification-service] [ntainer#0-0-C-1] org.apache.kafka.clients.NetworkClient   : [Consumer clientId=consumer-notification-service-group-1, groupId=notification-service-group] Bootstrap broker localhost:9092 (id: -1 rack: null) disconnected
2026-07-27T00:51:31.351+05:30  INFO 3640 --- [notification-service] [ntainer#1-0-C-1] org.apache.kafka.clients.NetworkClient   : [Consumer clientId=consumer-notification-service-group-2, groupId=notification-service-group] Node -1 disconnected.
2026-07-27T00:51:31.352+05:30  WARN 3640 --- [notification-service] [ntainer#1-0-C-1] org.apache.kafka.clients.NetworkClient   : [Consumer clientId=consumer-notification-service-group-2, groupId=notification-service-group] Connection to node -1 (localhost/127.0.0.1:9092) could not be established. Node may not be available.
2026-07-27T00:51:31.352+05:30  WARN 3640 --- [notification-service] [ntainer#1-0-C-1] org.apache.kafka.clients.NetworkClient   : [Consumer clientId=consumer-notification-service-group-2, groupId=notification-service-group] Bootstrap broker localhost:9092 (id: -1 rack: null) disconnected
2026-07-27T00:51:31.907+05:30  INFO 3640 --- [notification-service] [ntainer#0-0-C-1] org.apache.kafka.clients.NetworkClient   : [Consumer clientId=consumer-notification-service-group-1, groupId=notification-service-group] Node -1 disconnected.
2026-07-27T00:51:31.909+05:30  WARN 3640 --- [notification-service] [ntainer#0-0-C-1] org.apache.kafka.clients.NetworkClient   : [Consumer clientId=consumer-notification-service-group-1, groupId=notification-service-group] Connection to node -1 (localhost/127.0.0.1:9092) could not be established. Node may not be available.
2026-07-27T00:51:31.909+05:30  WARN 3640 --- [notification-service] [ntainer#0-0-C-1] org.apache.kafka.clients.NetworkClient   : [Consumer clientId=consumer-notification-service-group-1, groupId=notification-service-group] Bootstrap broker localhost:9092 (id: -1 rack: null) disconnected
2026-07-27T00:51:32.364+05:30  INFO 3640 --- [notification-service] [ntainer#1-0-C-1] org.apache.kafka.clients.NetworkClient   : [Consumer clientId=consumer-notification-service-group-2, groupId=notification-service-group] Node -1 disconnected.
2026-07-27T00:51:32.364+05:30  WARN 3640 --- [notification-service] [ntainer#1-0-C-1] org.apache.kafka.clients.NetworkClient   : [Consumer clientId=consumer-notification-service-group-2, groupId=notification-service-group] Connection to node -1 (localhost/127.0.0.1:9092) could not be established. Node may not be available.
2026-07-27T00:51:32.364+05:30  WARN 3640 --- [notification-service] [ntainer#1-0-C-1] org.apache.kafka.clients.NetworkClient   : [Consumer clientId=consumer-notification-service-group-2, groupId=notification-service-group] Bootstrap broker localhost:9092 (id: -1 rack: null) disconnected
2026-07-27T00:51:32.899+05:30  INFO 3640 --- [notification-service] [ntainer#0-0-C-1] org.apache.kafka.clients.NetworkClient   : [Consumer clientId=consumer-notification-service-group-1, groupId=notification-service-group] Node -1 disconnected.
2026-07-27T00:51:32.900+05:30  WARN 3640 --- [notification-service] [ntainer#0-0-C-1] org.apache.kafka.clients.NetworkClient   : [Consumer clientId=consumer-notification-service-group-1, groupId=notification-service-group] Connection to node -1 (localhost/127.0.0.1:9092) could not be established. Node may not be available.
2026-07-27T00:51:32.900+05:30  WARN 3640 --- [notification-service] [ntainer#0-0-C-1] org.apache.kafka.clients.NetworkClient   : [Consumer clientId=consumer-notification-service-group-1, groupId=notification-service-group] Bootstrap broker localhost:9092 (id: -1 rack: null) disconnected
2026-07-27T00:51:33.364+05:30  INFO 3640 --- [notification-service] [ntainer#1-0-C-1] org.apache.kafka.clients.NetworkClient   : [Consumer clientId=consumer-notification-service-group-2, groupId=notification-service-group] Node -1 disconnected.
2026-07-27T00:51:33.365+05:30  WARN 3640 --- [notification-service] [ntainer#1-0-C-1] org.apache.kafka.clients.NetworkClient   : [Consumer clientId=consumer-notification-service-group-2, groupId=notification-service-group] Connection to node -1 (localhost/127.0.0.1:9092) could not be established. Node may not be available.
2026-07-27T00:51:33.365+05:30  WARN 3640 --- [notification-service] [ntainer#1-0-C-1] org.apache.kafka.clients.NetworkClient   : [Consumer clientId=consumer-notification-service-group-2, groupId=notification-service-group] Bootstrap broker localhost:9092 (id: -1 rack: null) disconnected
2026-07-27T00:51:33.863+05:30  INFO 3640 --- [notification-service] [ntainer#0-0-C-1] org.apache.kafka.clients.NetworkClient   : [Consumer clientId=consumer-notification-service-group-1, groupId=notification-service-group] Node -1 disconnected.
2026-07-27T00:51:33.863+05:30  WARN 3640 --- [notification-service] [ntainer#0-0-C-1] org.apache.kafka.clients.NetworkClient   : [Consumer clientId=consumer-notification-service-group-1, groupId=notification-service-group] Connection to node -1 (localhost/127.0.0.1:9092) could not be established. Node may not be available.
2026-07-27T00:51:33.863+05:30  WARN 3640 --- [notification-service] [ntainer#0-0-C-1] org.apache.kafka.clients.NetworkClient   : [Consumer clientId=consumer-notification-service-group-1, groupId=notification-service-group] Bootstrap broker localhost:9092 (id: -1 rack: null) disconnected
2026-07-27T00:51:34.226+05:30  INFO 3640 --- [notification-service] [ntainer#1-0-C-1] org.apache.kafka.clients.NetworkClient   : [Consumer clientId=consumer-notification-service-group-2, groupId=notification-service-group] Node -1 disconnected.
2026-07-27T00:51:34.227+05:30  WARN 3640 --- [notification-service] [ntainer#1-0-C-1] org.apache.kafka.clients.NetworkClient   : [Consumer clientId=consumer-notification-service-group-2, groupId=notification-service-group] Connection to node -1 (localhost/127.0.0.1:9092) could not be established. Node may not be available.
2026-07-27T00:51:34.227+05:30  WARN 3640 --- [notification-service] [ntainer#1-0-C-1] org.apache.kafka.clients.NetworkClient   : [Consumer clientId=consumer-notification-service-group-2, groupId=notification-service-group] Bootstrap broker localhost:9092 (id: -1 rack: null) disconnected
2026-07-27T00:51:34.711+05:30  INFO 3640 --- [notification-service] [ntainer#0-0-C-1] org.apache.kafka.clients.NetworkClient   : [Consumer clientId=consumer-notification-service-group-1, groupId=notification-service-group] Node -1 disconnected.
2026-07-27T00:51:34.712+05:30  WARN 3640 --- [notification-service] [ntainer#0-0-C-1] org.apache.kafka.clients.NetworkClient   : [Consumer clientId=consumer-notification-service-group-1, groupId=notification-service-group] Connection to node -1 (localhost/127.0.0.1:9092) could not be established. Node may not be available.
2026-07-27T00:51:34.712+05:30  WARN 3640 --- [notification-service] [ntainer#0-0-C-1] org.apache.kafka.clients.NetworkClient   : [Consumer clientId=consumer-notification-service-group-1, groupId=notification-service-group] Bootstrap broker localhost:9092 (id: -1 rack: null) disconnected
2026-07-27T00:51:35.087+05:30  INFO 3640 --- [notification-service] [ntainer#1-0-C-1] org.apache.kafka.clients.NetworkClient   : [Consumer clientId=consumer-notification-service-group-2, groupId=notification-service-group] Node -1 disconnected.
2026-07-27T00:51:35.087+05:30  WARN 3640 --- [notification-service] [ntainer#1-0-C-1] org.apache.kafka.clients.NetworkClient   : [Consumer clientId=consumer-notification-service-group-2, groupId=notification-service-group] Connection to node -1 (localhost/127.0.0.1:9092) could not be established. Node may not be available.
2026-07-27T00:51:35.087+05:30  WARN 3640 --- [notification-service] [ntainer#1-0-C-1] org.apache.kafka.clients.NetworkClient   : [Consumer clientId=consumer-notification-service-group-2, groupId=notification-service-group] Bootstrap broker localhost:9092 (id: -1 rack: null) disconnected
2026-07-27T00:51:35.719+05:30  INFO 3640 --- [notification-service] [ntainer#0-0-C-1] org.apache.kafka.clients.NetworkClient   : [Consumer clientId=consumer-notification-service-group-1, groupId=notification-service-group] Node -1 disconnected.
2026-07-27T00:51:35.720+05:30  WARN 3640 --- [notification-service] [ntainer#0-0-C-1] org.apache.kafka.clients.NetworkClient   : [Consumer clientId=consumer-notification-service-group-1, groupId=notification-service-group] Connection to node -1 (localhost/127.0.0.1:9092) could not be established. Node may not be available.
2026-07-27T00:51:35.720+05:30  WARN 3640 --- [notification-service] [ntainer#0-0-C-1] org.apache.kafka.clients.NetworkClient   : [Consumer clientId=consumer-notification-service-group-1, groupId=notification-service-group] Bootstrap broker localhost:9092 (id: -1 rack: null) disconnected
2026-07-27T00:51:36.059+05:30  INFO 3640 --- [notification-service] [ntainer#1-0-C-1] org.apache.kafka.clients.NetworkClient   : [Consumer clientId=consumer-notification-service-group-2, groupId=notification-service-group] Node -1 disconnected.
2026-07-27T00:51:36.060+05:30  WARN 3640 --- [notification-service] [ntainer#1-0-C-1] org.apache.kafka.clients.NetworkClient   : [Consumer clientId=consumer-notification-service-group-2, groupId=notification-service-group] Connection to node -1 (localhost/127.0.0.1:9092) could not be established. Node may not be available.
2026-07-27T00:51:36.060+05:30  WARN 3640 --- [notification-service] [ntainer#1-0-C-1] org.apache.kafka.clients.NetworkClient   : [Consumer clientId=consumer-notification-service-group-2, groupId=notification-service-group] Bootstrap broker localhost:9092 (id: -1 rack: null) disconnected
2026-07-27T00:51:36.682+05:30  INFO 3640 --- [notification-service] [ntainer#0-0-C-1] org.apache.kafka.clients.NetworkClient   : [Consumer clientId=consumer-notification-service-group-1, groupId=notification-service-group] Node -1 disconnected.
2026-07-27T00:51:36.683+05:30  WARN 3640 --- [notification-service] [ntainer#0-0-C-1] org.apache.kafka.clients.NetworkClient   : [Consumer clientId=consumer-notification-service-group-1, groupId=notification-service-group] Connection to node -1 (localhost/127.0.0.1:9092) could not be established. Node may not be available.
2026-07-27T00:51:36.683+05:30  WARN 3640 --- [notification-service] [ntainer#0-0-C-1] org.apache.kafka.clients.NetworkClient   : [Consumer clientId=consumer-notification-service-group-1, groupId=notification-service-group] Bootstrap broker localhost:9092 (id: -1 rack: null) disconnected
2026-07-27T00:51:37.063+05:30  INFO 3640 --- [notification-service] [ntainer#1-0-C-1] org.apache.kafka.clients.NetworkClient   : [Consumer clientId=consumer-notification-service-group-2, groupId=notification-service-group] Node -1 disconnected.
2026-07-27T00:51:37.063+05:30  WARN 3640 --- [notification-service] [ntainer#1-0-C-1] org.apache.kafka.clients.NetworkClient   : [Consumer clientId=consumer-notification-service-group-2, groupId=notification-service-group] Connection to node -1 (localhost/127.0.0.1:9092) could not be established. Node may not be available.
2026-07-27T00:51:37.063+05:30  WARN 3640 --- [notification-service] [ntainer#1-0-C-1] org.apache.kafka.clients.NetworkClient   : [Consumer clientId=consumer-notification-service-group-2, groupId=notification-service-group] Bootstrap broker localhost:9092 (id: -1 rack: null) disconnected
2026-07-27T00:51:37.684+05:30  INFO 3640 --- [notification-service] [ntainer#0-0-C-1] org.apache.kafka.clients.NetworkClient   : [Consumer clientId=consumer-notification-service-group-1, groupId=notification-service-group] Node -1 disconnected.
2026-07-27T00:51:37.684+05:30  WARN 3640 --- [notification-service] [ntainer#0-0-C-1] org.apache.kafka.clients.NetworkClient   : [Consumer clientId=consumer-notification-service-group-1, groupId=notification-service-group] Connection to node -1 (localhost/127.0.0.1:9092) could not be established. Node may not be available.
2026-07-27T00:51:37.684+05:30  WARN 3640 --- [notification-service] [ntainer#0-0-C-1] org.apache.kafka.clients.NetworkClient   : [Consumer clientId=consumer-notification-service-group-1, groupId=notification-service-group] Bootstrap broker localhost:9092 (id: -1 rack: null) disconnected
2026-07-27T00:51:37.965+05:30  INFO 3640 --- [notification-service] [ntainer#1-0-C-1] org.apache.kafka.clients.NetworkClient   : [Consumer clientId=consumer-notification-service-group-2, groupId=notification-service-group] Node -1 disconnected.
2026-07-27T00:51:37.966+05:30  WARN 3640 --- [notification-service] [ntainer#1-0-C-1] org.apache.kafka.clients.NetworkClient   : [Consumer clientId=consumer-notification-service-group-2, groupId=notification-service-group] Connection to node -1 (localhost/127.0.0.1:9092) could not be established. Node may not be available.
2026-07-27T00:51:37.966+05:30  WARN 3640 --- [notification-service] [ntainer#1-0-C-1] org.apache.kafka.clients.NetworkClient   : [Consumer clientId=consumer-notification-service-group-2, groupId=notification-service-group] Bootstrap broker localhost:9092 (id: -1 rack: null) disconnected
2026-07-27T00:51:38.695+05:30  INFO 3640 --- [notification-service] [ntainer#0-0-C-1] org.apache.kafka.clients.NetworkClient   : [Consumer clientId=consumer-notification-service-group-1, groupId=notification-service-group] Node -1 disconnected.
2026-07-27T00:51:38.696+05:30  WARN 3640 --- [notification-service] [ntainer#0-0-C-1] org.apache.kafka.clients.NetworkClient   : [Consumer clientId=consumer-notification-service-group-1, groupId=notification-service-group] Connection to node -1 (localhost/127.0.0.1:9092) could not be established. Node may not be available.
2026-07-27T00:51:38.696+05:30  WARN 3640 --- [notification-service] [ntainer#0-0-C-1] org.apache.kafka.clients.NetworkClient   : [Consumer clientId=consumer-notification-service-group-1, groupId=notification-service-group] Bootstrap broker localhost:9092 (id: -1 rack: null) disconnected
2026-07-27T00:51:38.977+05:30  INFO 3640 --- [notification-service] [ntainer#1-0-C-1] org.apache.kafka.clients.NetworkClient   : [Consumer clientId=consumer-notification-service-group-2, groupId=notification-service-group] Node -1 disconnected.
2026-07-27T00:51:38.977+05:30  WARN 3640 --- [notification-service] [ntainer#1-0-C-1] org.apache.kafka.clients.NetworkClient   : [Consumer clientId=consumer-notification-service-group-2, groupId=notification-service-group] Connection to node -1 (localhost/127.0.0.1:9092) could not be established. Node may not be available.
2026-07-27T00:51:38.977+05:30  WARN 3640 --- [notification-service] [ntainer#1-0-C-1] org.apache.kafka.clients.NetworkClient   : [Consumer clientId=consumer-notification-service-group-2, groupId=notification-service-group] Bootstrap broker localhost:9092 (id: -1 rack: null) disconnected
2026-07-27T00:51:39.606+05:30  INFO 3640 --- [notification-service] [ntainer#0-0-C-1] org.apache.kafka.clients.NetworkClient   : [Consumer clientId=consumer-notification-service-group-1, groupId=notification-service-group] Node -1 disconnected.
2026-07-27T00:51:39.606+05:30  WARN 3640 --- [notification-service] [ntainer#0-0-C-1] org.apache.kafka.clients.NetworkClient   : [Consumer clientId=consumer-notification-service-group-1, groupId=notification-service-group] Connection to node -1 (localhost/127.0.0.1:9092) could not be established. Node may not be available.
2026-07-27T00:51:39.606+05:30  WARN 3640 --- [notification-service] [ntainer#0-0-C-1] org.apache.kafka.clients.NetworkClient   : [Consumer clientId=consumer-notification-service-group-1, groupId=notification-service-group] Bootstrap broker localhost:9092 (id: -1 rack: null) disconnected
2026-07-27T00:51:39.888+05:30  INFO 3640 --- [notification-service] [ntainer#1-0-C-1] org.apache.kafka.clients.NetworkClient   : [Consumer clientId=consumer-notification-service-group-2, groupId=notification-service-group] Node -1 disconnected.
2026-07-27T00:51:39.888+05:30  WARN 3640 --- [notification-service] [ntainer#1-0-C-1] org.apache.kafka.clients.NetworkClient   : [Consumer clientId=consumer-notification-service-group-2, groupId=notification-service-group] Connection to node -1 (localhost/127.0.0.1:9092) could not be established. Node may not be available.
2026-07-27T00:51:39.888+05:30  WARN 3640 --- [notification-service] [ntainer#1-0-C-1] org.apache.kafka.clients.NetworkClient   : [Consumer clientId=consumer-notification-service-group-2, groupId=notification-service-group] Bootstrap broker localhost:9092 (id: -1 rack: null) disconnected
2026-07-27T00:51:40.596+05:30  INFO 3640 --- [notification-service] [ntainer#0-0-C-1] org.apache.kafka.clients.NetworkClient   : [Consumer clientId=consumer-notification-service-group-1, groupId=notification-service-group] Node -1 disconnected.
2026-07-27T00:51:40.596+05:30  WARN 3640 --- [notification-service] [ntainer#0-0-C-1] org.apache.kafka.clients.NetworkClient   : [Consumer clientId=consumer-notification-service-group-1, groupId=notification-service-group] Connection to node -1 (localhost/127.0.0.1:9092) could not be established. Node may not be available.
2026-07-27T00:51:40.596+05:30  WARN 3640 --- [notification-service] [ntainer#0-0-C-1] org.apache.kafka.clients.NetworkClient   : [Consumer clientId=consumer-notification-service-group-1, groupId=notification-service-group] Bootstrap broker localhost:9092 (id: -1 rack: null) disconnected
2026-07-27T00:51:40.789+05:30  INFO 3640 --- [notification-service] [ntainer#1-0-C-1] org.apache.kafka.clients.NetworkClient   : [Consumer clientId=consumer-notification-service-group-2, groupId=notification-service-group] Node -1 disconnected.
2026-07-27T00:51:40.789+05:30  WARN 3640 --- [notification-service] [ntainer#1-0-C-1] org.apache.kafka.clients.NetworkClient   : [Consumer clientId=consumer-notification-service-group-2, groupId=notification-service-group] Connection to node -1 (localhost/127.0.0.1:9092) could not be established. Node may not be available.
2026-07-27T00:51:40.789+05:30  WARN 3640 --- [notification-service] [ntainer#1-0-C-1] org.apache.kafka.clients.NetworkClient   : [Consumer clientId=consumer-notification-service-group-2, groupId=notification-service-group] Bootstrap broker localhost:9092 (id: -1 rack: null) disconnected
2026-07-27T00:51:41.609+05:30  INFO 3640 --- [notification-service] [ntainer#0-0-C-1] org.apache.kafka.clients.NetworkClient   : [Consumer clientId=consumer-notification-service-group-1, groupId=notification-service-group] Node -1 disconnected.
2026-07-27T00:51:41.609+05:30  WARN 3640 --- [notification-service] [ntainer#0-0-C-1] org.apache.kafka.clients.NetworkClient   : [Consumer clientId=consumer-notification-service-group-1, groupId=notification-service-group] Connection to node -1 (localhost/127.0.0.1:9092) could not be established. Node may not be available.
2026-07-27T00:51:41.609+05:30  WARN 3640 --- [notification-service] [ntainer#0-0-C-1] org.apache.kafka.clients.NetworkClient   : [Consumer clientId=consumer-notification-service-group-1, groupId=notification-service-group] Bootstrap broker localhost:9092 (id: -1 rack: null) disconnected
2026-07-27T00:51:41.802+05:30  INFO 3640 --- [notification-service] [ntainer#1-0-C-1] org.apache.kafka.clients.NetworkClient   : [Consumer clientId=consumer-notification-service-group-2, groupId=notification-service-group] Node -1 disconnected.
2026-07-27T00:51:41.804+05:30  WARN 3640 --- [notification-service] [ntainer#1-0-C-1] org.apache.kafka.clients.NetworkClient   : [Consumer clientId=consumer-notification-service-group-2, groupId=notification-service-group] Connection to node -1 (localhost/127.0.0.1:9092) could not be established. Node may not be available.
2026-07-27T00:51:41.805+05:30  WARN 3640 --- [notification-service] [ntainer#1-0-C-1] org.apache.kafka.clients.NetworkClient   : [Consumer clientId=consumer-notification-service-group-2, groupId=notification-service-group] Bootstrap broker localhost:9092 (id: -1 rack: null) disconnected
2026-07-27T00:51:42.624+05:30  INFO 3640 --- [notification-service] [ntainer#0-0-C-1] org.apache.kafka.clients.NetworkClient   : [Consumer clientId=consumer-notification-service-group-1, groupId=notification-service-group] Node -1 disconnected.
2026-07-27T00:51:42.624+05:30  WARN 3640 --- [notification-service] [ntainer#0-0-C-1] org.apache.kafka.clients.NetworkClient   : [Consumer clientId=consumer-notification-service-group-1, groupId=notification-service-group] Connection to node -1 (localhost/127.0.0.1:9092) could not be established. Node may not be available.
2026-07-27T00:51:42.624+05:30  WARN 3640 --- [notification-service] [ntainer#0-0-C-1] org.apache.kafka.clients.NetworkClient   : [Consumer clientId=consumer-notification-service-group-1, groupId=notification-service-group] Bootstrap broker localhost:9092 (id: -1 rack: null) disconnected
2026-07-27T00:51:42.820+05:30  INFO 3640 --- [notification-service] [ntainer#1-0-C-1] org.apache.kafka.clients.NetworkClient   : [Consumer clientId=consumer-notification-service-group-2, groupId=notification-service-group] Node -1 disconnected.
2026-07-27T00:51:42.820+05:30  WARN 3640 --- [notification-service] [ntainer#1-0-C-1] org.apache.kafka.clients.NetworkClient   : [Consumer clientId=consumer-notification-service-group-2, groupId=notification-service-group] Connection to node -1 (localhost/127.0.0.1:9092) could not be established. Node may not be available.
2026-07-27T00:51:42.820+05:30  WARN 3640 --- [notification-service] [ntainer#1-0-C-1] org.apache.kafka.clients.NetworkClient   : [Consumer clientId=consumer-notification-service-group-2, groupId=notification-service-group] Bootstrap broker localhost:9092 (id: -1 rack: null) disconnected
2026-07-27T00:51:43.569+05:30  INFO 3640 --- [notification-service] [ntainer#0-0-C-1] org.apache.kafka.clients.NetworkClient   : [Consumer clientId=consumer-notification-service-group-1, groupId=notification-service-group] Node -1 disconnected.
2026-07-27T00:51:43.569+05:30  WARN 3640 --- [notification-service] [ntainer#0-0-C-1] org.apache.kafka.clients.NetworkClient   : [Consumer clientId=consumer-notification-service-group-1, groupId=notification-service-group] Connection to node -1 (localhost/127.0.0.1:9092) could not be established. Node may not be available.
2026-07-27T00:51:43.569+05:30  WARN 3640 --- [notification-service] [ntainer#0-0-C-1] org.apache.kafka.clients.NetworkClient   : [Consumer clientId=consumer-notification-service-group-1, groupId=notification-service-group] Bootstrap broker localhost:9092 (id: -1 rack: null) disconnected
2026-07-27T00:51:43.730+05:30  INFO 3640 --- [notification-service] [ntainer#1-0-C-1] org.apache.kafka.clients.NetworkClient   : [Consumer clientId=consumer-notification-service-group-2, groupId=notification-service-group] Node -1 disconnected.
2026-07-27T00:51:43.730+05:30  WARN 3640 --- [notification-service] [ntainer#1-0-C-1] org.apache.kafka.clients.NetworkClient   : [Consumer clientId=consumer-notification-service-group-2, groupId=notification-service-group] Connection to node -1 (localhost/127.0.0.1:9092) could not be established. Node may not be available.
2026-07-27T00:51:43.730+05:30  WARN 3640 --- [notification-service] [ntainer#1-0-C-1] org.apache.kafka.clients.NetworkClient   : [Consumer clientId=consumer-notification-service-group-2, groupId=notification-service-group] Bootstrap broker localhost:9092 (id: -1 rack: null) disconnected
2026-07-27T00:51:44.444+05:30  INFO 3640 --- [notification-service] [ntainer#0-0-C-1] org.apache.kafka.clients.NetworkClient   : [Consumer clientId=consumer-notification-service-group-1, groupId=notification-service-group] Node -1 disconnected.
2026-07-27T00:51:44.444+05:30  WARN 3640 --- [notification-service] [ntainer#0-0-C-1] org.apache.kafka.clients.NetworkClient   : [Consumer clientId=consumer-notification-service-group-1, groupId=notification-service-group] Connection to node -1 (localhost/127.0.0.1:9092) could not be established. Node may not be available.
2026-07-27T00:51:44.444+05:30  WARN 3640 --- [notification-service] [ntainer#0-0-C-1] org.apache.kafka.clients.NetworkClient   : [Consumer clientId=consumer-notification-service-group-1, groupId=notification-service-group] Bootstrap broker localhost:9092 (id: -1 rack: null) disconnected
2026-07-27T00:51:44.731+05:30  INFO 3640 --- [notification-service] [ntainer#1-0-C-1] org.apache.kafka.clients.NetworkClient   : [Consumer clientId=consumer-notification-service-group-2, groupId=notification-service-group] Node -1 disconnected.
2026-07-27T00:51:44.732+05:30  WARN 3640 --- [notification-service] [ntainer#1-0-C-1] org.apache.kafka.clients.NetworkClient   : [Consumer clientId=consumer-notification-service-group-2, groupId=notification-service-group] Connection to node -1 (localhost/127.0.0.1:9092) could not be established. Node may not be available.
2026-07-27T00:51:44.733+05:30  WARN 3640 --- [notification-service] [ntainer#1-0-C-1] org.apache.kafka.clients.NetworkClient   : [Consumer clientId=consumer-notification-service-group-2, groupId=notification-service-group] Bootstrap broker localhost:9092 (id: -1 rack: null) disconnected
2026-07-27T00:51:45.485+05:30  INFO 3640 --- [notification-service] [ntainer#0-0-C-1] org.apache.kafka.clients.NetworkClient   : [Consumer clientId=consumer-notification-service-group-1, groupId=notification-service-group] Node -1 disconnected.
2026-07-27T00:51:45.485+05:30  WARN 3640 --- [notification-service] [ntainer#0-0-C-1] org.apache.kafka.clients.NetworkClient   : [Consumer clientId=consumer-notification-service-group-1, groupId=notification-service-group] Connection to node -1 (localhost/127.0.0.1:9092) could not be established. Node may not be available.
2026-07-27T00:51:45.485+05:30  WARN 3640 --- [notification-service] [ntainer#0-0-C-1] org.apache.kafka.clients.NetworkClient   : [Consumer clientId=consumer-notification-service-group-1, groupId=notification-service-group] Bootstrap broker localhost:9092 (id: -1 rack: null) disconnected
2026-07-27T00:51:45.774+05:30  INFO 3640 --- [notification-service] [ntainer#1-0-C-1] org.apache.kafka.clients.NetworkClient   : [Consumer clientId=consumer-notification-service-group-2, groupId=notification-service-group] Node -1 disconnected.
2026-07-27T00:51:45.775+05:30  WARN 3640 --- [notification-service] [ntainer#1-0-C-1] org.apache.kafka.clients.NetworkClient   : [Consumer clientId=consumer-notification-service-group-2, groupId=notification-service-group] Connection to node -1 (localhost/127.0.0.1:9092) could not be established. Node may not be available.
2026-07-27T00:51:45.775+05:30  WARN 3640 --- [notification-service] [ntainer#1-0-C-1] org.apache.kafka.clients.NetworkClient   : [Consumer clientId=consumer-notification-service-group-2, groupId=notification-service-group] Bootstrap broker localhost:9092 (id: -1 rack: null) disconnected
2026-07-27T00:51:46.424+05:30  INFO 3640 --- [notification-service] [ntainer#0-0-C-1] org.apache.kafka.clients.NetworkClient   : [Consumer clientId=consumer-notification-service-group-1, groupId=notification-service-group] Node -1 disconnected.
2026-07-27T00:51:46.425+05:30  WARN 3640 --- [notification-service] [ntainer#0-0-C-1] org.apache.kafka.clients.NetworkClient   : [Consumer clientId=consumer-notification-service-group-1, groupId=notification-service-group] Connection to node -1 (localhost/127.0.0.1:9092) could not be established. Node may not be available.
2026-07-27T00:51:46.425+05:30  WARN 3640 --- [notification-service] [ntainer#0-0-C-1] org.apache.kafka.clients.NetworkClient   : [Consumer clientId=consumer-notification-service-group-1, groupId=notification-service-group] Bootstrap broker localhost:9092 (id: -1 rack: null) disconnected
2026-07-27T00:51:46.776+05:30  INFO 3640 --- [notification-service] [ntainer#1-0-C-1] org.apache.kafka.clients.NetworkClient   : [Consumer clientId=consumer-notification-service-group-2, groupId=notification-service-group] Node -1 disconnected.
2026-07-27T00:51:46.776+05:30  WARN 3640 --- [notification-service] [ntainer#1-0-C-1] org.apache.kafka.clients.NetworkClient   : [Consumer clientId=consumer-notification-service-group-2, groupId=notification-service-group] Connection to node -1 (localhost/127.0.0.1:9092) could not be established. Node may not be available.
2026-07-27T00:51:46.776+05:30  WARN 3640 --- [notification-service] [ntainer#1-0-C-1] org.apache.kafka.clients.NetworkClient   : [Consumer clientId=consumer-notification-service-group-2, groupId=notification-service-group] Bootstrap broker localhost:9092 (id: -1 rack: null) disconnected
2026-07-27T00:51:47.426+05:30  INFO 3640 --- [notification-service] [ntainer#0-0-C-1] org.apache.kafka.clients.NetworkClient   : [Consumer clientId=consumer-notification-service-group-1, groupId=notification-service-group] Node -1 disconnected.
2026-07-27T00:51:47.427+05:30  WARN 3640 --- [notification-service] [ntainer#0-0-C-1] org.apache.kafka.clients.NetworkClient   : [Consumer clientId=consumer-notification-service-group-1, groupId=notification-service-group] Connection to node -1 (localhost/127.0.0.1:9092) could not be established. Node may not be available.
2026-07-27T00:51:47.427+05:30  WARN 3640 --- [notification-service] [ntainer#0-0-C-1] org.apache.kafka.clients.NetworkClient   : [Consumer clientId=consumer-notification-service-group-1, groupId=notification-service-group] Bootstrap broker localhost:9092 (id: -1 rack: null) disconnected
2026-07-27T00:51:47.790+05:30  INFO 3640 --- [notification-service] [ntainer#1-0-C-1] org.apache.kafka.clients.NetworkClient   : [Consumer clientId=consumer-notification-service-group-2, groupId=notification-service-group] Node -1 disconnected.
2026-07-27T00:51:47.790+05:30  WARN 3640 --- [notification-service] [ntainer#1-0-C-1] org.apache.kafka.clients.NetworkClient   : [Consumer clientId=consumer-notification-service-group-2, groupId=notification-service-group] Connection to node -1 (localhost/127.0.0.1:9092) could not be established. Node may not be available.
2026-07-27T00:51:47.792+05:30  WARN 3640 --- [notification-service] [ntainer#1-0-C-1] org.apache.kafka.clients.NetworkClient   : [Consumer clientId=consumer-notification-service-group-2, groupId=notification-service-group] Bootstrap broker localhost:9092 (id: -1 rack: null) disconnected
2026-07-27T00:51:48.425+05:30  INFO 3640 --- [notification-service] [ntainer#0-0-C-1] org.apache.kafka.clients.NetworkClient   : [Consumer clientId=consumer-notification-service-group-1, groupId=notification-service-group] Node -1 disconnected.
2026-07-27T00:51:48.425+05:30  WARN 3640 --- [notification-service] [ntainer#0-0-C-1] org.apache.kafka.clients.NetworkClient   : [Consumer clientId=consumer-notification-service-group-1, groupId=notification-service-group] Connection to node -1 (localhost/127.0.0.1:9092) could not be established. Node may not be available.
2026-07-27T00:51:48.425+05:30  WARN 3640 --- [notification-service] [ntainer#0-0-C-1] org.apache.kafka.clients.NetworkClient   : [Consumer clientId=consumer-notification-service-group-1, groupId=notification-service-group] Bootstrap broker localhost:9092 (id: -1 rack: null) disconnected
2026-07-27T00:51:48.653+05:30  INFO 3640 --- [notification-service] [ntainer#1-0-C-1] org.apache.kafka.clients.NetworkClient   : [Consumer clientId=consumer-notification-service-group-2, groupId=notification-service-group] Node -1 disconnected.
2026-07-27T00:51:48.653+05:30  WARN 3640 --- [notification-service] [ntainer#1-0-C-1] org.apache.kafka.clients.NetworkClient   : [Consumer clientId=consumer-notification-service-group-2, groupId=notification-service-group] Connection to node -1 (localhost/127.0.0.1:9092) could not be established. Node may not be available.
2026-07-27T00:51:48.653+05:30  WARN 3640 --- [notification-service] [ntainer#1-0-C-1] org.apache.kafka.clients.NetworkClient   : [Consumer clientId=consumer-notification-service-group-2, groupId=notification-service-group] Bootstrap broker localhost:9092 (id: -1 rack: null) disconnected
2026-07-27T00:51:49.323+05:30  INFO 3640 --- [notification-service] [ntainer#0-0-C-1] org.apache.kafka.clients.NetworkClient   : [Consumer clientId=consumer-notification-service-group-1, groupId=notification-service-group] Node -1 disconnected.
2026-07-27T00:51:49.324+05:30  WARN 3640 --- [notification-service] [ntainer#0-0-C-1] org.apache.kafka.clients.NetworkClient   : [Consumer clientId=consumer-notification-service-group-1, groupId=notification-service-group] Connection to node -1 (localhost/127.0.0.1:9092) could not be established. Node may not be available.
2026-07-27T00:51:49.324+05:30  WARN 3640 --- [notification-service] [ntainer#0-0-C-1] org.apache.kafka.clients.NetworkClient   : [Consumer clientId=consumer-notification-service-group-1, groupId=notification-service-group] Bootstrap broker localhost:9092 (id: -1 rack: null) disconnected
2026-07-27T00:51:49.703+05:30  INFO 3640 --- [notification-service] [ntainer#1-0-C-1] org.apache.kafka.clients.NetworkClient   : [Consumer clientId=consumer-notification-service-group-2, groupId=notification-service-group] Node -1 disconnected.
2026-07-27T00:51:49.703+05:30  WARN 3640 --- [notification-service] [ntainer#1-0-C-1] org.apache.kafka.clients.NetworkClient   : [Consumer clientId=consumer-notification-service-group-2, groupId=notification-service-group] Connection to node -1 (localhost/127.0.0.1:9092) could not be established. Node may not be available.
2026-07-27T00:51:49.704+05:30  WARN 3640 --- [notification-service] [ntainer#1-0-C-1] org.apache.kafka.clients.NetworkClient   : [Consumer clientId=consumer-notification-service-group-2, groupId=notification-service-group] Bootstrap broker localhost:9092 (id: -1 rack: null) disconnected
2026-07-27T00:51:50.348+05:30  INFO 3640 --- [notification-service] [ntainer#0-0-C-1] org.apache.kafka.clients.NetworkClient   : [Consumer clientId=consumer-notification-service-group-1, groupId=notification-service-group] Node -1 disconnected.
2026-07-27T00:51:50.348+05:30  WARN 3640 --- [notification-service] [ntainer#0-0-C-1] org.apache.kafka.clients.NetworkClient   : [Consumer clientId=consumer-notification-service-group-1, groupId=notification-service-group] Connection to node -1 (localhost/127.0.0.1:9092) could not be established. Node may not be available.
2026-07-27T00:51:50.348+05:30  WARN 3640 --- [notification-service] [ntainer#0-0-C-1] org.apache.kafka.clients.NetworkClient   : [Consumer clientId=consumer-notification-service-group-1, groupId=notification-service-group] Bootstrap broker localhost:9092 (id: -1 rack: null) disconnected
2026-07-27T00:51:50.726+05:30  INFO 3640 --- [notification-service] [ntainer#1-0-C-1] org.apache.kafka.clients.NetworkClient   : [Consumer clientId=consumer-notification-service-group-2, groupId=notification-service-group] Node -1 disconnected.
2026-07-27T00:51:50.727+05:30  WARN 3640 --- [notification-service] [ntainer#1-0-C-1] org.apache.kafka.clients.NetworkClient   : [Consumer clientId=consumer-notification-service-group-2, groupId=notification-service-group] Connection to node -1 (localhost/127.0.0.1:9092) could not be established. Node may not be available.
2026-07-27T00:51:50.727+05:30  WARN 3640 --- [notification-service] [ntainer#1-0-C-1] org.apache.kafka.clients.NetworkClient   : [Consumer clientId=consumer-notification-service-group-2, groupId=notification-service-group] Bootstrap broker localhost:9092 (id: -1 rack: null) disconnected
2026-07-27T00:51:51.357+05:30  INFO 3640 --- [notification-service] [ntainer#0-0-C-1] org.apache.kafka.clients.NetworkClient   : [Consumer clientId=consumer-notification-service-group-1, groupId=notification-service-group] Node -1 disconnected.
2026-07-27T00:51:51.357+05:30  WARN 3640 --- [notification-service] [ntainer#0-0-C-1] org.apache.kafka.clients.NetworkClient   : [Consumer clientId=consumer-notification-service-group-1, groupId=notification-service-group] Connection to node -1 (localhost/127.0.0.1:9092) could not be established. Node may not be available.
2026-07-27T00:51:51.357+05:30  WARN 3640 --- [notification-service] [ntainer#0-0-C-1] org.apache.kafka.clients.NetworkClient   : [Consumer clientId=consumer-notification-service-group-1, groupId=notification-service-group] Bootstrap broker localhost:9092 (id: -1 rack: null) disconnected
2026-07-27T00:51:51.727+05:30  INFO 3640 --- [notification-service] [ntainer#1-0-C-1] org.apache.kafka.clients.NetworkClient   : [Consumer clientId=consumer-notification-service-group-2, groupId=notification-service-group] Node -1 disconnected.
2026-07-27T00:51:51.727+05:30  WARN 3640 --- [notification-service] [ntainer#1-0-C-1] org.apache.kafka.clients.NetworkClient   : [Consumer clientId=consumer-notification-service-group-2, groupId=notification-service-group] Connection to node -1 (localhost/127.0.0.1:9092) could not be established. Node may not be available.
2026-07-27T00:51:51.727+05:30  WARN 3640 --- [notification-service] [ntainer#1-0-C-1] org.apache.kafka.clients.NetworkClient   : [Consumer clientId=consumer-notification-service-group-2, groupId=notification-service-group] Bootstrap broker localhost:9092 (id: -1 rack: null) disconnected
2026-07-27T00:51:52.220+05:30  INFO 3640 --- [notification-service] [ntainer#0-0-C-1] org.apache.kafka.clients.NetworkClient   : [Consumer clientId=consumer-notification-service-group-1, groupId=notification-service-group] Node -1 disconnected.
2026-07-27T00:51:52.221+05:30  WARN 3640 --- [notification-service] [ntainer#0-0-C-1] org.apache.kafka.clients.NetworkClient   : [Consumer clientId=consumer-notification-service-group-1, groupId=notification-service-group] Connection to node -1 (localhost/127.0.0.1:9092) could not be established. Node may not be available.
2026-07-27T00:51:52.221+05:30  WARN 3640 --- [notification-service] [ntainer#0-0-C-1] org.apache.kafka.clients.NetworkClient   : [Consumer clientId=consumer-notification-service-group-1, groupId=notification-service-group] Bootstrap broker localhost:9092 (id: -1 rack: null) disconnected
2026-07-27T00:51:52.731+05:30  INFO 3640 --- [notification-service] [ntainer#1-0-C-1] org.apache.kafka.clients.NetworkClient   : [Consumer clientId=consumer-notification-service-group-2, groupId=notification-service-group] Node -1 disconnected.
2026-07-27T00:51:52.732+05:30  WARN 3640 --- [notification-service] [ntainer#1-0-C-1] org.apache.kafka.clients.NetworkClient   : [Consumer clientId=consumer-notification-service-group-2, groupId=notification-service-group] Connection to node -1 (localhost/127.0.0.1:9092) could not be established. Node may not be available.
2026-07-27T00:51:52.732+05:30  WARN 3640 --- [notification-service] [ntainer#1-0-C-1] org.apache.kafka.clients.NetworkClient   : [Consumer clientId=consumer-notification-service-group-2, groupId=notification-service-group] Bootstrap broker localhost:9092 (id: -1 rack: null) disconnected
2026-07-27T00:51:53.183+05:30  INFO 3640 --- [notification-service] [ntainer#0-0-C-1] org.apache.kafka.clients.NetworkClient   : [Consumer clientId=consumer-notification-service-group-1, groupId=notification-service-group] Node -1 disconnected.
2026-07-27T00:51:53.183+05:30  WARN 3640 --- [notification-service] [ntainer#0-0-C-1] org.apache.kafka.clients.NetworkClient   : [Consumer clientId=consumer-notification-service-group-1, groupId=notification-service-group] Connection to node -1 (localhost/127.0.0.1:9092) could not be established. Node may not be available.
2026-07-27T00:51:53.183+05:30  WARN 3640 --- [notification-service] [ntainer#0-0-C-1] org.apache.kafka.clients.NetworkClient   : [Consumer clientId=consumer-notification-service-group-1, groupId=notification-service-group] Bootstrap broker localhost:9092 (id: -1 rack: null) disconnected
2026-07-27T00:51:53.732+05:30  INFO 3640 --- [notification-service] [ntainer#1-0-C-1] org.apache.kafka.clients.NetworkClient   : [Consumer clientId=consumer-notification-service-group-2, groupId=notification-service-group] Node -1 disconnected.
2026-07-27T00:51:53.733+05:30  WARN 3640 --- [notification-service] [ntainer#1-0-C-1] org.apache.kafka.clients.NetworkClient   : [Consumer clientId=consumer-notification-service-group-2, groupId=notification-service-group] Connection to node -1 (localhost/127.0.0.1:9092) could not be established. Node may not be available.
2026-07-27T00:51:53.733+05:30  WARN 3640 --- [notification-service] [ntainer#1-0-C-1] org.apache.kafka.clients.NetworkClient   : [Consumer clientId=consumer-notification-service-group-2, groupId=notification-service-group] Bootstrap broker localhost:9092 (id: -1 rack: null) disconnected
2026-07-27T00:51:54.028+05:30  INFO 3640 --- [notification-service] [ntainer#0-0-C-1] org.apache.kafka.clients.NetworkClient   : [Consumer clientId=consumer-notification-service-group-1, groupId=notification-service-group] Node -1 disconnected.
2026-07-27T00:51:54.028+05:30  WARN 3640 --- [notification-service] [ntainer#0-0-C-1] org.apache.kafka.clients.NetworkClient   : [Consumer clientId=consumer-notification-service-group-1, groupId=notification-service-group] Connection to node -1 (localhost/127.0.0.1:9092) could not be established. Node may not be available.
2026-07-27T00:51:54.028+05:30  WARN 3640 --- [notification-service] [ntainer#0-0-C-1] org.apache.kafka.clients.NetworkClient   : [Consumer clientId=consumer-notification-service-group-1, groupId=notification-service-group] Bootstrap broker localhost:9092 (id: -1 rack: null) disconnected
2026-07-27T00:51:54.733+05:30  INFO 3640 --- [notification-service] [ntainer#1-0-C-1] org.apache.kafka.clients.NetworkClient   : [Consumer clientId=consumer-notification-service-group-2, groupId=notification-service-group] Node -1 disconnected.
2026-07-27T00:51:54.733+05:30  WARN 3640 --- [notification-service] [ntainer#1-0-C-1] org.apache.kafka.clients.NetworkClient   : [Consumer clientId=consumer-notification-service-group-2, groupId=notification-service-group] Connection to node -1 (localhost/127.0.0.1:9092) could not be established. Node may not be available.
2026-07-27T00:51:54.733+05:30  WARN 3640 --- [notification-service] [ntainer#1-0-C-1] org.apache.kafka.clients.NetworkClient   : [Consumer clientId=consumer-notification-service-group-2, groupId=notification-service-group] Bootstrap broker localhost:9092 (id: -1 rack: null) disconnected
2026-07-27T00:51:55.038+05:30  INFO 3640 --- [notification-service] [ntainer#0-0-C-1] org.apache.kafka.clients.NetworkClient   : [Consumer clientId=consumer-notification-service-group-1, groupId=notification-service-group] Node -1 disconnected.
2026-07-27T00:51:55.038+05:30  WARN 3640 --- [notification-service] [ntainer#0-0-C-1] org.apache.kafka.clients.NetworkClient   : [Consumer clientId=consumer-notification-service-group-1, groupId=notification-service-group] Connection to node -1 (localhost/127.0.0.1:9092) could not be established. Node may not be available.
2026-07-27T00:51:55.038+05:30  WARN 3640 --- [notification-service] [ntainer#0-0-C-1] org.apache.kafka.clients.NetworkClient   : [Consumer clientId=consumer-notification-service-group-1, groupId=notification-service-group] Bootstrap broker localhost:9092 (id: -1 rack: null) disconnected
2026-07-27T00:51:55.710+05:30  INFO 3640 --- [notification-service] [ntainer#1-0-C-1] org.apache.kafka.clients.NetworkClient   : [Consumer clientId=consumer-notification-service-group-2, groupId=notification-service-group] Node -1 disconnected.
2026-07-27T00:51:55.711+05:30  WARN 3640 --- [notification-service] [ntainer#1-0-C-1] org.apache.kafka.clients.NetworkClient   : [Consumer clientId=consumer-notification-service-group-2, groupId=notification-service-group] Connection to node -1 (localhost/127.0.0.1:9092) could not be established. Node may not be available.
2026-07-27T00:51:55.711+05:30  WARN 3640 --- [notification-service] [ntainer#1-0-C-1] org.apache.kafka.clients.NetworkClient   : [Consumer clientId=consumer-notification-service-group-2, groupId=notification-service-group] Bootstrap broker localhost:9092 (id: -1 rack: null) disconnected
2026-07-27T00:51:55.897+05:30  INFO 3640 --- [notification-service] [ntainer#0-0-C-1] org.apache.kafka.clients.NetworkClient   : [Consumer clientId=consumer-notification-service-group-1, groupId=notification-service-group] Node -1 disconnected.
2026-07-27T00:51:55.897+05:30  WARN 3640 --- [notification-service] [ntainer#0-0-C-1] org.apache.kafka.clients.NetworkClient   : [Consumer clientId=consumer-notification-service-group-1, groupId=notification-service-group] Connection to node -1 (localhost/127.0.0.1:9092) could not be established. Node may not be available.
2026-07-27T00:51:55.897+05:30  WARN 3640 --- [notification-service] [ntainer#0-0-C-1] org.apache.kafka.clients.NetworkClient   : [Consumer clientId=consumer-notification-service-group-1, groupId=notification-service-group] Bootstrap broker localhost:9092 (id: -1 rack: null) disconnected
2026-07-27T00:51:56.624+05:30  INFO 3640 --- [notification-service] [ntainer#1-0-C-1] org.apache.kafka.clients.NetworkClient   : [Consumer clientId=consumer-notification-service-group-2, groupId=notification-service-group] Node -1 disconnected.
2026-07-27T00:51:56.625+05:30  WARN 3640 --- [notification-service] [ntainer#1-0-C-1] org.apache.kafka.clients.NetworkClient   : [Consumer clientId=consumer-notification-service-group-2, groupId=notification-service-group] Connection to node -1 (localhost/127.0.0.1:9092) could not be established. Node may not be available.
2026-07-27T00:51:56.625+05:30  WARN 3640 --- [notification-service] [ntainer#1-0-C-1] org.apache.kafka.clients.NetworkClient   : [Consumer clientId=consumer-notification-service-group-2, groupId=notification-service-group] Bootstrap broker localhost:9092 (id: -1 rack: null) disconnected
2026-07-27T00:51:56.941+05:30  INFO 3640 --- [notification-service] [ntainer#0-0-C-1] org.apache.kafka.clients.NetworkClient   : [Consumer clientId=consumer-notification-service-group-1, groupId=notification-service-group] Node -1 disconnected.
2026-07-27T00:51:56.941+05:30  WARN 3640 --- [notification-service] [ntainer#0-0-C-1] org.apache.kafka.clients.NetworkClient   : [Consumer clientId=consumer-notification-service-group-1, groupId=notification-service-group] Connection to node -1 (localhost/127.0.0.1:9092) could not be established. Node may not be available.
2026-07-27T00:51:56.941+05:30  WARN 3640 --- [notification-service] [ntainer#0-0-C-1] org.apache.kafka.clients.NetworkClient   : [Consumer clientId=consumer-notification-service-group-1, groupId=notification-service-group] Bootstrap broker localhost:9092 (id: -1 rack: null) disconnected
2026-07-27T00:51:57.625+05:30  INFO 3640 --- [notification-service] [ntainer#1-0-C-1] org.apache.kafka.clients.NetworkClient   : [Consumer clientId=consumer-notification-service-group-2, groupId=notification-service-group] Node -1 disconnected.
2026-07-27T00:51:57.626+05:30  WARN 3640 --- [notification-service] [ntainer#1-0-C-1] org.apache.kafka.clients.NetworkClient   : [Consumer clientId=consumer-notification-service-group-2, groupId=notification-service-group] Connection to node -1 (localhost/127.0.0.1:9092) could not be established. Node may not be available.
2026-07-27T00:51:57.626+05:30  WARN 3640 --- [notification-service] [ntainer#1-0-C-1] org.apache.kafka.clients.NetworkClient   : [Consumer clientId=consumer-notification-service-group-2, groupId=notification-service-group] Bootstrap broker localhost:9092 (id: -1 rack: null) disconnected
2026-07-27T00:51:57.897+05:30  INFO 3640 --- [notification-service] [ntainer#0-0-C-1] org.apache.kafka.clients.NetworkClient   : [Consumer clientId=consumer-notification-service-group-1, groupId=notification-service-group] Node -1 disconnected.
2026-07-27T00:51:57.897+05:30  WARN 3640 --- [notification-service] [ntainer#0-0-C-1] org.apache.kafka.clients.NetworkClient   : [Consumer clientId=consumer-notification-service-group-1, groupId=notification-service-group] Connection to node -1 (localhost/127.0.0.1:9092) could not be established. Node may not be available.
2026-07-27T00:51:57.897+05:30  WARN 3640 --- [notification-service] [ntainer#0-0-C-1] org.apache.kafka.clients.NetworkClient   : [Consumer clientId=consumer-notification-service-group-1, groupId=notification-service-group] Bootstrap broker localhost:9092 (id: -1 rack: null) disconnected
2026-07-27T00:51:58.626+05:30  INFO 3640 --- [notification-service] [ntainer#1-0-C-1] org.apache.kafka.clients.NetworkClient   : [Consumer clientId=consumer-notification-service-group-2, groupId=notification-service-group] Node -1 disconnected.
2026-07-27T00:51:58.626+05:30  WARN 3640 --- [notification-service] [ntainer#1-0-C-1] org.apache.kafka.clients.NetworkClient   : [Consumer clientId=consumer-notification-service-group-2, groupId=notification-service-group] Connection to node -1 (localhost/127.0.0.1:9092) could not be established. Node may not be available.
2026-07-27T00:51:58.626+05:30  WARN 3640 --- [notification-service] [ntainer#1-0-C-1] org.apache.kafka.clients.NetworkClient   : [Consumer clientId=consumer-notification-service-group-2, groupId=notification-service-group] Bootstrap broker localhost:9092 (id: -1 rack: null) disconnected
2026-07-27T00:51:58.857+05:30  INFO 3640 --- [notification-service] [ntainer#0-0-C-1] org.apache.kafka.clients.NetworkClient   : [Consumer clientId=consumer-notification-service-group-1, groupId=notification-service-group] Node -1 disconnected.
2026-07-27T00:51:58.857+05:30  WARN 3640 --- [notification-service] [ntainer#0-0-C-1] org.apache.kafka.clients.NetworkClient   : [Consumer clientId=consumer-notification-service-group-1, groupId=notification-service-group] Connection to node -1 (localhost/127.0.0.1:9092) could not be established. Node may not be available.
2026-07-27T00:51:58.857+05:30  WARN 3640 --- [notification-service] [ntainer#0-0-C-1] org.apache.kafka.clients.NetworkClient   : [Consumer clientId=consumer-notification-service-group-1, groupId=notification-service-group] Bootstrap broker localhost:9092 (id: -1 rack: null) disconnected
2026-07-27T00:51:59.487+05:30  INFO 3640 --- [notification-service] [ntainer#1-0-C-1] org.apache.kafka.clients.NetworkClient   : [Consumer clientId=consumer-notification-service-group-2, groupId=notification-service-group] Node -1 disconnected.
2026-07-27T00:51:59.487+05:30  WARN 3640 --- [notification-service] [ntainer#1-0-C-1] org.apache.kafka.clients.NetworkClient   : [Consumer clientId=consumer-notification-service-group-2, groupId=notification-service-group] Connection to node -1 (localhost/127.0.0.1:9092) could not be established. Node may not be available.
2026-07-27T00:51:59.487+05:30  WARN 3640 --- [notification-service] [ntainer#1-0-C-1] org.apache.kafka.clients.NetworkClient   : [Consumer clientId=consumer-notification-service-group-2, groupId=notification-service-group] Bootstrap broker localhost:9092 (id: -1 rack: null) disconnected
2026-07-27T00:51:59.793+05:30  INFO 3640 --- [notification-service] [ntainer#0-0-C-1] org.apache.kafka.clients.NetworkClient   : [Consumer clientId=consumer-notification-service-group-1, groupId=notification-service-group] Node -1 disconnected.
2026-07-27T00:51:59.793+05:30  WARN 3640 --- [notification-service] [ntainer#0-0-C-1] org.apache.kafka.clients.NetworkClient   : [Consumer clientId=consumer-notification-service-group-1, groupId=notification-service-group] Connection to node -1 (localhost/127.0.0.1:9092) could not be established. Node may not be available.
2026-07-27T00:51:59.793+05:30  WARN 3640 --- [notification-service] [ntainer#0-0-C-1] org.apache.kafka.clients.NetworkClient   : [Consumer clientId=consumer-notification-service-group-1, groupId=notification-service-group] Bootstrap broker localhost:9092 (id: -1 rack: null) disconnected
2026-07-27T00:52:00.498+05:30  INFO 3640 --- [notification-service] [ntainer#1-0-C-1] org.apache.kafka.clients.NetworkClient   : [Consumer clientId=consumer-notification-service-group-2, groupId=notification-service-group] Node -1 disconnected.
2026-07-27T00:52:00.498+05:30  WARN 3640 --- [notification-service] [ntainer#1-0-C-1] org.apache.kafka.clients.NetworkClient   : [Consumer clientId=consumer-notification-service-group-2, groupId=notification-service-group] Connection to node -1 (localhost/127.0.0.1:9092) could not be established. Node may not be available.
2026-07-27T00:52:00.498+05:30  WARN 3640 --- [notification-service] [ntainer#1-0-C-1] org.apache.kafka.clients.NetworkClient   : [Consumer clientId=consumer-notification-service-group-2, groupId=notification-service-group] Bootstrap broker localhost:9092 (id: -1 rack: null) disconnected
2026-07-27T00:52:00.610+05:30  INFO 3640 --- [notification-service] [ntainer#0-0-C-1] org.apache.kafka.clients.NetworkClient   : [Consumer clientId=consumer-notification-service-group-1, groupId=notification-service-group] Node -1 disconnected.
2026-07-27T00:52:00.610+05:30  WARN 3640 --- [notification-service] [ntainer#0-0-C-1] org.apache.kafka.clients.NetworkClient   : [Consumer clientId=consumer-notification-service-group-1, groupId=notification-service-group] Connection to node -1 (localhost/127.0.0.1:9092) could not be established. Node may not be available.
2026-07-27T00:52:00.610+05:30  WARN 3640 --- [notification-service] [ntainer#0-0-C-1] org.apache.kafka.clients.NetworkClient   : [Consumer clientId=consumer-notification-service-group-1, groupId=notification-service-group] Bootstrap broker localhost:9092 (id: -1 rack: null) disconnected
2026-07-27T00:52:01.308+05:30  INFO 3640 --- [notification-service] [ntainer#1-0-C-1] org.apache.kafka.clients.NetworkClient   : [Consumer clientId=consumer-notification-service-group-2, groupId=notification-service-group] Node -1 disconnected.
2026-07-27T00:52:01.308+05:30  WARN 3640 --- [notification-service] [ntainer#1-0-C-1] org.apache.kafka.clients.NetworkClient   : [Consumer clientId=consumer-notification-service-group-2, groupId=notification-service-group] Connection to node -1 (localhost/127.0.0.1:9092) could not be established. Node may not be available.
2026-07-27T00:52:01.308+05:30  WARN 3640 --- [notification-service] [ntainer#1-0-C-1] org.apache.kafka.clients.NetworkClient   : [Consumer clientId=consumer-notification-service-group-2, groupId=notification-service-group] Bootstrap broker localhost:9092 (id: -1 rack: null) disconnected
2026-07-27T00:52:01.611+05:30  INFO 3640 --- [notification-service] [ntainer#0-0-C-1] org.apache.kafka.clients.NetworkClient   : [Consumer clientId=consumer-notification-service-group-1, groupId=notification-service-group] Node -1 disconnected.
2026-07-27T00:52:01.612+05:30  WARN 3640 --- [notification-service] [ntainer#0-0-C-1] org.apache.kafka.clients.NetworkClient   : [Consumer clientId=consumer-notification-service-group-1, groupId=notification-service-group] Connection to node -1 (localhost/127.0.0.1:9092) could not be established. Node may not be available.
2026-07-27T00:52:01.612+05:30  WARN 3640 --- [notification-service] [ntainer#0-0-C-1] org.apache.kafka.clients.NetworkClient   : [Consumer clientId=consumer-notification-service-group-1, groupId=notification-service-group] Bootstrap broker localhost:9092 (id: -1 rack: null) disconnected
2026-07-27T00:52:02.321+05:30  INFO 3640 --- [notification-service] [ntainer#1-0-C-1] org.apache.kafka.clients.NetworkClient   : [Consumer clientId=consumer-notification-service-group-2, groupId=notification-service-group] Node -1 disconnected.
2026-07-27T00:52:02.322+05:30  WARN 3640 --- [notification-service] [ntainer#1-0-C-1] org.apache.kafka.clients.NetworkClient   : [Consumer clientId=consumer-notification-service-group-2, groupId=notification-service-group] Connection to node -1 (localhost/127.0.0.1:9092) could not be established. Node may not be available.
2026-07-27T00:52:02.322+05:30  WARN 3640 --- [notification-service] [ntainer#1-0-C-1] org.apache.kafka.clients.NetworkClient   : [Consumer clientId=consumer-notification-service-group-2, groupId=notification-service-group] Bootstrap broker localhost:9092 (id: -1 rack: null) disconnected
2026-07-27T00:52:02.523+05:30  INFO 3640 --- [notification-service] [ntainer#0-0-C-1] org.apache.kafka.clients.NetworkClient   : [Consumer clientId=consumer-notification-service-group-1, groupId=notification-service-group] Node -1 disconnected.
2026-07-27T00:52:02.524+05:30  WARN 3640 --- [notification-service] [ntainer#0-0-C-1] org.apache.kafka.clients.NetworkClient   : [Consumer clientId=consumer-notification-service-group-1, groupId=notification-service-group] Connection to node -1 (localhost/127.0.0.1:9092) could not be established. Node may not be available.
2026-07-27T00:52:02.524+05:30  WARN 3640 --- [notification-service] [ntainer#0-0-C-1] org.apache.kafka.clients.NetworkClient   : [Consumer clientId=consumer-notification-service-group-1, groupId=notification-service-group] Bootstrap broker localhost:9092 (id: -1 rack: null) disconnected
2026-07-27T00:52:03.324+05:30  INFO 3640 --- [notification-service] [ntainer#1-0-C-1] org.apache.kafka.clients.NetworkClient   : [Consumer clientId=consumer-notification-service-group-2, groupId=notification-service-group] Node -1 disconnected.
2026-07-27T00:52:03.324+05:30  WARN 3640 --- [notification-service] [ntainer#1-0-C-1] org.apache.kafka.clients.NetworkClient   : [Consumer clientId=consumer-notification-service-group-2, groupId=notification-service-group] Connection to node -1 (localhost/127.0.0.1:9092) could not be established. Node may not be available.
2026-07-27T00:52:03.324+05:30  WARN 3640 --- [notification-service] [ntainer#1-0-C-1] org.apache.kafka.clients.NetworkClient   : [Consumer clientId=consumer-notification-service-group-2, groupId=notification-service-group] Bootstrap broker localhost:9092 (id: -1 rack: null) disconnected
2026-07-27T00:52:03.434+05:30  INFO 3640 --- [notification-service] [ntainer#0-0-C-1] org.apache.kafka.clients.NetworkClient   : [Consumer clientId=consumer-notification-service-group-1, groupId=notification-service-group] Node -1 disconnected.
2026-07-27T00:52:03.434+05:30  WARN 3640 --- [notification-service] [ntainer#0-0-C-1] org.apache.kafka.clients.NetworkClient   : [Consumer clientId=consumer-notification-service-group-1, groupId=notification-service-group] Connection to node -1 (localhost/127.0.0.1:9092) could not be established. Node may not be available.
2026-07-27T00:52:03.434+05:30  WARN 3640 --- [notification-service] [ntainer#0-0-C-1] org.apache.kafka.clients.NetworkClient   : [Consumer clientId=consumer-notification-service-group-1, groupId=notification-service-group] Bootstrap broker localhost:9092 (id: -1 rack: null) disconnected
2026-07-27T00:52:04.325+05:30  INFO 3640 --- [notification-service] [ntainer#1-0-C-1] org.apache.kafka.clients.NetworkClient   : [Consumer clientId=consumer-notification-service-group-2, groupId=notification-service-group] Node -1 disconnected.
2026-07-27T00:52:04.327+05:30  WARN 3640 --- [notification-service] [ntainer#1-0-C-1] org.apache.kafka.clients.NetworkClient   : [Consumer clientId=consumer-notification-service-group-2, groupId=notification-service-group] Connection to node -1 (localhost/127.0.0.1:9092) could not be established. Node may not be available.
2026-07-27T00:52:04.327+05:30  WARN 3640 --- [notification-service] [ntainer#1-0-C-1] org.apache.kafka.clients.NetworkClient   : [Consumer clientId=consumer-notification-service-group-2, groupId=notification-service-group] Bootstrap broker localhost:9092 (id: -1 rack: null) disconnected
2026-07-27T00:52:04.436+05:30  INFO 3640 --- [notification-service] [ntainer#0-0-C-1] org.apache.kafka.clients.NetworkClient   : [Consumer clientId=consumer-notification-service-group-1, groupId=notification-service-group] Node -1 disconnected.
2026-07-27T00:52:04.436+05:30  WARN 3640 --- [notification-service] [ntainer#0-0-C-1] org.apache.kafka.clients.NetworkClient   : [Consumer clientId=consumer-notification-service-group-1, groupId=notification-service-group] Connection to node -1 (localhost/127.0.0.1:9092) could not be established. Node may not be available.
2026-07-27T00:52:04.436+05:30  WARN 3640 --- [notification-service] [ntainer#0-0-C-1] org.apache.kafka.clients.NetworkClient   : [Consumer clientId=consumer-notification-service-group-1, groupId=notification-service-group] Bootstrap broker localhost:9092 (id: -1 rack: null) disconnected
2026-07-27T00:52:05.136+05:30  INFO 3640 --- [notification-service] [ntainer#1-0-C-1] org.apache.kafka.clients.NetworkClient   : [Consumer clientId=consumer-notification-service-group-2, groupId=notification-service-group] Node -1 disconnected.
2026-07-27T00:52:05.136+05:30  WARN 3640 --- [notification-service] [ntainer#1-0-C-1] org.apache.kafka.clients.NetworkClient   : [Consumer clientId=consumer-notification-service-group-2, groupId=notification-service-group] Connection to node -1 (localhost/127.0.0.1:9092) could not be established. Node may not be available.
2026-07-27T00:52:05.136+05:30  WARN 3640 --- [notification-service] [ntainer#1-0-C-1] org.apache.kafka.clients.NetworkClient   : [Consumer clientId=consumer-notification-service-group-2, groupId=notification-service-group] Bootstrap broker localhost:9092 (id: -1 rack: null) disconnected
2026-07-27T00:52:05.485+05:30  INFO 3640 --- [notification-service] [ntainer#0-0-C-1] org.apache.kafka.clients.NetworkClient   : [Consumer clientId=consumer-notification-service-group-1, groupId=notification-service-group] Node -1 disconnected.
2026-07-27T00:52:05.487+05:30  WARN 3640 --- [notification-service] [ntainer#0-0-C-1] org.apache.kafka.clients.NetworkClient   : [Consumer clientId=consumer-notification-service-group-1, groupId=notification-service-group] Connection to node -1 (localhost/127.0.0.1:9092) could not be established. Node may not be available.
2026-07-27T00:52:05.487+05:30  WARN 3640 --- [notification-service] [ntainer#0-0-C-1] org.apache.kafka.clients.NetworkClient   : [Consumer clientId=consumer-notification-service-group-1, groupId=notification-service-group] Bootstrap broker localhost:9092 (id: -1 rack: null) disconnected
2026-07-27T00:52:06.172+05:30  INFO 3640 --- [notification-service] [ntainer#1-0-C-1] org.apache.kafka.clients.NetworkClient   : [Consumer clientId=consumer-notification-service-group-2, groupId=notification-service-group] Node -1 disconnected.
2026-07-27T00:52:06.172+05:30  WARN 3640 --- [notification-service] [ntainer#1-0-C-1] org.apache.kafka.clients.NetworkClient   : [Consumer clientId=consumer-notification-service-group-2, groupId=notification-service-group] Connection to node -1 (localhost/127.0.0.1:9092) could not be established. Node may not be available.
2026-07-27T00:52:06.172+05:30  WARN 3640 --- [notification-service] [ntainer#1-0-C-1] org.apache.kafka.clients.NetworkClient   : [Consumer clientId=consumer-notification-service-group-2, groupId=notification-service-group] Bootstrap broker localhost:9092 (id: -1 rack: null) disconnected
2026-07-27T00:52:06.447+05:30  INFO 3640 --- [notification-service] [ntainer#0-0-C-1] org.apache.kafka.clients.NetworkClient   : [Consumer clientId=consumer-notification-service-group-1, groupId=notification-service-group] Node -1 disconnected.
2026-07-27T00:52:06.447+05:30  WARN 3640 --- [notification-service] [ntainer#0-0-C-1] org.apache.kafka.clients.NetworkClient   : [Consumer clientId=consumer-notification-service-group-1, groupId=notification-service-group] Connection to node -1 (localhost/127.0.0.1:9092) could not be established. Node may not be available.
2026-07-27T00:52:06.447+05:30  WARN 3640 --- [notification-service] [ntainer#0-0-C-1] org.apache.kafka.clients.NetworkClient   : [Consumer clientId=consumer-notification-service-group-1, groupId=notification-service-group] Bootstrap broker localhost:9092 (id: -1 rack: null) disconnected
2026-07-27T00:52:06.983+05:30  INFO 3640 --- [notification-service] [ntainer#1-0-C-1] org.apache.kafka.clients.NetworkClient   : [Consumer clientId=consumer-notification-service-group-2, groupId=notification-service-group] Node -1 disconnected.
2026-07-27T00:52:06.983+05:30  WARN 3640 --- [notification-service] [ntainer#1-0-C-1] org.apache.kafka.clients.NetworkClient   : [Consumer clientId=consumer-notification-service-group-2, groupId=notification-service-group] Connection to node -1 (localhost/127.0.0.1:9092) could not be established. Node may not be available.
2026-07-27T00:52:06.983+05:30  WARN 3640 --- [notification-service] [ntainer#1-0-C-1] org.apache.kafka.clients.NetworkClient   : [Consumer clientId=consumer-notification-service-group-2, groupId=notification-service-group] Bootstrap broker localhost:9092 (id: -1 rack: null) disconnected
2026-07-27T00:52:07.458+05:30  INFO 3640 --- [notification-service] [ntainer#0-0-C-1] org.apache.kafka.clients.NetworkClient   : [Consumer clientId=consumer-notification-service-group-1, groupId=notification-service-group] Node -1 disconnected.
2026-07-27T00:52:07.458+05:30  WARN 3640 --- [notification-service] [ntainer#0-0-C-1] org.apache.kafka.clients.NetworkClient   : [Consumer clientId=consumer-notification-service-group-1, groupId=notification-service-group] Connection to node -1 (localhost/127.0.0.1:9092) could not be established. Node may not be available.
2026-07-27T00:52:07.458+05:30  WARN 3640 --- [notification-service] [ntainer#0-0-C-1] org.apache.kafka.clients.NetworkClient   : [Consumer clientId=consumer-notification-service-group-1, groupId=notification-service-group] Bootstrap broker localhost:9092 (id: -1 rack: null) disconnected
2026-07-27T00:52:08.014+05:30  INFO 3640 --- [notification-service] [ntainer#1-0-C-1] org.apache.kafka.clients.NetworkClient   : [Consumer clientId=consumer-notification-service-group-2, groupId=notification-service-group] Node -1 disconnected.
2026-07-27T00:52:08.014+05:30  WARN 3640 --- [notification-service] [ntainer#1-0-C-1] org.apache.kafka.clients.NetworkClient   : [Consumer clientId=consumer-notification-service-group-2, groupId=notification-service-group] Connection to node -1 (localhost/127.0.0.1:9092) could not be established. Node may not be available.
2026-07-27T00:52:08.014+05:30  WARN 3640 --- [notification-service] [ntainer#1-0-C-1] org.apache.kafka.clients.NetworkClient   : [Consumer clientId=consumer-notification-service-group-2, groupId=notification-service-group] Bootstrap broker localhost:9092 (id: -1 rack: null) disconnected
2026-07-27T00:52:08.429+05:30  INFO 3640 --- [notification-service] [ntainer#0-0-C-1] org.apache.kafka.clients.NetworkClient   : [Consumer clientId=consumer-notification-service-group-1, groupId=notification-service-group] Node -1 disconnected.
2026-07-27T00:52:08.429+05:30  WARN 3640 --- [notification-service] [ntainer#0-0-C-1] org.apache.kafka.clients.NetworkClient   : [Consumer clientId=consumer-notification-service-group-1, groupId=notification-service-group] Connection to node -1 (localhost/127.0.0.1:9092) could not be established. Node may not be available.
2026-07-27T00:52:08.429+05:30  WARN 3640 --- [notification-service] [ntainer#0-0-C-1] org.apache.kafka.clients.NetworkClient   : [Consumer clientId=consumer-notification-service-group-1, groupId=notification-service-group] Bootstrap broker localhost:9092 (id: -1 rack: null) disconnected
2026-07-27T00:52:09.025+05:30  INFO 3640 --- [notification-service] [ntainer#1-0-C-1] org.apache.kafka.clients.NetworkClient   : [Consumer clientId=consumer-notification-service-group-2, groupId=notification-service-group] Node -1 disconnected.
2026-07-27T00:52:09.025+05:30  WARN 3640 --- [notification-service] [ntainer#1-0-C-1] org.apache.kafka.clients.NetworkClient   : [Consumer clientId=consumer-notification-service-group-2, groupId=notification-service-group] Connection to node -1 (localhost/127.0.0.1:9092) could not be established. Node may not be available.
2026-07-27T00:52:09.025+05:30  WARN 3640 --- [notification-service] [ntainer#1-0-C-1] org.apache.kafka.clients.NetworkClient   : [Consumer clientId=consumer-notification-service-group-2, groupId=notification-service-group] Bootstrap broker localhost:9092 (id: -1 rack: null) disconnected
2026-07-27T00:52:09.431+05:30  INFO 3640 --- [notification-service] [ntainer#0-0-C-1] org.apache.kafka.clients.NetworkClient   : [Consumer clientId=consumer-notification-service-group-1, groupId=notification-service-group] Node -1 disconnected.
2026-07-27T00:52:09.431+05:30  WARN 3640 --- [notification-service] [ntainer#0-0-C-1] org.apache.kafka.clients.NetworkClient   : [Consumer clientId=consumer-notification-service-group-1, groupId=notification-service-group] Connection to node -1 (localhost/127.0.0.1:9092) could not be established. Node may not be available.
2026-07-27T00:52:09.431+05:30  WARN 3640 --- [notification-service] [ntainer#0-0-C-1] org.apache.kafka.clients.NetworkClient   : [Consumer clientId=consumer-notification-service-group-1, groupId=notification-service-group] Bootstrap broker localhost:9092 (id: -1 rack: null) disconnected
2026-07-27T00:52:10.026+05:30  INFO 3640 --- [notification-service] [ntainer#1-0-C-1] org.apache.kafka.clients.NetworkClient   : [Consumer clientId=consumer-notification-service-group-2, groupId=notification-service-group] Node -1 disconnected.
2026-07-27T00:52:10.027+05:30  WARN 3640 --- [notification-service] [ntainer#1-0-C-1] org.apache.kafka.clients.NetworkClient   : [Consumer clientId=consumer-notification-service-group-2, groupId=notification-service-group] Connection to node -1 (localhost/127.0.0.1:9092) could not be established. Node may not be available.
2026-07-27T00:52:10.027+05:30  WARN 3640 --- [notification-service] [ntainer#1-0-C-1] org.apache.kafka.clients.NetworkClient   : [Consumer clientId=consumer-notification-service-group-2, groupId=notification-service-group] Bootstrap broker localhost:9092 (id: -1 rack: null) disconnected
2026-07-27T00:52:10.342+05:30  INFO 3640 --- [notification-service] [ntainer#0-0-C-1] org.apache.kafka.clients.NetworkClient   : [Consumer clientId=consumer-notification-service-group-1, groupId=notification-service-group] Node -1 disconnected.
2026-07-27T00:52:10.342+05:30  WARN 3640 --- [notification-service] [ntainer#0-0-C-1] org.apache.kafka.clients.NetworkClient   : [Consumer clientId=consumer-notification-service-group-1, groupId=notification-service-group] Connection to node -1 (localhost/127.0.0.1:9092) could not be established. Node may not be available.
2026-07-27T00:52:10.343+05:30  WARN 3640 --- [notification-service] [ntainer#0-0-C-1] org.apache.kafka.clients.NetworkClient   : [Consumer clientId=consumer-notification-service-group-1, groupId=notification-service-group] Bootstrap broker localhost:9092 (id: -1 rack: null) disconnected
2026-07-27T00:52:10.980+05:30  INFO 3640 --- [notification-service] [ntainer#1-0-C-1] org.apache.kafka.clients.NetworkClient   : [Consumer clientId=consumer-notification-service-group-2, groupId=notification-service-group] Node -1 disconnected.
2026-07-27T00:52:10.981+05:30  WARN 3640 --- [notification-service] [ntainer#1-0-C-1] org.apache.kafka.clients.NetworkClient   : [Consumer clientId=consumer-notification-service-group-2, groupId=notification-service-group] Connection to node -1 (localhost/127.0.0.1:9092) could not be established. Node may not be available.
2026-07-27T00:52:10.981+05:30  WARN 3640 --- [notification-service] [ntainer#1-0-C-1] org.apache.kafka.clients.NetworkClient   : [Consumer clientId=consumer-notification-service-group-2, groupId=notification-service-group] Bootstrap broker localhost:9092 (id: -1 rack: null) disconnected
2026-07-27T00:52:11.326+05:30  INFO 3640 --- [notification-service] [ntainer#0-0-C-1] org.apache.kafka.clients.NetworkClient   : [Consumer clientId=consumer-notification-service-group-1, groupId=notification-service-group] Node -1 disconnected.
2026-07-27T00:52:11.327+05:30  WARN 3640 --- [notification-service] [ntainer#0-0-C-1] org.apache.kafka.clients.NetworkClient   : [Consumer clientId=consumer-notification-service-group-1, groupId=notification-service-group] Connection to node -1 (localhost/127.0.0.1:9092) could not be established. Node may not be available.
2026-07-27T00:52:11.327+05:30  WARN 3640 --- [notification-service] [ntainer#0-0-C-1] org.apache.kafka.clients.NetworkClient   : [Consumer clientId=consumer-notification-service-group-1, groupId=notification-service-group] Bootstrap broker localhost:9092 (id: -1 rack: null) disconnected
2026-07-27T00:52:11.838+05:30  INFO 3640 --- [notification-service] [ntainer#1-0-C-1] org.apache.kafka.clients.NetworkClient   : [Consumer clientId=consumer-notification-service-group-2, groupId=notification-service-group] Node -1 disconnected.
2026-07-27T00:52:11.839+05:30  WARN 3640 --- [notification-service] [ntainer#1-0-C-1] org.apache.kafka.clients.NetworkClient   : [Consumer clientId=consumer-notification-service-group-2, groupId=notification-service-group] Connection to node -1 (localhost/127.0.0.1:9092) could not be established. Node may not be available.
2026-07-27T00:52:11.839+05:30  WARN 3640 --- [notification-service] [ntainer#1-0-C-1] org.apache.kafka.clients.NetworkClient   : [Consumer clientId=consumer-notification-service-group-2, groupId=notification-service-group] Bootstrap broker localhost:9092 (id: -1 rack: null) disconnected
2026-07-27T00:52:12.377+05:30  INFO 3640 --- [notification-service] [ntainer#0-0-C-1] org.apache.kafka.clients.NetworkClient   : [Consumer clientId=consumer-notification-service-group-1, groupId=notification-service-group] Node -1 disconnected.
2026-07-27T00:52:12.377+05:30  WARN 3640 --- [notification-service] [ntainer#0-0-C-1] org.apache.kafka.clients.NetworkClient   : [Consumer clientId=consumer-notification-service-group-1, groupId=notification-service-group] Connection to node -1 (localhost/127.0.0.1:9092) could not be established. Node may not be available.
2026-07-27T00:52:12.377+05:30  WARN 3640 --- [notification-service] [ntainer#0-0-C-1] org.apache.kafka.clients.NetworkClient   : [Consumer clientId=consumer-notification-service-group-1, groupId=notification-service-group] Bootstrap broker localhost:9092 (id: -1 rack: null) disconnected
2026-07-27T00:52:12.755+05:30  INFO 3640 --- [notification-service] [ntainer#1-0-C-1] org.apache.kafka.clients.NetworkClient   : [Consumer clientId=consumer-notification-service-group-2, groupId=notification-service-group] Node -1 disconnected.
2026-07-27T00:52:12.756+05:30  WARN 3640 --- [notification-service] [ntainer#1-0-C-1] org.apache.kafka.clients.NetworkClient   : [Consumer clientId=consumer-notification-service-group-2, groupId=notification-service-group] Connection to node -1 (localhost/127.0.0.1:9092) could not be established. Node may not be available.
2026-07-27T00:52:12.756+05:30  WARN 3640 --- [notification-service] [ntainer#1-0-C-1] org.apache.kafka.clients.NetworkClient   : [Consumer clientId=consumer-notification-service-group-2, groupId=notification-service-group] Bootstrap broker localhost:9092 (id: -1 rack: null) disconnected
2026-07-27T00:52:13.284+05:30  INFO 3640 --- [notification-service] [ntainer#0-0-C-1] org.apache.kafka.clients.NetworkClient   : [Consumer clientId=consumer-notification-service-group-1, groupId=notification-service-group] Node -1 disconnected.
2026-07-27T00:52:13.284+05:30  WARN 3640 --- [notification-service] [ntainer#0-0-C-1] org.apache.kafka.clients.NetworkClient   : [Consumer clientId=consumer-notification-service-group-1, groupId=notification-service-group] Connection to node -1 (localhost/127.0.0.1:9092) could not be established. Node may not be available.
2026-07-27T00:52:13.285+05:30  WARN 3640 --- [notification-service] [ntainer#0-0-C-1] org.apache.kafka.clients.NetworkClient   : [Consumer clientId=consumer-notification-service-group-1, groupId=notification-service-group] Bootstrap broker localhost:9092 (id: -1 rack: null) disconnected
2026-07-27T00:52:13.805+05:30  INFO 3640 --- [notification-service] [ntainer#1-0-C-1] org.apache.kafka.clients.NetworkClient   : [Consumer clientId=consumer-notification-service-group-2, groupId=notification-service-group] Node -1 disconnected.
2026-07-27T00:52:13.805+05:30  WARN 3640 --- [notification-service] [ntainer#1-0-C-1] org.apache.kafka.clients.NetworkClient   : [Consumer clientId=consumer-notification-service-group-2, groupId=notification-service-group] Connection to node -1 (localhost/127.0.0.1:9092) could not be established. Node may not be available.
2026-07-27T00:52:13.806+05:30  WARN 3640 --- [notification-service] [ntainer#1-0-C-1] org.apache.kafka.clients.NetworkClient   : [Consumer clientId=consumer-notification-service-group-2, groupId=notification-service-group] Bootstrap broker localhost:9092 (id: -1 rack: null) disconnected
2026-07-27T00:52:14.286+05:30  INFO 3640 --- [notification-service] [ntainer#0-0-C-1] org.apache.kafka.clients.NetworkClient   : [Consumer clientId=consumer-notification-service-group-1, groupId=notification-service-group] Node -1 disconnected.
2026-07-27T00:52:14.286+05:30  WARN 3640 --- [notification-service] [ntainer#0-0-C-1] org.apache.kafka.clients.NetworkClient   : [Consumer clientId=consumer-notification-service-group-1, groupId=notification-service-group] Connection to node -1 (localhost/127.0.0.1:9092) could not be established. Node may not be available.
2026-07-27T00:52:14.287+05:30  WARN 3640 --- [notification-service] [ntainer#0-0-C-1] org.apache.kafka.clients.NetworkClient   : [Consumer clientId=consumer-notification-service-group-1, groupId=notification-service-group] Bootstrap broker localhost:9092 (id: -1 rack: null) disconnected
2026-07-27T00:52:14.819+05:30  INFO 3640 --- [notification-service] [ntainer#1-0-C-1] org.apache.kafka.clients.NetworkClient   : [Consumer clientId=consumer-notification-service-group-2, groupId=notification-service-group] Node -1 disconnected.
2026-07-27T00:52:14.819+05:30  WARN 3640 --- [notification-service] [ntainer#1-0-C-1] org.apache.kafka.clients.NetworkClient   : [Consumer clientId=consumer-notification-service-group-2, groupId=notification-service-group] Connection to node -1 (localhost/127.0.0.1:9092) could not be established. Node may not be available.
2026-07-27T00:52:14.819+05:30  WARN 3640 --- [notification-service] [ntainer#1-0-C-1] org.apache.kafka.clients.NetworkClient   : [Consumer clientId=consumer-notification-service-group-2, groupId=notification-service-group] Bootstrap broker localhost:9092 (id: -1 rack: null) disconnected
2026-07-27T00:52:15.287+05:30  INFO 3640 --- [notification-service] [ntainer#0-0-C-1] org.apache.kafka.clients.NetworkClient   : [Consumer clientId=consumer-notification-service-group-1, groupId=notification-service-group] Node -1 disconnected.
2026-07-27T00:52:15.287+05:30  WARN 3640 --- [notification-service] [ntainer#0-0-C-1] org.apache.kafka.clients.NetworkClient   : [Consumer clientId=consumer-notification-service-group-1, groupId=notification-service-group] Connection to node -1 (localhost/127.0.0.1:9092) could not be established. Node may not be available.
2026-07-27T00:52:15.287+05:30  WARN 3640 --- [notification-service] [ntainer#0-0-C-1] org.apache.kafka.clients.NetworkClient   : [Consumer clientId=consumer-notification-service-group-1, groupId=notification-service-group] Bootstrap broker localhost:9092 (id: -1 rack: null) disconnected
2026-07-27T00:52:15.699+05:30  INFO 3640 --- [notification-service] [ntainer#1-0-C-1] org.apache.kafka.clients.NetworkClient   : [Consumer clientId=consumer-notification-service-group-2, groupId=notification-service-group] Node -1 disconnected.
2026-07-27T00:52:15.699+05:30  WARN 3640 --- [notification-service] [ntainer#1-0-C-1] org.apache.kafka.clients.NetworkClient   : [Consumer clientId=consumer-notification-service-group-2, groupId=notification-service-group] Connection to node -1 (localhost/127.0.0.1:9092) could not be established. Node may not be available.
2026-07-27T00:52:15.699+05:30  WARN 3640 --- [notification-service] [ntainer#1-0-C-1] org.apache.kafka.clients.NetworkClient   : [Consumer clientId=consumer-notification-service-group-2, groupId=notification-service-group] Bootstrap broker localhost:9092 (id: -1 rack: null) disconnected
2026-07-27T00:52:16.289+05:30  INFO 3640 --- [notification-service] [ntainer#0-0-C-1] org.apache.kafka.clients.NetworkClient   : [Consumer clientId=consumer-notification-service-group-1, groupId=notification-service-group] Node -1 disconnected.
2026-07-27T00:52:16.289+05:30  WARN 3640 --- [notification-service] [ntainer#0-0-C-1] org.apache.kafka.clients.NetworkClient   : [Consumer clientId=consumer-notification-service-group-1, groupId=notification-service-group] Connection to node -1 (localhost/127.0.0.1:9092) could not be established. Node may not be available.
2026-07-27T00:52:16.289+05:30  WARN 3640 --- [notification-service] [ntainer#0-0-C-1] org.apache.kafka.clients.NetworkClient   : [Consumer clientId=consumer-notification-service-group-1, groupId=notification-service-group] Bootstrap broker localhost:9092 (id: -1 rack: null) disconnected
2026-07-27T00:52:16.728+05:30  INFO 3640 --- [notification-service] [ntainer#1-0-C-1] org.apache.kafka.clients.NetworkClient   : [Consumer clientId=consumer-notification-service-group-2, groupId=notification-service-group] Node -1 disconnected.
2026-07-27T00:52:16.729+05:30  WARN 3640 --- [notification-service] [ntainer#1-0-C-1] org.apache.kafka.clients.NetworkClient   : [Consumer clientId=consumer-notification-service-group-2, groupId=notification-service-group] Connection to node -1 (localhost/127.0.0.1:9092) could not be established. Node may not be available.
2026-07-27T00:52:16.729+05:30  WARN 3640 --- [notification-service] [ntainer#1-0-C-1] org.apache.kafka.clients.NetworkClient   : [Consumer clientId=consumer-notification-service-group-2, groupId=notification-service-group] Bootstrap broker localhost:9092 (id: -1 rack: null) disconnected
2026-07-27T00:52:17.290+05:30  INFO 3640 --- [notification-service] [ntainer#0-0-C-1] org.apache.kafka.clients.NetworkClient   : [Consumer clientId=consumer-notification-service-group-1, groupId=notification-service-group] Node -1 disconnected.
2026-07-27T00:52:17.291+05:30  WARN 3640 --- [notification-service] [ntainer#0-0-C-1] org.apache.kafka.clients.NetworkClient   : [Consumer clientId=consumer-notification-service-group-1, groupId=notification-service-group] Connection to node -1 (localhost/127.0.0.1:9092) could not be established. Node may not be available.
2026-07-27T00:52:17.291+05:30  WARN 3640 --- [notification-service] [ntainer#0-0-C-1] org.apache.kafka.clients.NetworkClient   : [Consumer clientId=consumer-notification-service-group-1, groupId=notification-service-group] Bootstrap broker localhost:9092 (id: -1 rack: null) disconnected
2026-07-27T00:52:17.729+05:30  INFO 3640 --- [notification-service] [ntainer#1-0-C-1] org.apache.kafka.clients.NetworkClient   : [Consumer clientId=consumer-notification-service-group-2, groupId=notification-service-group] Node -1 disconnected.
2026-07-27T00:52:17.730+05:30  WARN 3640 --- [notification-service] [ntainer#1-0-C-1] org.apache.kafka.clients.NetworkClient   : [Consumer clientId=consumer-notification-service-group-2, groupId=notification-service-group] Connection to node -1 (localhost/127.0.0.1:9092) could not be established. Node may not be available.
2026-07-27T00:52:17.730+05:30  WARN 3640 --- [notification-service] [ntainer#1-0-C-1] org.apache.kafka.clients.NetworkClient   : [Consumer clientId=consumer-notification-service-group-2, groupId=notification-service-group] Bootstrap broker localhost:9092 (id: -1 rack: null) disconnected
2026-07-27T00:52:18.303+05:30  INFO 3640 --- [notification-service] [ntainer#0-0-C-1] org.apache.kafka.clients.NetworkClient   : [Consumer clientId=consumer-notification-service-group-1, groupId=notification-service-group] Node -1 disconnected.
2026-07-27T00:52:18.304+05:30  WARN 3640 --- [notification-service] [ntainer#0-0-C-1] org.apache.kafka.clients.NetworkClient   : [Consumer clientId=consumer-notification-service-group-1, groupId=notification-service-group] Connection to node -1 (localhost/127.0.0.1:9092) could not be established. Node may not be available.
2026-07-27T00:52:18.304+05:30  WARN 3640 --- [notification-service] [ntainer#0-0-C-1] org.apache.kafka.clients.NetworkClient   : [Consumer clientId=consumer-notification-service-group-1, groupId=notification-service-group] Bootstrap broker localhost:9092 (id: -1 rack: null) disconnected
2026-07-27T00:52:18.744+05:30  INFO 3640 --- [notification-service] [ntainer#1-0-C-1] org.apache.kafka.clients.NetworkClient   : [Consumer clientId=consumer-notification-service-group-2, groupId=notification-service-group] Node -1 disconnected.
2026-07-27T00:52:18.744+05:30  WARN 3640 --- [notification-service] [ntainer#1-0-C-1] org.apache.kafka.clients.NetworkClient   : [Consumer clientId=consumer-notification-service-group-2, groupId=notification-service-group] Connection to node -1 (localhost/127.0.0.1:9092) could not be established. Node may not be available.
2026-07-27T00:52:18.744+05:30  WARN 3640 --- [notification-service] [ntainer#1-0-C-1] org.apache.kafka.clients.NetworkClient   : [Consumer clientId=consumer-notification-service-group-2, groupId=notification-service-group] Bootstrap broker localhost:9092 (id: -1 rack: null) disconnected
2026-07-27T00:52:19.214+05:30  INFO 3640 --- [notification-service] [ntainer#0-0-C-1] org.apache.kafka.clients.NetworkClient   : [Consumer clientId=consumer-notification-service-group-1, groupId=notification-service-group] Node -1 disconnected.
2026-07-27T00:52:19.214+05:30  WARN 3640 --- [notification-service] [ntainer#0-0-C-1] org.apache.kafka.clients.NetworkClient   : [Consumer clientId=consumer-notification-service-group-1, groupId=notification-service-group] Connection to node -1 (localhost/127.0.0.1:9092) could not be established. Node may not be available.
2026-07-27T00:52:19.214+05:30  WARN 3640 --- [notification-service] [ntainer#0-0-C-1] org.apache.kafka.clients.NetworkClient   : [Consumer clientId=consumer-notification-service-group-1, groupId=notification-service-group] Bootstrap broker localhost:9092 (id: -1 rack: null) disconnected
2026-07-27T00:52:19.754+05:30  INFO 3640 --- [notification-service] [ntainer#1-0-C-1] org.apache.kafka.clients.NetworkClient   : [Consumer clientId=consumer-notification-service-group-2, groupId=notification-service-group] Node -1 disconnected.
2026-07-27T00:52:19.755+05:30  WARN 3640 --- [notification-service] [ntainer#1-0-C-1] org.apache.kafka.clients.NetworkClient   : [Consumer clientId=consumer-notification-service-group-2, groupId=notification-service-group] Connection to node -1 (localhost/127.0.0.1:9092) could not be established. Node may not be available.
2026-07-27T00:52:19.755+05:30  WARN 3640 --- [notification-service] [ntainer#1-0-C-1] org.apache.kafka.clients.NetworkClient   : [Consumer clientId=consumer-notification-service-group-2, groupId=notification-service-group] Bootstrap broker localhost:9092 (id: -1 rack: null) disconnected
2026-07-27T00:52:20.216+05:30  INFO 3640 --- [notification-service] [ntainer#0-0-C-1] org.apache.kafka.clients.NetworkClient   : [Consumer clientId=consumer-notification-service-group-1, groupId=notification-service-group] Node -1 disconnected.
2026-07-27T00:52:20.218+05:30  WARN 3640 --- [notification-service] [ntainer#0-0-C-1] org.apache.kafka.clients.NetworkClient   : [Consumer clientId=consumer-notification-service-group-1, groupId=notification-service-group] Connection to node -1 (localhost/127.0.0.1:9092) could not be established. Node may not be available.
2026-07-27T00:52:20.218+05:30  WARN 3640 --- [notification-service] [ntainer#0-0-C-1] org.apache.kafka.clients.NetworkClient   : [Consumer clientId=consumer-notification-service-group-1, groupId=notification-service-group] Bootstrap broker localhost:9092 (id: -1 rack: null) disconnected
2026-07-27T00:52:20.755+05:30  INFO 3640 --- [notification-service] [ntainer#1-0-C-1] org.apache.kafka.clients.NetworkClient   : [Consumer clientId=consumer-notification-service-group-2, groupId=notification-service-group] Node -1 disconnected.
2026-07-27T00:52:20.755+05:30  WARN 3640 --- [notification-service] [ntainer#1-0-C-1] org.apache.kafka.clients.NetworkClient   : [Consumer clientId=consumer-notification-service-group-2, groupId=notification-service-group] Connection to node -1 (localhost/127.0.0.1:9092) could not be established. Node may not be available.
2026-07-27T00:52:20.755+05:30  WARN 3640 --- [notification-service] [ntainer#1-0-C-1] org.apache.kafka.clients.NetworkClient   : [Consumer clientId=consumer-notification-service-group-2, groupId=notification-service-group] Bootstrap broker localhost:9092 (id: -1 rack: null) disconnected
2026-07-27T00:52:21.163+05:30  INFO 3640 --- [notification-service] [ntainer#0-0-C-1] org.apache.kafka.clients.NetworkClient   : [Consumer clientId=consumer-notification-service-group-1, groupId=notification-service-group] Node -1 disconnected.
2026-07-27T00:52:21.163+05:30  WARN 3640 --- [notification-service] [ntainer#0-0-C-1] org.apache.kafka.clients.NetworkClient   : [Consumer clientId=consumer-notification-service-group-1, groupId=notification-service-group] Connection to node -1 (localhost/127.0.0.1:9092) could not be established. Node may not be available.
2026-07-27T00:52:21.163+05:30  WARN 3640 --- [notification-service] [ntainer#0-0-C-1] org.apache.kafka.clients.NetworkClient   : [Consumer clientId=consumer-notification-service-group-1, groupId=notification-service-group] Bootstrap broker localhost:9092 (id: -1 rack: null) disconnected
2026-07-27T00:52:21.717+05:30  INFO 3640 --- [notification-service] [ntainer#1-0-C-1] org.apache.kafka.clients.NetworkClient   : [Consumer clientId=consumer-notification-service-group-2, groupId=notification-service-group] Node -1 disconnected.
2026-07-27T00:52:21.717+05:30  WARN 3640 --- [notification-service] [ntainer#1-0-C-1] org.apache.kafka.clients.NetworkClient   : [Consumer clientId=consumer-notification-service-group-2, groupId=notification-service-group] Connection to node -1 (localhost/127.0.0.1:9092) could not be established. Node may not be available.
2026-07-27T00:52:21.717+05:30  WARN 3640 --- [notification-service] [ntainer#1-0-C-1] org.apache.kafka.clients.NetworkClient   : [Consumer clientId=consumer-notification-service-group-2, groupId=notification-service-group] Bootstrap broker localhost:9092 (id: -1 rack: null) disconnected
2026-07-27T00:52:22.188+05:30  INFO 3640 --- [notification-service] [ntainer#0-0-C-1] org.apache.kafka.clients.NetworkClient   : [Consumer clientId=consumer-notification-service-group-1, groupId=notification-service-group] Node -1 disconnected.
2026-07-27T00:52:22.188+05:30  WARN 3640 --- [notification-service] [ntainer#0-0-C-1] org.apache.kafka.clients.NetworkClient   : [Consumer clientId=consumer-notification-service-group-1, groupId=notification-service-group] Connection to node -1 (localhost/127.0.0.1:9092) could not be established. Node may not be available.
2026-07-27T00:52:22.188+05:30  WARN 3640 --- [notification-service] [ntainer#0-0-C-1] org.apache.kafka.clients.NetworkClient   : [Consumer clientId=consumer-notification-service-group-1, groupId=notification-service-group] Bootstrap broker localhost:9092 (id: -1 rack: null) disconnected
2026-07-27T00:52:22.731+05:30  INFO 3640 --- [notification-service] [ntainer#1-0-C-1] org.apache.kafka.clients.NetworkClient   : [Consumer clientId=consumer-notification-service-group-2, groupId=notification-service-group] Node -1 disconnected.
2026-07-27T00:52:22.732+05:30  WARN 3640 --- [notification-service] [ntainer#1-0-C-1] org.apache.kafka.clients.NetworkClient   : [Consumer clientId=consumer-notification-service-group-2, groupId=notification-service-group] Connection to node -1 (localhost/127.0.0.1:9092) could not be established. Node may not be available.
2026-07-27T00:52:22.732+05:30  WARN 3640 --- [notification-service] [ntainer#1-0-C-1] org.apache.kafka.clients.NetworkClient   : [Consumer clientId=consumer-notification-service-group-2, groupId=notification-service-group] Bootstrap broker localhost:9092 (id: -1 rack: null) disconnected
2026-07-27T00:52:23.150+05:30  INFO 3640 --- [notification-service] [ntainer#0-0-C-1] org.apache.kafka.clients.NetworkClient   : [Consumer clientId=consumer-notification-service-group-1, groupId=notification-service-group] Node -1 disconnected.
2026-07-27T00:52:23.150+05:30  WARN 3640 --- [notification-service] [ntainer#0-0-C-1] org.apache.kafka.clients.NetworkClient   : [Consumer clientId=consumer-notification-service-group-1, groupId=notification-service-group] Connection to node -1 (localhost/127.0.0.1:9092) could not be established. Node may not be available.
2026-07-27T00:52:23.150+05:30  WARN 3640 --- [notification-service] [ntainer#0-0-C-1] org.apache.kafka.clients.NetworkClient   : [Consumer clientId=consumer-notification-service-group-1, groupId=notification-service-group] Bootstrap broker localhost:9092 (id: -1 rack: null) disconnected
2026-07-27T00:52:23.693+05:30  INFO 3640 --- [notification-service] [ntainer#1-0-C-1] org.apache.kafka.clients.NetworkClient   : [Consumer clientId=consumer-notification-service-group-2, groupId=notification-service-group] Node -1 disconnected.
2026-07-27T00:52:23.693+05:30  WARN 3640 --- [notification-service] [ntainer#1-0-C-1] org.apache.kafka.clients.NetworkClient   : [Consumer clientId=consumer-notification-service-group-2, groupId=notification-service-group] Connection to node -1 (localhost/127.0.0.1:9092) could not be established. Node may not be available.
2026-07-27T00:52:23.693+05:30  WARN 3640 --- [notification-service] [ntainer#1-0-C-1] org.apache.kafka.clients.NetworkClient   : [Consumer clientId=consumer-notification-service-group-2, groupId=notification-service-group] Bootstrap broker localhost:9092 (id: -1 rack: null) disconnected
2026-07-27T00:52:24.063+05:30  INFO 3640 --- [notification-service] [ntainer#0-0-C-1] org.apache.kafka.clients.NetworkClient   : [Consumer clientId=consumer-notification-service-group-1, groupId=notification-service-group] Node -1 disconnected.
2026-07-27T00:52:24.068+05:30  WARN 3640 --- [notification-service] [ntainer#0-0-C-1] org.apache.kafka.clients.NetworkClient   : [Consumer clientId=consumer-notification-service-group-1, groupId=notification-service-group] Connection to node -1 (localhost/127.0.0.1:9092) could not be established. Node may not be available.
2026-07-27T00:52:24.068+05:30  WARN 3640 --- [notification-service] [ntainer#0-0-C-1] org.apache.kafka.clients.NetworkClient   : [Consumer clientId=consumer-notification-service-group-1, groupId=notification-service-group] Bootstrap broker localhost:9092 (id: -1 rack: null) disconnected
2026-07-27T00:52:24.706+05:30  INFO 3640 --- [notification-service] [ntainer#1-0-C-1] org.apache.kafka.clients.NetworkClient   : [Consumer clientId=consumer-notification-service-group-2, groupId=notification-service-group] Node -1 disconnected.
2026-07-27T00:52:24.707+05:30  WARN 3640 --- [notification-service] [ntainer#1-0-C-1] org.apache.kafka.clients.NetworkClient   : [Consumer clientId=consumer-notification-service-group-2, groupId=notification-service-group] Connection to node -1 (localhost/127.0.0.1:9092) could not be established. Node may not be available.
2026-07-27T00:52:24.707+05:30  WARN 3640 --- [notification-service] [ntainer#1-0-C-1] org.apache.kafka.clients.NetworkClient   : [Consumer clientId=consumer-notification-service-group-2, groupId=notification-service-group] Bootstrap broker localhost:9092 (id: -1 rack: null) disconnected
2026-07-27T00:52:25.066+05:30  INFO 3640 --- [notification-service] [ntainer#0-0-C-1] org.apache.kafka.clients.NetworkClient   : [Consumer clientId=consumer-notification-service-group-1, groupId=notification-service-group] Node -1 disconnected.
2026-07-27T00:52:25.066+05:30  WARN 3640 --- [notification-service] [ntainer#0-0-C-1] org.apache.kafka.clients.NetworkClient   : [Consumer clientId=consumer-notification-service-group-1, groupId=notification-service-group] Connection to node -1 (localhost/127.0.0.1:9092) could not be established. Node may not be available.
2026-07-27T00:52:25.066+05:30  WARN 3640 --- [notification-service] [ntainer#0-0-C-1] org.apache.kafka.clients.NetworkClient   : [Consumer clientId=consumer-notification-service-group-1, groupId=notification-service-group] Bootstrap broker localhost:9092 (id: -1 rack: null) disconnected
2026-07-27T00:52:25.567+05:30  INFO 3640 --- [notification-service] [ntainer#1-0-C-1] org.apache.kafka.clients.NetworkClient   : [Consumer clientId=consumer-notification-service-group-2, groupId=notification-service-group] Node -1 disconnected.
2026-07-27T00:52:25.567+05:30  WARN 3640 --- [notification-service] [ntainer#1-0-C-1] org.apache.kafka.clients.NetworkClient   : [Consumer clientId=consumer-notification-service-group-2, groupId=notification-service-group] Connection to node -1 (localhost/127.0.0.1:9092) could not be established. Node may not be available.
2026-07-27T00:52:25.567+05:30  WARN 3640 --- [notification-service] [ntainer#1-0-C-1] org.apache.kafka.clients.NetworkClient   : [Consumer clientId=consumer-notification-service-group-2, groupId=notification-service-group] Bootstrap broker localhost:9092 (id: -1 rack: null) disconnected
2026-07-27T00:52:26.068+05:30  INFO 3640 --- [notification-service] [ntainer#0-0-C-1] org.apache.kafka.clients.NetworkClient   : [Consumer clientId=consumer-notification-service-group-1, groupId=notification-service-group] Node -1 disconnected.
2026-07-27T00:52:26.068+05:30  WARN 3640 --- [notification-service] [ntainer#0-0-C-1] org.apache.kafka.clients.NetworkClient   : [Consumer clientId=consumer-notification-service-group-1, groupId=notification-service-group] Connection to node -1 (localhost/127.0.0.1:9092) could not be established. Node may not be available.
2026-07-27T00:52:26.069+05:30  WARN 3640 --- [notification-service] [ntainer#0-0-C-1] org.apache.kafka.clients.NetworkClient   : [Consumer clientId=consumer-notification-service-group-1, groupId=notification-service-group] Bootstrap broker localhost:9092 (id: -1 rack: null) disconnected
2026-07-27T00:52:26.568+05:30  INFO 3640 --- [notification-service] [ntainer#1-0-C-1] org.apache.kafka.clients.NetworkClient   : [Consumer clientId=consumer-notification-service-group-2, groupId=notification-service-group] Node -1 disconnected.
2026-07-27T00:52:26.568+05:30  WARN 3640 --- [notification-service] [ntainer#1-0-C-1] org.apache.kafka.clients.NetworkClient   : [Consumer clientId=consumer-notification-service-group-2, groupId=notification-service-group] Connection to node -1 (localhost/127.0.0.1:9092) could not be established. Node may not be available.
2026-07-27T00:52:26.568+05:30  WARN 3640 --- [notification-service] [ntainer#1-0-C-1] org.apache.kafka.clients.NetworkClient   : [Consumer clientId=consumer-notification-service-group-2, groupId=notification-service-group] Bootstrap broker localhost:9092 (id: -1 rack: null) disconnected
2026-07-27T00:52:27.083+05:30  INFO 3640 --- [notification-service] [ntainer#0-0-C-1] org.apache.kafka.clients.NetworkClient   : [Consumer clientId=consumer-notification-service-group-1, groupId=notification-service-group] Node -1 disconnected.
2026-07-27T00:52:27.085+05:30  WARN 3640 --- [notification-service] [ntainer#0-0-C-1] org.apache.kafka.clients.NetworkClient   : [Consumer clientId=consumer-notification-service-group-1, groupId=notification-service-group] Connection to node -1 (localhost/127.0.0.1:9092) could not be established. Node may not be available.
2026-07-27T00:52:27.085+05:30  WARN 3640 --- [notification-service] [ntainer#0-0-C-1] org.apache.kafka.clients.NetworkClient   : [Consumer clientId=consumer-notification-service-group-1, groupId=notification-service-group] Bootstrap broker localhost:9092 (id: -1 rack: null) disconnected
2026-07-27T00:52:27.595+05:30  INFO 3640 --- [notification-service] [ntainer#1-0-C-1] org.apache.kafka.clients.NetworkClient   : [Consumer clientId=consumer-notification-service-group-2, groupId=notification-service-group] Node -1 disconnected.
2026-07-27T00:52:27.595+05:30  WARN 3640 --- [notification-service] [ntainer#1-0-C-1] org.apache.kafka.clients.NetworkClient   : [Consumer clientId=consumer-notification-service-group-2, groupId=notification-service-group] Connection to node -1 (localhost/127.0.0.1:9092) could not be established. Node may not be available.
2026-07-27T00:52:27.595+05:30  WARN 3640 --- [notification-service] [ntainer#1-0-C-1] org.apache.kafka.clients.NetworkClient   : [Consumer clientId=consumer-notification-service-group-2, groupId=notification-service-group] Bootstrap broker localhost:9092 (id: -1 rack: null) disconnected
2026-07-27T00:52:27.944+05:30  INFO 3640 --- [notification-service] [ntainer#0-0-C-1] org.apache.kafka.clients.NetworkClient   : [Consumer clientId=consumer-notification-service-group-1, groupId=notification-service-group] Node -1 disconnected.
2026-07-27T00:52:27.944+05:30  WARN 3640 --- [notification-service] [ntainer#0-0-C-1] org.apache.kafka.clients.NetworkClient   : [Consumer clientId=consumer-notification-service-group-1, groupId=notification-service-group] Connection to node -1 (localhost/127.0.0.1:9092) could not be established. Node may not be available.
2026-07-27T00:52:27.944+05:30  WARN 3640 --- [notification-service] [ntainer#0-0-C-1] org.apache.kafka.clients.NetworkClient   : [Consumer clientId=consumer-notification-service-group-1, groupId=notification-service-group] Bootstrap broker localhost:9092 (id: -1 rack: null) disconnected
2026-07-27T00:52:28.596+05:30  INFO 3640 --- [notification-service] [ntainer#1-0-C-1] org.apache.kafka.clients.NetworkClient   : [Consumer clientId=consumer-notification-service-group-2, groupId=notification-service-group] Node -1 disconnected.
2026-07-27T00:52:28.598+05:30  WARN 3640 --- [notification-service] [ntainer#1-0-C-1] org.apache.kafka.clients.NetworkClient   : [Consumer clientId=consumer-notification-service-group-2, groupId=notification-service-group] Connection to node -1 (localhost/127.0.0.1:9092) could not be established. Node may not be available.
2026-07-27T00:52:28.598+05:30  WARN 3640 --- [notification-service] [ntainer#1-0-C-1] org.apache.kafka.clients.NetworkClient   : [Consumer clientId=consumer-notification-service-group-2, groupId=notification-service-group] Bootstrap broker localhost:9092 (id: -1 rack: null) disconnected
2026-07-27T00:52:28.957+05:30  INFO 3640 --- [notification-service] [ntainer#0-0-C-1] org.apache.kafka.clients.NetworkClient   : [Consumer clientId=consumer-notification-service-group-1, groupId=notification-service-group] Node -1 disconnected.
2026-07-27T00:52:28.957+05:30  WARN 3640 --- [notification-service] [ntainer#0-0-C-1] org.apache.kafka.clients.NetworkClient   : [Consumer clientId=consumer-notification-service-group-1, groupId=notification-service-group] Connection to node -1 (localhost/127.0.0.1:9092) could not be established. Node may not be available.
2026-07-27T00:52:28.957+05:30  WARN 3640 --- [notification-service] [ntainer#0-0-C-1] org.apache.kafka.clients.NetworkClient   : [Consumer clientId=consumer-notification-service-group-1, groupId=notification-service-group] Bootstrap broker localhost:9092 (id: -1 rack: null) disconnected
2026-07-27T00:52:29.597+05:30  INFO 3640 --- [notification-service] [ntainer#1-0-C-1] org.apache.kafka.clients.NetworkClient   : [Consumer clientId=consumer-notification-service-group-2, groupId=notification-service-group] Node -1 disconnected.
2026-07-27T00:52:29.598+05:30  WARN 3640 --- [notification-service] [ntainer#1-0-C-1] org.apache.kafka.clients.NetworkClient   : [Consumer clientId=consumer-notification-service-group-2, groupId=notification-service-group] Connection to node -1 (localhost/127.0.0.1:9092) could not be established. Node may not be available.
2026-07-27T00:52:29.598+05:30  WARN 3640 --- [notification-service] [ntainer#1-0-C-1] org.apache.kafka.clients.NetworkClient   : [Consumer clientId=consumer-notification-service-group-2, groupId=notification-service-group] Bootstrap broker localhost:9092 (id: -1 rack: null) disconnected
2026-07-27T00:52:29.820+05:30  INFO 3640 --- [notification-service] [ntainer#0-0-C-1] org.apache.kafka.clients.NetworkClient   : [Consumer clientId=consumer-notification-service-group-1, groupId=notification-service-group] Node -1 disconnected.
2026-07-27T00:52:29.820+05:30  WARN 3640 --- [notification-service] [ntainer#0-0-C-1] org.apache.kafka.clients.NetworkClient   : [Consumer clientId=consumer-notification-service-group-1, groupId=notification-service-group] Connection to node -1 (localhost/127.0.0.1:9092) could not be established. Node may not be available.
2026-07-27T00:52:29.820+05:30  WARN 3640 --- [notification-service] [ntainer#0-0-C-1] org.apache.kafka.clients.NetworkClient   : [Consumer clientId=consumer-notification-service-group-1, groupId=notification-service-group] Bootstrap broker localhost:9092 (id: -1 rack: null) disconnected
2026-07-27T00:52:30.526+05:30  INFO 3640 --- [notification-service] [ntainer#1-0-C-1] org.apache.kafka.clients.NetworkClient   : [Consumer clientId=consumer-notification-service-group-2, groupId=notification-service-group] Node -1 disconnected.
2026-07-27T00:52:30.526+05:30  WARN 3640 --- [notification-service] [ntainer#1-0-C-1] org.apache.kafka.clients.NetworkClient   : [Consumer clientId=consumer-notification-service-group-2, groupId=notification-service-group] Connection to node -1 (localhost/127.0.0.1:9092) could not be established. Node may not be available.
2026-07-27T00:52:30.526+05:30  WARN 3640 --- [notification-service] [ntainer#1-0-C-1] org.apache.kafka.clients.NetworkClient   : [Consumer clientId=consumer-notification-service-group-2, groupId=notification-service-group] Bootstrap broker localhost:9092 (id: -1 rack: null) disconnected
2026-07-27T00:52:30.859+05:30  INFO 3640 --- [notification-service] [ntainer#0-0-C-1] org.apache.kafka.clients.NetworkClient   : [Consumer clientId=consumer-notification-service-group-1, groupId=notification-service-group] Node -1 disconnected.
2026-07-27T00:52:30.859+05:30  WARN 3640 --- [notification-service] [ntainer#0-0-C-1] org.apache.kafka.clients.NetworkClient   : [Consumer clientId=consumer-notification-service-group-1, groupId=notification-service-group] Connection to node -1 (localhost/127.0.0.1:9092) could not be established. Node may not be available.
2026-07-27T00:52:30.859+05:30  WARN 3640 --- [notification-service] [ntainer#0-0-C-1] org.apache.kafka.clients.NetworkClient   : [Consumer clientId=consumer-notification-service-group-1, groupId=notification-service-group] Bootstrap broker localhost:9092 (id: -1 rack: null) disconnected
2026-07-27T00:52:31.540+05:30  INFO 3640 --- [notification-service] [ntainer#1-0-C-1] org.apache.kafka.clients.NetworkClient   : [Consumer clientId=consumer-notification-service-group-2, groupId=notification-service-group] Node -1 disconnected.
2026-07-27T00:52:31.540+05:30  WARN 3640 --- [notification-service] [ntainer#1-0-C-1] org.apache.kafka.clients.NetworkClient   : [Consumer clientId=consumer-notification-service-group-2, groupId=notification-service-group] Connection to node -1 (localhost/127.0.0.1:9092) could not be established. Node may not be available.
2026-07-27T00:52:31.540+05:30  WARN 3640 --- [notification-service] [ntainer#1-0-C-1] org.apache.kafka.clients.NetworkClient   : [Consumer clientId=consumer-notification-service-group-2, groupId=notification-service-group] Bootstrap broker localhost:9092 (id: -1 rack: null) disconnected
2026-07-27T00:52:31.862+05:30  INFO 3640 --- [notification-service] [ntainer#0-0-C-1] org.apache.kafka.clients.NetworkClient   : [Consumer clientId=consumer-notification-service-group-1, groupId=notification-service-group] Node -1 disconnected.
2026-07-27T00:52:31.862+05:30  WARN 3640 --- [notification-service] [ntainer#0-0-C-1] org.apache.kafka.clients.NetworkClient   : [Consumer clientId=consumer-notification-service-group-1, groupId=notification-service-group] Connection to node -1 (localhost/127.0.0.1:9092) could not be established. Node may not be available.
2026-07-27T00:52:31.862+05:30  WARN 3640 --- [notification-service] [ntainer#0-0-C-1] org.apache.kafka.clients.NetworkClient   : [Consumer clientId=consumer-notification-service-group-1, groupId=notification-service-group] Bootstrap broker localhost:9092 (id: -1 rack: null) disconnected
2026-07-27T00:52:32.552+05:30  INFO 3640 --- [notification-service] [ntainer#1-0-C-1] org.apache.kafka.clients.NetworkClient   : [Consumer clientId=consumer-notification-service-group-2, groupId=notification-service-group] Node -1 disconnected.
2026-07-27T00:52:32.552+05:30  WARN 3640 --- [notification-service] [ntainer#1-0-C-1] org.apache.kafka.clients.NetworkClient   : [Consumer clientId=consumer-notification-service-group-2, groupId=notification-service-group] Connection to node -1 (localhost/127.0.0.1:9092) could not be established. Node may not be available.
2026-07-27T00:52:32.552+05:30  WARN 3640 --- [notification-service] [ntainer#1-0-C-1] org.apache.kafka.clients.NetworkClient   : [Consumer clientId=consumer-notification-service-group-2, groupId=notification-service-group] Bootstrap broker localhost:9092 (id: -1 rack: null) disconnected
2026-07-27T00:52:32.823+05:30  INFO 3640 --- [notification-service] [ntainer#0-0-C-1] org.apache.kafka.clients.NetworkClient   : [Consumer clientId=consumer-notification-service-group-1, groupId=notification-service-group] Node -1 disconnected.
2026-07-27T00:52:32.823+05:30  WARN 3640 --- [notification-service] [ntainer#0-0-C-1] org.apache.kafka.clients.NetworkClient   : [Consumer clientId=consumer-notification-service-group-1, groupId=notification-service-group] Connection to node -1 (localhost/127.0.0.1:9092) could not be established. Node may not be available.
2026-07-27T00:52:32.823+05:30  WARN 3640 --- [notification-service] [ntainer#0-0-C-1] org.apache.kafka.clients.NetworkClient   : [Consumer clientId=consumer-notification-service-group-1, groupId=notification-service-group] Bootstrap broker localhost:9092 (id: -1 rack: null) disconnected
2026-07-27T00:52:33.515+05:30  INFO 3640 --- [notification-service] [ntainer#1-0-C-1] org.apache.kafka.clients.NetworkClient   : [Consumer clientId=consumer-notification-service-group-2, groupId=notification-service-group] Node -1 disconnected.
2026-07-27T00:52:33.515+05:30  WARN 3640 --- [notification-service] [ntainer#1-0-C-1] org.apache.kafka.clients.NetworkClient   : [Consumer clientId=consumer-notification-service-group-2, groupId=notification-service-group] Connection to node -1 (localhost/127.0.0.1:9092) could not be established. Node may not be available.
2026-07-27T00:52:33.515+05:30  WARN 3640 --- [notification-service] [ntainer#1-0-C-1] org.apache.kafka.clients.NetworkClient   : [Consumer clientId=consumer-notification-service-group-2, groupId=notification-service-group] Bootstrap broker localhost:9092 (id: -1 rack: null) disconnected
2026-07-27T00:52:33.838+05:30  INFO 3640 --- [notification-service] [ntainer#0-0-C-1] org.apache.kafka.clients.NetworkClient   : [Consumer clientId=consumer-notification-service-group-1, groupId=notification-service-group] Node -1 disconnected.
2026-07-27T00:52:33.838+05:30  WARN 3640 --- [notification-service] [ntainer#0-0-C-1] org.apache.kafka.clients.NetworkClient   : [Consumer clientId=consumer-notification-service-group-1, groupId=notification-service-group] Connection to node -1 (localhost/127.0.0.1:9092) could not be established. Node may not be available.
2026-07-27T00:52:33.839+05:30  WARN 3640 --- [notification-service] [ntainer#0-0-C-1] org.apache.kafka.clients.NetworkClient   : [Consumer clientId=consumer-notification-service-group-1, groupId=notification-service-group] Bootstrap broker localhost:9092 (id: -1 rack: null) disconnected
2026-07-27T00:52:34.527+05:30  INFO 3640 --- [notification-service] [ntainer#1-0-C-1] org.apache.kafka.clients.NetworkClient   : [Consumer clientId=consumer-notification-service-group-2, groupId=notification-service-group] Node -1 disconnected.
2026-07-27T00:52:34.527+05:30  WARN 3640 --- [notification-service] [ntainer#1-0-C-1] org.apache.kafka.clients.NetworkClient   : [Consumer clientId=consumer-notification-service-group-2, groupId=notification-service-group] Connection to node -1 (localhost/127.0.0.1:9092) could not be established. Node may not be available.
2026-07-27T00:52:34.527+05:30  WARN 3640 --- [notification-service] [ntainer#1-0-C-1] org.apache.kafka.clients.NetworkClient   : [Consumer clientId=consumer-notification-service-group-2, groupId=notification-service-group] Bootstrap broker localhost:9092 (id: -1 rack: null) disconnected
2026-07-27T00:52:34.839+05:30  INFO 3640 --- [notification-service] [ntainer#0-0-C-1] org.apache.kafka.clients.NetworkClient   : [Consumer clientId=consumer-notification-service-group-1, groupId=notification-service-group] Node -1 disconnected.
2026-07-27T00:52:34.840+05:30  WARN 3640 --- [notification-service] [ntainer#0-0-C-1] org.apache.kafka.clients.NetworkClient   : [Consumer clientId=consumer-notification-service-group-1, groupId=notification-service-group] Connection to node -1 (localhost/127.0.0.1:9092) could not be established. Node may not be available.
2026-07-27T00:52:34.840+05:30  WARN 3640 --- [notification-service] [ntainer#0-0-C-1] org.apache.kafka.clients.NetworkClient   : [Consumer clientId=consumer-notification-service-group-1, groupId=notification-service-group] Bootstrap broker localhost:9092 (id: -1 rack: null) disconnected
2026-07-27T00:52:35.547+05:30  INFO 3640 --- [notification-service] [ntainer#1-0-C-1] org.apache.kafka.clients.NetworkClient   : [Consumer clientId=consumer-notification-service-group-2, groupId=notification-service-group] Node -1 disconnected.
2026-07-27T00:52:35.548+05:30  WARN 3640 --- [notification-service] [ntainer#1-0-C-1] org.apache.kafka.clients.NetworkClient   : [Consumer clientId=consumer-notification-service-group-2, groupId=notification-service-group] Connection to node -1 (localhost/127.0.0.1:9092) could not be established. Node may not be available.
2026-07-27T00:52:35.548+05:30  WARN 3640 --- [notification-service] [ntainer#1-0-C-1] org.apache.kafka.clients.NetworkClient   : [Consumer clientId=consumer-notification-service-group-2, groupId=notification-service-group] Bootstrap broker localhost:9092 (id: -1 rack: null) disconnected
2026-07-27T00:52:35.720+05:30  INFO 3640 --- [notification-service] [ntainer#0-0-C-1] org.apache.kafka.clients.NetworkClient   : [Consumer clientId=consumer-notification-service-group-1, groupId=notification-service-group] Node -1 disconnected.
2026-07-27T00:52:35.722+05:30  WARN 3640 --- [notification-service] [ntainer#0-0-C-1] org.apache.kafka.clients.NetworkClient   : [Consumer clientId=consumer-notification-service-group-1, groupId=notification-service-group] Connection to node -1 (localhost/127.0.0.1:9092) could not be established. Node may not be available.
2026-07-27T00:52:35.722+05:30  WARN 3640 --- [notification-service] [ntainer#0-0-C-1] org.apache.kafka.clients.NetworkClient   : [Consumer clientId=consumer-notification-service-group-1, groupId=notification-service-group] Bootstrap broker localhost:9092 (id: -1 rack: null) disconnected
2026-07-27T00:52:36.442+05:30  INFO 3640 --- [notification-service] [ntainer#1-0-C-1] org.apache.kafka.clients.NetworkClient   : [Consumer clientId=consumer-notification-service-group-2, groupId=notification-service-group] Node -1 disconnected.
2026-07-27T00:52:36.442+05:30  WARN 3640 --- [notification-service] [ntainer#1-0-C-1] org.apache.kafka.clients.NetworkClient   : [Consumer clientId=consumer-notification-service-group-2, groupId=notification-service-group] Connection to node -1 (localhost/127.0.0.1:9092) could not be established. Node may not be available.
2026-07-27T00:52:36.443+05:30  WARN 3640 --- [notification-service] [ntainer#1-0-C-1] org.apache.kafka.clients.NetworkClient   : [Consumer clientId=consumer-notification-service-group-2, groupId=notification-service-group] Bootstrap broker localhost:9092 (id: -1 rack: null) disconnected
2026-07-27T00:52:36.596+05:30  INFO 3640 --- [notification-service] [ntainer#0-0-C-1] org.apache.kafka.clients.NetworkClient   : [Consumer clientId=consumer-notification-service-group-1, groupId=notification-service-group] Node -1 disconnected.
2026-07-27T00:52:36.596+05:30  WARN 3640 --- [notification-service] [ntainer#0-0-C-1] org.apache.kafka.clients.NetworkClient   : [Consumer clientId=consumer-notification-service-group-1, groupId=notification-service-group] Connection to node -1 (localhost/127.0.0.1:9092) could not be established. Node may not be available.
2026-07-27T00:52:36.596+05:30  WARN 3640 --- [notification-service] [ntainer#0-0-C-1] org.apache.kafka.clients.NetworkClient   : [Consumer clientId=consumer-notification-service-group-1, groupId=notification-service-group] Bootstrap broker localhost:9092 (id: -1 rack: null) disconnected
2026-07-27T00:52:37.461+05:30  INFO 3640 --- [notification-service] [ntainer#1-0-C-1] org.apache.kafka.clients.NetworkClient   : [Consumer clientId=consumer-notification-service-group-2, groupId=notification-service-group] Node -1 disconnected.
2026-07-27T00:52:37.461+05:30  WARN 3640 --- [notification-service] [ntainer#1-0-C-1] org.apache.kafka.clients.NetworkClient   : [Consumer clientId=consumer-notification-service-group-2, groupId=notification-service-group] Connection to node -1 (localhost/127.0.0.1:9092) could not be established. Node may not be available.
2026-07-27T00:52:37.461+05:30  WARN 3640 --- [notification-service] [ntainer#1-0-C-1] org.apache.kafka.clients.NetworkClient   : [Consumer clientId=consumer-notification-service-group-2, groupId=notification-service-group] Bootstrap broker localhost:9092 (id: -1 rack: null) disconnected
2026-07-27T00:52:37.646+05:30  INFO 3640 --- [notification-service] [ntainer#0-0-C-1] org.apache.kafka.clients.NetworkClient   : [Consumer clientId=consumer-notification-service-group-1, groupId=notification-service-group] Node -1 disconnected.
2026-07-27T00:52:37.647+05:30  WARN 3640 --- [notification-service] [ntainer#0-0-C-1] org.apache.kafka.clients.NetworkClient   : [Consumer clientId=consumer-notification-service-group-1, groupId=notification-service-group] Connection to node -1 (localhost/127.0.0.1:9092) could not be established. Node may not be available.
2026-07-27T00:52:37.647+05:30  WARN 3640 --- [notification-service] [ntainer#0-0-C-1] org.apache.kafka.clients.NetworkClient   : [Consumer clientId=consumer-notification-service-group-1, groupId=notification-service-group] Bootstrap broker localhost:9092 (id: -1 rack: null) disconnected
2026-07-27T00:52:38.273+05:30  INFO 3640 --- [notification-service] [ntainer#1-0-C-1] org.apache.kafka.clients.NetworkClient   : [Consumer clientId=consumer-notification-service-group-2, groupId=notification-service-group] Node -1 disconnected.
2026-07-27T00:52:38.273+05:30  WARN 3640 --- [notification-service] [ntainer#1-0-C-1] org.apache.kafka.clients.NetworkClient   : [Consumer clientId=consumer-notification-service-group-2, groupId=notification-service-group] Connection to node -1 (localhost/127.0.0.1:9092) could not be established. Node may not be available.
2026-07-27T00:52:38.273+05:30  WARN 3640 --- [notification-service] [ntainer#1-0-C-1] org.apache.kafka.clients.NetworkClient   : [Consumer clientId=consumer-notification-service-group-2, groupId=notification-service-group] Bootstrap broker localhost:9092 (id: -1 rack: null) disconnected
2026-07-27T00:52:38.570+05:30  INFO 3640 --- [notification-service] [ntainer#0-0-C-1] org.apache.kafka.clients.NetworkClient   : [Consumer clientId=consumer-notification-service-group-1, groupId=notification-service-group] Node -1 disconnected.
2026-07-27T00:52:38.570+05:30  WARN 3640 --- [notification-service] [ntainer#0-0-C-1] org.apache.kafka.clients.NetworkClient   : [Consumer clientId=consumer-notification-service-group-1, groupId=notification-service-group] Connection to node -1 (localhost/127.0.0.1:9092) could not be established. Node may not be available.
2026-07-27T00:52:38.570+05:30  WARN 3640 --- [notification-service] [ntainer#0-0-C-1] org.apache.kafka.clients.NetworkClient   : [Consumer clientId=consumer-notification-service-group-1, groupId=notification-service-group] Bootstrap broker localhost:9092 (id: -1 rack: null) disconnected
2026-07-27T00:52:39.286+05:30  INFO 3640 --- [notification-service] [ntainer#1-0-C-1] org.apache.kafka.clients.NetworkClient   : [Consumer clientId=consumer-notification-service-group-2, groupId=notification-service-group] Node -1 disconnected.
2026-07-27T00:52:39.286+05:30  WARN 3640 --- [notification-service] [ntainer#1-0-C-1] org.apache.kafka.clients.NetworkClient   : [Consumer clientId=consumer-notification-service-group-2, groupId=notification-service-group] Connection to node -1 (localhost/127.0.0.1:9092) could not be established. Node may not be available.
2026-07-27T00:52:39.286+05:30  WARN 3640 --- [notification-service] [ntainer#1-0-C-1] org.apache.kafka.clients.NetworkClient   : [Consumer clientId=consumer-notification-service-group-2, groupId=notification-service-group] Bootstrap broker localhost:9092 (id: -1 rack: null) disconnected
2026-07-27T00:52:39.585+05:30  INFO 3640 --- [notification-service] [ntainer#0-0-C-1] org.apache.kafka.clients.NetworkClient   : [Consumer clientId=consumer-notification-service-group-1, groupId=notification-service-group] Node -1 disconnected.
2026-07-27T00:52:39.585+05:30  WARN 3640 --- [notification-service] [ntainer#0-0-C-1] org.apache.kafka.clients.NetworkClient   : [Consumer clientId=consumer-notification-service-group-1, groupId=notification-service-group] Connection to node -1 (localhost/127.0.0.1:9092) could not be established. Node may not be available.
2026-07-27T00:52:39.585+05:30  WARN 3640 --- [notification-service] [ntainer#0-0-C-1] org.apache.kafka.clients.NetworkClient   : [Consumer clientId=consumer-notification-service-group-1, groupId=notification-service-group] Bootstrap broker localhost:9092 (id: -1 rack: null) disconnected
2026-07-27T00:52:40.166+05:30  INFO 3640 --- [notification-service] [ntainer#1-0-C-1] org.apache.kafka.clients.NetworkClient   : [Consumer clientId=consumer-notification-service-group-2, groupId=notification-service-group] Node -1 disconnected.
2026-07-27T00:52:40.166+05:30  WARN 3640 --- [notification-service] [ntainer#1-0-C-1] org.apache.kafka.clients.NetworkClient   : [Consumer clientId=consumer-notification-service-group-2, groupId=notification-service-group] Connection to node -1 (localhost/127.0.0.1:9092) could not be established. Node may not be available.
2026-07-27T00:52:40.166+05:30  WARN 3640 --- [notification-service] [ntainer#1-0-C-1] org.apache.kafka.clients.NetworkClient   : [Consumer clientId=consumer-notification-service-group-2, groupId=notification-service-group] Bootstrap broker localhost:9092 (id: -1 rack: null) disconnected
2026-07-27T00:52:40.501+05:30  INFO 3640 --- [notification-service] [ntainer#0-0-C-1] org.apache.kafka.clients.NetworkClient   : [Consumer clientId=consumer-notification-service-group-1, groupId=notification-service-group] Node -1 disconnected.
2026-07-27T00:52:40.501+05:30  WARN 3640 --- [notification-service] [ntainer#0-0-C-1] org.apache.kafka.clients.NetworkClient   : [Consumer clientId=consumer-notification-service-group-1, groupId=notification-service-group] Connection to node -1 (localhost/127.0.0.1:9092) could not be established. Node may not be available.
2026-07-27T00:52:40.501+05:30  WARN 3640 --- [notification-service] [ntainer#0-0-C-1] org.apache.kafka.clients.NetworkClient   : [Consumer clientId=consumer-notification-service-group-1, groupId=notification-service-group] Bootstrap broker localhost:9092 (id: -1 rack: null) disconnected
2026-07-27T00:52:41.210+05:30  INFO 3640 --- [notification-service] [ntainer#1-0-C-1] org.apache.kafka.clients.NetworkClient   : [Consumer clientId=consumer-notification-service-group-2, groupId=notification-service-group] Node -1 disconnected.
2026-07-27T00:52:41.210+05:30  WARN 3640 --- [notification-service] [ntainer#1-0-C-1] org.apache.kafka.clients.NetworkClient   : [Consumer clientId=consumer-notification-service-group-2, groupId=notification-service-group] Connection to node -1 (localhost/127.0.0.1:9092) could not be established. Node may not be available.
2026-07-27T00:52:41.210+05:30  WARN 3640 --- [notification-service] [ntainer#1-0-C-1] org.apache.kafka.clients.NetworkClient   : [Consumer clientId=consumer-notification-service-group-2, groupId=notification-service-group] Bootstrap broker localhost:9092 (id: -1 rack: null) disconnected
2026-07-27T00:52:41.420+05:30  INFO 3640 --- [notification-service] [ntainer#0-0-C-1] org.apache.kafka.clients.NetworkClient   : [Consumer clientId=consumer-notification-service-group-1, groupId=notification-service-group] Node -1 disconnected.
2026-07-27T00:52:41.420+05:30  WARN 3640 --- [notification-service] [ntainer#0-0-C-1] org.apache.kafka.clients.NetworkClient   : [Consumer clientId=consumer-notification-service-group-1, groupId=notification-service-group] Connection to node -1 (localhost/127.0.0.1:9092) could not be established. Node may not be available.
2026-07-27T00:52:41.420+05:30  WARN 3640 --- [notification-service] [ntainer#0-0-C-1] org.apache.kafka.clients.NetworkClient   : [Consumer clientId=consumer-notification-service-group-1, groupId=notification-service-group] Bootstrap broker localhost:9092 (id: -1 rack: null) disconnected
2026-07-27T00:52:42.212+05:30  INFO 3640 --- [notification-service] [ntainer#1-0-C-1] org.apache.kafka.clients.NetworkClient   : [Consumer clientId=consumer-notification-service-group-2, groupId=notification-service-group] Node -1 disconnected.
2026-07-27T00:52:42.212+05:30  WARN 3640 --- [notification-service] [ntainer#1-0-C-1] org.apache.kafka.clients.NetworkClient   : [Consumer clientId=consumer-notification-service-group-2, groupId=notification-service-group] Connection to node -1 (localhost/127.0.0.1:9092) could not be established. Node may not be available.
2026-07-27T00:52:42.212+05:30  WARN 3640 --- [notification-service] [ntainer#1-0-C-1] org.apache.kafka.clients.NetworkClient   : [Consumer clientId=consumer-notification-service-group-2, groupId=notification-service-group] Bootstrap broker localhost:9092 (id: -1 rack: null) disconnected
2026-07-27T00:52:42.430+05:30  INFO 3640 --- [notification-service] [ntainer#0-0-C-1] org.apache.kafka.clients.NetworkClient   : [Consumer clientId=consumer-notification-service-group-1, groupId=notification-service-group] Node -1 disconnected.
2026-07-27T00:52:42.432+05:30  WARN 3640 --- [notification-service] [ntainer#0-0-C-1] org.apache.kafka.clients.NetworkClient   : [Consumer clientId=consumer-notification-service-group-1, groupId=notification-service-group] Connection to node -1 (localhost/127.0.0.1:9092) could not be established. Node may not be available.
2026-07-27T00:52:42.432+05:30  WARN 3640 --- [notification-service] [ntainer#0-0-C-1] org.apache.kafka.clients.NetworkClient   : [Consumer clientId=consumer-notification-service-group-1, groupId=notification-service-group] Bootstrap broker localhost:9092 (id: -1 rack: null) disconnected
2026-07-27T00:52:43.214+05:30  INFO 3640 --- [notification-service] [ntainer#1-0-C-1] org.apache.kafka.clients.NetworkClient   : [Consumer clientId=consumer-notification-service-group-2, groupId=notification-service-group] Node -1 disconnected.
2026-07-27T00:52:43.214+05:30  WARN 3640 --- [notification-service] [ntainer#1-0-C-1] org.apache.kafka.clients.NetworkClient   : [Consumer clientId=consumer-notification-service-group-2, groupId=notification-service-group] Connection to node -1 (localhost/127.0.0.1:9092) could not be established. Node may not be available.
2026-07-27T00:52:43.214+05:30  WARN 3640 --- [notification-service] [ntainer#1-0-C-1] org.apache.kafka.clients.NetworkClient   : [Consumer clientId=consumer-notification-service-group-2, groupId=notification-service-group] Bootstrap broker localhost:9092 (id: -1 rack: null) disconnected
2026-07-27T00:52:43.444+05:30  INFO 3640 --- [notification-service] [ntainer#0-0-C-1] org.apache.kafka.clients.NetworkClient   : [Consumer clientId=consumer-notification-service-group-1, groupId=notification-service-group] Node -1 disconnected.
2026-07-27T00:52:43.444+05:30  WARN 3640 --- [notification-service] [ntainer#0-0-C-1] org.apache.kafka.clients.NetworkClient   : [Consumer clientId=consumer-notification-service-group-1, groupId=notification-service-group] Connection to node -1 (localhost/127.0.0.1:9092) could not be established. Node may not be available.
2026-07-27T00:52:43.444+05:30  WARN 3640 --- [notification-service] [ntainer#0-0-C-1] org.apache.kafka.clients.NetworkClient   : [Consumer clientId=consumer-notification-service-group-1, groupId=notification-service-group] Bootstrap broker localhost:9092 (id: -1 rack: null) disconnected
2026-07-27T00:52:44.176+05:30  INFO 3640 --- [notification-service] [ntainer#1-0-C-1] org.apache.kafka.clients.NetworkClient   : [Consumer clientId=consumer-notification-service-group-2, groupId=notification-service-group] Node -1 disconnected.
2026-07-27T00:52:44.176+05:30  WARN 3640 --- [notification-service] [ntainer#1-0-C-1] org.apache.kafka.clients.NetworkClient   : [Consumer clientId=consumer-notification-service-group-2, groupId=notification-service-group] Connection to node -1 (localhost/127.0.0.1:9092) could not be established. Node may not be available.
2026-07-27T00:52:44.176+05:30  WARN 3640 --- [notification-service] [ntainer#1-0-C-1] org.apache.kafka.clients.NetworkClient   : [Consumer clientId=consumer-notification-service-group-2, groupId=notification-service-group] Bootstrap broker localhost:9092 (id: -1 rack: null) disconnected
2026-07-27T00:52:44.407+05:30  INFO 3640 --- [notification-service] [ntainer#0-0-C-1] org.apache.kafka.clients.NetworkClient   : [Consumer clientId=consumer-notification-service-group-1, groupId=notification-service-group] Node -1 disconnected.
2026-07-27T00:52:44.407+05:30  WARN 3640 --- [notification-service] [ntainer#0-0-C-1] org.apache.kafka.clients.NetworkClient   : [Consumer clientId=consumer-notification-service-group-1, groupId=notification-service-group] Connection to node -1 (localhost/127.0.0.1:9092) could not be established. Node may not be available.
2026-07-27T00:52:44.407+05:30  WARN 3640 --- [notification-service] [ntainer#0-0-C-1] org.apache.kafka.clients.NetworkClient   : [Consumer clientId=consumer-notification-service-group-1, groupId=notification-service-group] Bootstrap broker localhost:9092 (id: -1 rack: null) disconnected
2026-07-27T00:52:45.137+05:30  INFO 3640 --- [notification-service] [ntainer#1-0-C-1] org.apache.kafka.clients.NetworkClient   : [Consumer clientId=consumer-notification-service-group-2, groupId=notification-service-group] Node -1 disconnected.
2026-07-27T00:52:45.137+05:30  WARN 3640 --- [notification-service] [ntainer#1-0-C-1] org.apache.kafka.clients.NetworkClient   : [Consumer clientId=consumer-notification-service-group-2, groupId=notification-service-group] Connection to node -1 (localhost/127.0.0.1:9092) could not be established. Node may not be available.
2026-07-27T00:52:45.137+05:30  WARN 3640 --- [notification-service] [ntainer#1-0-C-1] org.apache.kafka.clients.NetworkClient   : [Consumer clientId=consumer-notification-service-group-2, groupId=notification-service-group] Bootstrap broker localhost:9092 (id: -1 rack: null) disconnected
2026-07-27T00:52:45.510+05:30  INFO 3640 --- [notification-service] [ntainer#0-0-C-1] org.apache.kafka.clients.NetworkClient   : [Consumer clientId=consumer-notification-service-group-1, groupId=notification-service-group] Node -1 disconnected.
2026-07-27T00:52:45.510+05:30  WARN 3640 --- [notification-service] [ntainer#0-0-C-1] org.apache.kafka.clients.NetworkClient   : [Consumer clientId=consumer-notification-service-group-1, groupId=notification-service-group] Connection to node -1 (localhost/127.0.0.1:9092) could not be established. Node may not be available.
2026-07-27T00:52:45.510+05:30  WARN 3640 --- [notification-service] [ntainer#0-0-C-1] org.apache.kafka.clients.NetworkClient   : [Consumer clientId=consumer-notification-service-group-1, groupId=notification-service-group] Bootstrap broker localhost:9092 (id: -1 rack: null) disconnected
2026-07-27T00:52:46.138+05:30  INFO 3640 --- [notification-service] [ntainer#1-0-C-1] org.apache.kafka.clients.NetworkClient   : [Consumer clientId=consumer-notification-service-group-2, groupId=notification-service-group] Node -1 disconnected.
2026-07-27T00:52:46.138+05:30  WARN 3640 --- [notification-service] [ntainer#1-0-C-1] org.apache.kafka.clients.NetworkClient   : [Consumer clientId=consumer-notification-service-group-2, groupId=notification-service-group] Connection to node -1 (localhost/127.0.0.1:9092) could not be established. Node may not be available.
2026-07-27T00:52:46.138+05:30  WARN 3640 --- [notification-service] [ntainer#1-0-C-1] org.apache.kafka.clients.NetworkClient   : [Consumer clientId=consumer-notification-service-group-2, groupId=notification-service-group] Bootstrap broker localhost:9092 (id: -1 rack: null) disconnected
2026-07-27T00:52:46.372+05:30  INFO 3640 --- [notification-service] [ntainer#0-0-C-1] org.apache.kafka.clients.NetworkClient   : [Consumer clientId=consumer-notification-service-group-1, groupId=notification-service-group] Node -1 disconnected.
2026-07-27T00:52:46.372+05:30  WARN 3640 --- [notification-service] [ntainer#0-0-C-1] org.apache.kafka.clients.NetworkClient   : [Consumer clientId=consumer-notification-service-group-1, groupId=notification-service-group] Connection to node -1 (localhost/127.0.0.1:9092) could not be established. Node may not be available.
2026-07-27T00:52:46.372+05:30  WARN 3640 --- [notification-service] [ntainer#0-0-C-1] org.apache.kafka.clients.NetworkClient   : [Consumer clientId=consumer-notification-service-group-1, groupId=notification-service-group] Bootstrap broker localhost:9092 (id: -1 rack: null) disconnected
2026-07-27T00:52:47.142+05:30  INFO 3640 --- [notification-service] [ntainer#1-0-C-1] org.apache.kafka.clients.NetworkClient   : [Consumer clientId=consumer-notification-service-group-2, groupId=notification-service-group] Node -1 disconnected.
2026-07-27T00:52:47.142+05:30  WARN 3640 --- [notification-service] [ntainer#1-0-C-1] org.apache.kafka.clients.NetworkClient   : [Consumer clientId=consumer-notification-service-group-2, groupId=notification-service-group] Connection to node -1 (localhost/127.0.0.1:9092) could not be established. Node may not be available.
2026-07-27T00:52:47.142+05:30  WARN 3640 --- [notification-service] [ntainer#1-0-C-1] org.apache.kafka.clients.NetworkClient   : [Consumer clientId=consumer-notification-service-group-2, groupId=notification-service-group] Bootstrap broker localhost:9092 (id: -1 rack: null) disconnected
2026-07-27T00:52:47.287+05:30  INFO 3640 --- [notification-service] [ntainer#0-0-C-1] org.apache.kafka.clients.NetworkClient   : [Consumer clientId=consumer-notification-service-group-1, groupId=notification-service-group] Node -1 disconnected.
2026-07-27T00:52:47.287+05:30  WARN 3640 --- [notification-service] [ntainer#0-0-C-1] org.apache.kafka.clients.NetworkClient   : [Consumer clientId=consumer-notification-service-group-1, groupId=notification-service-group] Connection to node -1 (localhost/127.0.0.1:9092) could not be established. Node may not be available.
2026-07-27T00:52:47.288+05:30  WARN 3640 --- [notification-service] [ntainer#0-0-C-1] org.apache.kafka.clients.NetworkClient   : [Consumer clientId=consumer-notification-service-group-1, groupId=notification-service-group] Bootstrap broker localhost:9092 (id: -1 rack: null) disconnected
2026-07-27T00:52:48.144+05:30  INFO 3640 --- [notification-service] [ntainer#1-0-C-1] org.apache.kafka.clients.NetworkClient   : [Consumer clientId=consumer-notification-service-group-2, groupId=notification-service-group] Node -1 disconnected.
2026-07-27T00:52:48.144+05:30  WARN 3640 --- [notification-service] [ntainer#1-0-C-1] org.apache.kafka.clients.NetworkClient   : [Consumer clientId=consumer-notification-service-group-2, groupId=notification-service-group] Connection to node -1 (localhost/127.0.0.1:9092) could not be established. Node may not be available.
2026-07-27T00:52:48.144+05:30  WARN 3640 --- [notification-service] [ntainer#1-0-C-1] org.apache.kafka.clients.NetworkClient   : [Consumer clientId=consumer-notification-service-group-2, groupId=notification-service-group] Bootstrap broker localhost:9092 (id: -1 rack: null) disconnected
2026-07-27T00:52:48.252+05:30  INFO 3640 --- [notification-service] [ntainer#0-0-C-1] org.apache.kafka.clients.NetworkClient   : [Consumer clientId=consumer-notification-service-group-1, groupId=notification-service-group] Node -1 disconnected.
2026-07-27T00:52:48.252+05:30  WARN 3640 --- [notification-service] [ntainer#0-0-C-1] org.apache.kafka.clients.NetworkClient   : [Consumer clientId=consumer-notification-service-group-1, groupId=notification-service-group] Connection to node -1 (localhost/127.0.0.1:9092) could not be established. Node may not be available.
2026-07-27T00:52:48.252+05:30  WARN 3640 --- [notification-service] [ntainer#0-0-C-1] org.apache.kafka.clients.NetworkClient   : [Consumer clientId=consumer-notification-service-group-1, groupId=notification-service-group] Bootstrap broker localhost:9092 (id: -1 rack: null) disconnected
2026-07-27T00:52:49.078+05:30  INFO 3640 --- [notification-service] [ntainer#0-0-C-1] org.apache.kafka.clients.NetworkClient   : [Consumer clientId=consumer-notification-service-group-1, groupId=notification-service-group] Node -1 disconnected.
2026-07-27T00:52:49.078+05:30  WARN 3640 --- [notification-service] [ntainer#0-0-C-1] org.apache.kafka.clients.NetworkClient   : [Consumer clientId=consumer-notification-service-group-1, groupId=notification-service-group] Connection to node -1 (localhost/127.0.0.1:9092) could not be established. Node may not be available.
2026-07-27T00:52:49.078+05:30  WARN 3640 --- [notification-service] [ntainer#0-0-C-1] org.apache.kafka.clients.NetworkClient   : [Consumer clientId=consumer-notification-service-group-1, groupId=notification-service-group] Bootstrap broker localhost:9092 (id: -1 rack: null) disconnected
2026-07-27T00:52:49.156+05:30  INFO 3640 --- [notification-service] [ntainer#1-0-C-1] org.apache.kafka.clients.NetworkClient   : [Consumer clientId=consumer-notification-service-group-2, groupId=notification-service-group] Node -1 disconnected.
2026-07-27T00:52:49.156+05:30  WARN 3640 --- [notification-service] [ntainer#1-0-C-1] org.apache.kafka.clients.NetworkClient   : [Consumer clientId=consumer-notification-service-group-2, groupId=notification-service-group] Connection to node -1 (localhost/127.0.0.1:9092) could not be established. Node may not be available.
2026-07-27T00:52:49.156+05:30  WARN 3640 --- [notification-service] [ntainer#1-0-C-1] org.apache.kafka.clients.NetworkClient   : [Consumer clientId=consumer-notification-service-group-2, groupId=notification-service-group] Bootstrap broker localhost:9092 (id: -1 rack: null) disconnected
2026-07-27T00:52:49.940+05:30  INFO 3640 --- [notification-service] [ntainer#0-0-C-1] org.apache.kafka.clients.NetworkClient   : [Consumer clientId=consumer-notification-service-group-1, groupId=notification-service-group] Node -1 disconnected.
2026-07-27T00:52:49.940+05:30  WARN 3640 --- [notification-service] [ntainer#0-0-C-1] org.apache.kafka.clients.NetworkClient   : [Consumer clientId=consumer-notification-service-group-1, groupId=notification-service-group] Connection to node -1 (localhost/127.0.0.1:9092) could not be established. Node may not be available.
2026-07-27T00:52:49.940+05:30  WARN 3640 --- [notification-service] [ntainer#0-0-C-1] org.apache.kafka.clients.NetworkClient   : [Consumer clientId=consumer-notification-service-group-1, groupId=notification-service-group] Bootstrap broker localhost:9092 (id: -1 rack: null) disconnected
2026-07-27T00:52:50.158+05:30  INFO 3640 --- [notification-service] [ntainer#1-0-C-1] org.apache.kafka.clients.NetworkClient   : [Consumer clientId=consumer-notification-service-group-2, groupId=notification-service-group] Node -1 disconnected.
2026-07-27T00:52:50.158+05:30  WARN 3640 --- [notification-service] [ntainer#1-0-C-1] org.apache.kafka.clients.NetworkClient   : [Consumer clientId=consumer-notification-service-group-2, groupId=notification-service-group] Connection to node -1 (localhost/127.0.0.1:9092) could not be established. Node may not be available.
2026-07-27T00:52:50.158+05:30  WARN 3640 --- [notification-service] [ntainer#1-0-C-1] org.apache.kafka.clients.NetworkClient   : [Consumer clientId=consumer-notification-service-group-2, groupId=notification-service-group] Bootstrap broker localhost:9092 (id: -1 rack: null) disconnected
2026-07-27T00:52:50.964+05:30  INFO 3640 --- [notification-service] [ntainer#0-0-C-1] org.apache.kafka.clients.NetworkClient   : [Consumer clientId=consumer-notification-service-group-1, groupId=notification-service-group] Node -1 disconnected.
2026-07-27T00:52:50.964+05:30  WARN 3640 --- [notification-service] [ntainer#0-0-C-1] org.apache.kafka.clients.NetworkClient   : [Consumer clientId=consumer-notification-service-group-1, groupId=notification-service-group] Connection to node -1 (localhost/127.0.0.1:9092) could not be established. Node may not be available.
2026-07-27T00:52:50.964+05:30  WARN 3640 --- [notification-service] [ntainer#0-0-C-1] org.apache.kafka.clients.NetworkClient   : [Consumer clientId=consumer-notification-service-group-1, groupId=notification-service-group] Bootstrap broker localhost:9092 (id: -1 rack: null) disconnected
2026-07-27T00:52:51.159+05:30  INFO 3640 --- [notification-service] [ntainer#1-0-C-1] org.apache.kafka.clients.NetworkClient   : [Consumer clientId=consumer-notification-service-group-2, groupId=notification-service-group] Node -1 disconnected.
2026-07-27T00:52:51.159+05:30  WARN 3640 --- [notification-service] [ntainer#1-0-C-1] org.apache.kafka.clients.NetworkClient   : [Consumer clientId=consumer-notification-service-group-2, groupId=notification-service-group] Connection to node -1 (localhost/127.0.0.1:9092) could not be established. Node may not be available.
2026-07-27T00:52:51.159+05:30  WARN 3640 --- [notification-service] [ntainer#1-0-C-1] org.apache.kafka.clients.NetworkClient   : [Consumer clientId=consumer-notification-service-group-2, groupId=notification-service-group] Bootstrap broker localhost:9092 (id: -1 rack: null) disconnected
2026-07-27T00:52:51.823+05:30  INFO 3640 --- [notification-service] [ntainer#0-0-C-1] org.apache.kafka.clients.NetworkClient   : [Consumer clientId=consumer-notification-service-group-1, groupId=notification-service-group] Node -1 disconnected.
2026-07-27T00:52:51.823+05:30  WARN 3640 --- [notification-service] [ntainer#0-0-C-1] org.apache.kafka.clients.NetworkClient   : [Consumer clientId=consumer-notification-service-group-1, groupId=notification-service-group] Connection to node -1 (localhost/127.0.0.1:9092) could not be established. Node may not be available.
2026-07-27T00:52:51.823+05:30  WARN 3640 --- [notification-service] [ntainer#0-0-C-1] org.apache.kafka.clients.NetworkClient   : [Consumer clientId=consumer-notification-service-group-1, groupId=notification-service-group] Bootstrap broker localhost:9092 (id: -1 rack: null) disconnected
2026-07-27T00:52:52.160+05:30  INFO 3640 --- [notification-service] [ntainer#1-0-C-1] org.apache.kafka.clients.NetworkClient   : [Consumer clientId=consumer-notification-service-group-2, groupId=notification-service-group] Node -1 disconnected.
2026-07-27T00:52:52.160+05:30  WARN 3640 --- [notification-service] [ntainer#1-0-C-1] org.apache.kafka.clients.NetworkClient   : [Consumer clientId=consumer-notification-service-group-2, groupId=notification-service-group] Connection to node -1 (localhost/127.0.0.1:9092) could not be established. Node may not be available.
2026-07-27T00:52:52.160+05:30  WARN 3640 --- [notification-service] [ntainer#1-0-C-1] org.apache.kafka.clients.NetworkClient   : [Consumer clientId=consumer-notification-service-group-2, groupId=notification-service-group] Bootstrap broker localhost:9092 (id: -1 rack: null) disconnected
2026-07-27T00:52:52.828+05:30  INFO 3640 --- [notification-service] [ntainer#0-0-C-1] org.apache.kafka.clients.NetworkClient   : [Consumer clientId=consumer-notification-service-group-1, groupId=notification-service-group] Node -1 disconnected.
2026-07-27T00:52:52.828+05:30  WARN 3640 --- [notification-service] [ntainer#0-0-C-1] org.apache.kafka.clients.NetworkClient   : [Consumer clientId=consumer-notification-service-group-1, groupId=notification-service-group] Connection to node -1 (localhost/127.0.0.1:9092) could not be established. Node may not be available.
2026-07-27T00:52:52.828+05:30  WARN 3640 --- [notification-service] [ntainer#0-0-C-1] org.apache.kafka.clients.NetworkClient   : [Consumer clientId=consumer-notification-service-group-1, groupId=notification-service-group] Bootstrap broker localhost:9092 (id: -1 rack: null) disconnected
2026-07-27T00:52:53.021+05:30  INFO 3640 --- [notification-service] [ntainer#1-0-C-1] org.apache.kafka.clients.NetworkClient   : [Consumer clientId=consumer-notification-service-group-2, groupId=notification-service-group] Node -1 disconnected.
2026-07-27T00:52:53.021+05:30  WARN 3640 --- [notification-service] [ntainer#1-0-C-1] org.apache.kafka.clients.NetworkClient   : [Consumer clientId=consumer-notification-service-group-2, groupId=notification-service-group] Connection to node -1 (localhost/127.0.0.1:9092) could not be established. Node may not be available.
2026-07-27T00:52:53.021+05:30  WARN 3640 --- [notification-service] [ntainer#1-0-C-1] org.apache.kafka.clients.NetworkClient   : [Consumer clientId=consumer-notification-service-group-2, groupId=notification-service-group] Bootstrap broker localhost:9092 (id: -1 rack: null) disconnected
2026-07-27T00:52:53.634+05:30  INFO 3640 --- [notification-service] [ntainer#0-0-C-1] org.apache.kafka.clients.NetworkClient   : [Consumer clientId=consumer-notification-service-group-1, groupId=notification-service-group] Node -1 disconnected.
2026-07-27T00:52:53.634+05:30  WARN 3640 --- [notification-service] [ntainer#0-0-C-1] org.apache.kafka.clients.NetworkClient   : [Consumer clientId=consumer-notification-service-group-1, groupId=notification-service-group] Connection to node -1 (localhost/127.0.0.1:9092) could not be established. Node may not be available.
2026-07-27T00:52:53.634+05:30  WARN 3640 --- [notification-service] [ntainer#0-0-C-1] org.apache.kafka.clients.NetworkClient   : [Consumer clientId=consumer-notification-service-group-1, groupId=notification-service-group] Bootstrap broker localhost:9092 (id: -1 rack: null) disconnected
2026-07-27T00:52:54.034+05:30  INFO 3640 --- [notification-service] [ntainer#1-0-C-1] org.apache.kafka.clients.NetworkClient   : [Consumer clientId=consumer-notification-service-group-2, groupId=notification-service-group] Node -1 disconnected.
2026-07-27T00:52:54.034+05:30  WARN 3640 --- [notification-service] [ntainer#1-0-C-1] org.apache.kafka.clients.NetworkClient   : [Consumer clientId=consumer-notification-service-group-2, groupId=notification-service-group] Connection to node -1 (localhost/127.0.0.1:9092) could not be established. Node may not be available.
2026-07-27T00:52:54.034+05:30  WARN 3640 --- [notification-service] [ntainer#1-0-C-1] org.apache.kafka.clients.NetworkClient   : [Consumer clientId=consumer-notification-service-group-2, groupId=notification-service-group] Bootstrap broker localhost:9092 (id: -1 rack: null) disconnected
2026-07-27T00:52:54.486+05:30  INFO 3640 --- [notification-service] [ntainer#0-0-C-1] org.apache.kafka.clients.NetworkClient   : [Consumer clientId=consumer-notification-service-group-1, groupId=notification-service-group] Node -1 disconnected.
2026-07-27T00:52:54.486+05:30  WARN 3640 --- [notification-service] [ntainer#0-0-C-1] org.apache.kafka.clients.NetworkClient   : [Consumer clientId=consumer-notification-service-group-1, groupId=notification-service-group] Connection to node -1 (localhost/127.0.0.1:9092) could not be established. Node may not be available.
2026-07-27T00:52:54.486+05:30  WARN 3640 --- [notification-service] [ntainer#0-0-C-1] org.apache.kafka.clients.NetworkClient   : [Consumer clientId=consumer-notification-service-group-1, groupId=notification-service-group] Bootstrap broker localhost:9092 (id: -1 rack: null) disconnected
2026-07-27T00:52:55.046+05:30  INFO 3640 --- [notification-service] [ntainer#1-0-C-1] org.apache.kafka.clients.NetworkClient   : [Consumer clientId=consumer-notification-service-group-2, groupId=notification-service-group] Node -1 disconnected.
2026-07-27T00:52:55.046+05:30  WARN 3640 --- [notification-service] [ntainer#1-0-C-1] org.apache.kafka.clients.NetworkClient   : [Consumer clientId=consumer-notification-service-group-2, groupId=notification-service-group] Connection to node -1 (localhost/127.0.0.1:9092) could not be established. Node may not be available.
2026-07-27T00:52:55.046+05:30  WARN 3640 --- [notification-service] [ntainer#1-0-C-1] org.apache.kafka.clients.NetworkClient   : [Consumer clientId=consumer-notification-service-group-2, groupId=notification-service-group] Bootstrap broker localhost:9092 (id: -1 rack: null) disconnected
2026-07-27T00:52:55.351+05:30  INFO 3640 --- [notification-service] [ntainer#0-0-C-1] org.apache.kafka.clients.NetworkClient   : [Consumer clientId=consumer-notification-service-group-1, groupId=notification-service-group] Node -1 disconnected.
2026-07-27T00:52:55.352+05:30  WARN 3640 --- [notification-service] [ntainer#0-0-C-1] org.apache.kafka.clients.NetworkClient   : [Consumer clientId=consumer-notification-service-group-1, groupId=notification-service-group] Connection to node -1 (localhost/127.0.0.1:9092) could not be established. Node may not be available.
2026-07-27T00:52:55.352+05:30  WARN 3640 --- [notification-service] [ntainer#0-0-C-1] org.apache.kafka.clients.NetworkClient   : [Consumer clientId=consumer-notification-service-group-1, groupId=notification-service-group] Bootstrap broker localhost:9092 (id: -1 rack: null) disconnected
2026-07-27T00:52:56.048+05:30  INFO 3640 --- [notification-service] [ntainer#1-0-C-1] org.apache.kafka.clients.NetworkClient   : [Consumer clientId=consumer-notification-service-group-2, groupId=notification-service-group] Node -1 disconnected.
2026-07-27T00:52:56.048+05:30  WARN 3640 --- [notification-service] [ntainer#1-0-C-1] org.apache.kafka.clients.NetworkClient   : [Consumer clientId=consumer-notification-service-group-2, groupId=notification-service-group] Connection to node -1 (localhost/127.0.0.1:9092) could not be established. Node may not be available.
2026-07-27T00:52:56.048+05:30  WARN 3640 --- [notification-service] [ntainer#1-0-C-1] org.apache.kafka.clients.NetworkClient   : [Consumer clientId=consumer-notification-service-group-2, groupId=notification-service-group] Bootstrap broker localhost:9092 (id: -1 rack: null) disconnected
2026-07-27T00:52:56.361+05:30  INFO 3640 --- [notification-service] [ntainer#0-0-C-1] org.apache.kafka.clients.NetworkClient   : [Consumer clientId=consumer-notification-service-group-1, groupId=notification-service-group] Node -1 disconnected.
2026-07-27T00:52:56.362+05:30  WARN 3640 --- [notification-service] [ntainer#0-0-C-1] org.apache.kafka.clients.NetworkClient   : [Consumer clientId=consumer-notification-service-group-1, groupId=notification-service-group] Connection to node -1 (localhost/127.0.0.1:9092) could not be established. Node may not be available.
2026-07-27T00:52:56.362+05:30  WARN 3640 --- [notification-service] [ntainer#0-0-C-1] org.apache.kafka.clients.NetworkClient   : [Consumer clientId=consumer-notification-service-group-1, groupId=notification-service-group] Bootstrap broker localhost:9092 (id: -1 rack: null) disconnected
2026-07-27T00:52:57.051+05:30  INFO 3640 --- [notification-service] [ntainer#1-0-C-1] org.apache.kafka.clients.NetworkClient   : [Consumer clientId=consumer-notification-service-group-2, groupId=notification-service-group] Node -1 disconnected.
2026-07-27T00:52:57.051+05:30  WARN 3640 --- [notification-service] [ntainer#1-0-C-1] org.apache.kafka.clients.NetworkClient   : [Consumer clientId=consumer-notification-service-group-2, groupId=notification-service-group] Connection to node -1 (localhost/127.0.0.1:9092) could not be established. Node may not be available.
2026-07-27T00:52:57.051+05:30  WARN 3640 --- [notification-service] [ntainer#1-0-C-1] org.apache.kafka.clients.NetworkClient   : [Consumer clientId=consumer-notification-service-group-2, groupId=notification-service-group] Bootstrap broker localhost:9092 (id: -1 rack: null) disconnected
2026-07-27T00:52:57.362+05:30  INFO 3640 --- [notification-service] [ntainer#0-0-C-1] org.apache.kafka.clients.NetworkClient   : [Consumer clientId=consumer-notification-service-group-1, groupId=notification-service-group] Node -1 disconnected.
2026-07-27T00:52:57.363+05:30  WARN 3640 --- [notification-service] [ntainer#0-0-C-1] org.apache.kafka.clients.NetworkClient   : [Consumer clientId=consumer-notification-service-group-1, groupId=notification-service-group] Connection to node -1 (localhost/127.0.0.1:9092) could not be established. Node may not be available.
2026-07-27T00:52:57.363+05:30  WARN 3640 --- [notification-service] [ntainer#0-0-C-1] org.apache.kafka.clients.NetworkClient   : [Consumer clientId=consumer-notification-service-group-1, groupId=notification-service-group] Bootstrap broker localhost:9092 (id: -1 rack: null) disconnected
2026-07-27T00:52:58.053+05:30  INFO 3640 --- [notification-service] [ntainer#1-0-C-1] org.apache.kafka.clients.NetworkClient   : [Consumer clientId=consumer-notification-service-group-2, groupId=notification-service-group] Node -1 disconnected.
2026-07-27T00:52:58.053+05:30  WARN 3640 --- [notification-service] [ntainer#1-0-C-1] org.apache.kafka.clients.NetworkClient   : [Consumer clientId=consumer-notification-service-group-2, groupId=notification-service-group] Connection to node -1 (localhost/127.0.0.1:9092) could not be established. Node may not be available.
2026-07-27T00:52:58.053+05:30  WARN 3640 --- [notification-service] [ntainer#1-0-C-1] org.apache.kafka.clients.NetworkClient   : [Consumer clientId=consumer-notification-service-group-2, groupId=notification-service-group] Bootstrap broker localhost:9092 (id: -1 rack: null) disconnected
2026-07-27T00:52:58.363+05:30  INFO 3640 --- [notification-service] [ntainer#0-0-C-1] org.apache.kafka.clients.NetworkClient   : [Consumer clientId=consumer-notification-service-group-1, groupId=notification-service-group] Node -1 disconnected.
2026-07-27T00:52:58.363+05:30  WARN 3640 --- [notification-service] [ntainer#0-0-C-1] org.apache.kafka.clients.NetworkClient   : [Consumer clientId=consumer-notification-service-group-1, groupId=notification-service-group] Connection to node -1 (localhost/127.0.0.1:9092) could not be established. Node may not be available.
2026-07-27T00:52:58.363+05:30  WARN 3640 --- [notification-service] [ntainer#0-0-C-1] org.apache.kafka.clients.NetworkClient   : [Consumer clientId=consumer-notification-service-group-1, groupId=notification-service-group] Bootstrap broker localhost:9092 (id: -1 rack: null) disconnected
2026-07-27T00:52:59.054+05:30  INFO 3640 --- [notification-service] [ntainer#1-0-C-1] org.apache.kafka.clients.NetworkClient   : [Consumer clientId=consumer-notification-service-group-2, groupId=notification-service-group] Node -1 disconnected.
2026-07-27T00:52:59.054+05:30  WARN 3640 --- [notification-service] [ntainer#1-0-C-1] org.apache.kafka.clients.NetworkClient   : [Consumer clientId=consumer-notification-service-group-2, groupId=notification-service-group] Connection to node -1 (localhost/127.0.0.1:9092) could not be established. Node may not be available.
2026-07-27T00:52:59.054+05:30  WARN 3640 --- [notification-service] [ntainer#1-0-C-1] org.apache.kafka.clients.NetworkClient   : [Consumer clientId=consumer-notification-service-group-2, groupId=notification-service-group] Bootstrap broker localhost:9092 (id: -1 rack: null) disconnected
2026-07-27T00:52:59.272+05:30  INFO 3640 --- [notification-service] [ntainer#0-0-C-1] org.apache.kafka.clients.NetworkClient   : [Consumer clientId=consumer-notification-service-group-1, groupId=notification-service-group] Node -1 disconnected.
2026-07-27T00:52:59.272+05:30  WARN 3640 --- [notification-service] [ntainer#0-0-C-1] org.apache.kafka.clients.NetworkClient   : [Consumer clientId=consumer-notification-service-group-1, groupId=notification-service-group] Connection to node -1 (localhost/127.0.0.1:9092) could not be established. Node may not be available.
2026-07-27T00:52:59.272+05:30  WARN 3640 --- [notification-service] [ntainer#0-0-C-1] org.apache.kafka.clients.NetworkClient   : [Consumer clientId=consumer-notification-service-group-1, groupId=notification-service-group] Bootstrap broker localhost:9092 (id: -1 rack: null) disconnected
2026-07-27T00:53:00.055+05:30  INFO 3640 --- [notification-service] [ntainer#1-0-C-1] org.apache.kafka.clients.NetworkClient   : [Consumer clientId=consumer-notification-service-group-2, groupId=notification-service-group] Node -1 disconnected.
2026-07-27T00:53:00.055+05:30  WARN 3640 --- [notification-service] [ntainer#1-0-C-1] org.apache.kafka.clients.NetworkClient   : [Consumer clientId=consumer-notification-service-group-2, groupId=notification-service-group] Connection to node -1 (localhost/127.0.0.1:9092) could not be established. Node may not be available.
2026-07-27T00:53:00.055+05:30  WARN 3640 --- [notification-service] [ntainer#1-0-C-1] org.apache.kafka.clients.NetworkClient   : [Consumer clientId=consumer-notification-service-group-2, groupId=notification-service-group] Bootstrap broker localhost:9092 (id: -1 rack: null) disconnected
2026-07-27T00:53:00.276+05:30  INFO 3640 --- [notification-service] [ntainer#0-0-C-1] org.apache.kafka.clients.NetworkClient   : [Consumer clientId=consumer-notification-service-group-1, groupId=notification-service-group] Node -1 disconnected.
2026-07-27T00:53:00.276+05:30  WARN 3640 --- [notification-service] [ntainer#0-0-C-1] org.apache.kafka.clients.NetworkClient   : [Consumer clientId=consumer-notification-service-group-1, groupId=notification-service-group] Connection to node -1 (localhost/127.0.0.1:9092) could not be established. Node may not be available.
2026-07-27T00:53:00.276+05:30  WARN 3640 --- [notification-service] [ntainer#0-0-C-1] org.apache.kafka.clients.NetworkClient   : [Consumer clientId=consumer-notification-service-group-1, groupId=notification-service-group] Bootstrap broker localhost:9092 (id: -1 rack: null) disconnected
2026-07-27T00:53:01.057+05:30  INFO 3640 --- [notification-service] [ntainer#1-0-C-1] org.apache.kafka.clients.NetworkClient   : [Consumer clientId=consumer-notification-service-group-2, groupId=notification-service-group] Node -1 disconnected.
2026-07-27T00:53:01.057+05:30  WARN 3640 --- [notification-service] [ntainer#1-0-C-1] org.apache.kafka.clients.NetworkClient   : [Consumer clientId=consumer-notification-service-group-2, groupId=notification-service-group] Connection to node -1 (localhost/127.0.0.1:9092) could not be established. Node may not be available.
2026-07-27T00:53:01.057+05:30  WARN 3640 --- [notification-service] [ntainer#1-0-C-1] org.apache.kafka.clients.NetworkClient   : [Consumer clientId=consumer-notification-service-group-2, groupId=notification-service-group] Bootstrap broker localhost:9092 (id: -1 rack: null) disconnected
2026-07-27T00:53:01.277+05:30  INFO 3640 --- [notification-service] [ntainer#0-0-C-1] org.apache.kafka.clients.NetworkClient   : [Consumer clientId=consumer-notification-service-group-1, groupId=notification-service-group] Node -1 disconnected.
2026-07-27T00:53:01.277+05:30  WARN 3640 --- [notification-service] [ntainer#0-0-C-1] org.apache.kafka.clients.NetworkClient   : [Consumer clientId=consumer-notification-service-group-1, groupId=notification-service-group] Connection to node -1 (localhost/127.0.0.1:9092) could not be established. Node may not be available.
2026-07-27T00:53:01.277+05:30  WARN 3640 --- [notification-service] [ntainer#0-0-C-1] org.apache.kafka.clients.NetworkClient   : [Consumer clientId=consumer-notification-service-group-1, groupId=notification-service-group] Bootstrap broker localhost:9092 (id: -1 rack: null) disconnected
2026-07-27T00:53:02.018+05:30  INFO 3640 --- [notification-service] [ntainer#1-0-C-1] org.apache.kafka.clients.NetworkClient   : [Consumer clientId=consumer-notification-service-group-2, groupId=notification-service-group] Node -1 disconnected.
2026-07-27T00:53:02.018+05:30  WARN 3640 --- [notification-service] [ntainer#1-0-C-1] org.apache.kafka.clients.NetworkClient   : [Consumer clientId=consumer-notification-service-group-2, groupId=notification-service-group] Connection to node -1 (localhost/127.0.0.1:9092) could not be established. Node may not be available.
2026-07-27T00:53:02.018+05:30  WARN 3640 --- [notification-service] [ntainer#1-0-C-1] org.apache.kafka.clients.NetworkClient   : [Consumer clientId=consumer-notification-service-group-2, groupId=notification-service-group] Bootstrap broker localhost:9092 (id: -1 rack: null) disconnected
2026-07-27T00:53:02.278+05:30  INFO 3640 --- [notification-service] [ntainer#0-0-C-1] org.apache.kafka.clients.NetworkClient   : [Consumer clientId=consumer-notification-service-group-1, groupId=notification-service-group] Node -1 disconnected.
2026-07-27T00:53:02.278+05:30  WARN 3640 --- [notification-service] [ntainer#0-0-C-1] org.apache.kafka.clients.NetworkClient   : [Consumer clientId=consumer-notification-service-group-1, groupId=notification-service-group] Connection to node -1 (localhost/127.0.0.1:9092) could not be established. Node may not be available.
2026-07-27T00:53:02.278+05:30  WARN 3640 --- [notification-service] [ntainer#0-0-C-1] org.apache.kafka.clients.NetworkClient   : [Consumer clientId=consumer-notification-service-group-1, groupId=notification-service-group] Bootstrap broker localhost:9092 (id: -1 rack: null) disconnected
2026-07-27T00:53:02.918+05:30  INFO 3640 --- [notification-service] [ntainer#1-0-C-1] org.apache.kafka.clients.NetworkClient   : [Consumer clientId=consumer-notification-service-group-2, groupId=notification-service-group] Node -1 disconnected.
2026-07-27T00:53:02.918+05:30  WARN 3640 --- [notification-service] [ntainer#1-0-C-1] org.apache.kafka.clients.NetworkClient   : [Consumer clientId=consumer-notification-service-group-2, groupId=notification-service-group] Connection to node -1 (localhost/127.0.0.1:9092) could not be established. Node may not be available.
2026-07-27T00:53:02.918+05:30  WARN 3640 --- [notification-service] [ntainer#1-0-C-1] org.apache.kafka.clients.NetworkClient   : [Consumer clientId=consumer-notification-service-group-2, groupId=notification-service-group] Bootstrap broker localhost:9092 (id: -1 rack: null) disconnected
2026-07-27T00:53:03.280+05:30  INFO 3640 --- [notification-service] [ntainer#0-0-C-1] org.apache.kafka.clients.NetworkClient   : [Consumer clientId=consumer-notification-service-group-1, groupId=notification-service-group] Node -1 disconnected.
2026-07-27T00:53:03.280+05:30  WARN 3640 --- [notification-service] [ntainer#0-0-C-1] org.apache.kafka.clients.NetworkClient   : [Consumer clientId=consumer-notification-service-group-1, groupId=notification-service-group] Connection to node -1 (localhost/127.0.0.1:9092) could not be established. Node may not be available.
2026-07-27T00:53:03.280+05:30  WARN 3640 --- [notification-service] [ntainer#0-0-C-1] org.apache.kafka.clients.NetworkClient   : [Consumer clientId=consumer-notification-service-group-1, groupId=notification-service-group] Bootstrap broker localhost:9092 (id: -1 rack: null) disconnected
2026-07-27T00:53:03.918+05:30  INFO 3640 --- [notification-service] [ntainer#1-0-C-1] org.apache.kafka.clients.NetworkClient   : [Consumer clientId=consumer-notification-service-group-2, groupId=notification-service-group] Node -1 disconnected.
2026-07-27T00:53:03.920+05:30  WARN 3640 --- [notification-service] [ntainer#1-0-C-1] org.apache.kafka.clients.NetworkClient   : [Consumer clientId=consumer-notification-service-group-2, groupId=notification-service-group] Connection to node -1 (localhost/127.0.0.1:9092) could not be established. Node may not be available.
2026-07-27T00:53:03.920+05:30  WARN 3640 --- [notification-service] [ntainer#1-0-C-1] org.apache.kafka.clients.NetworkClient   : [Consumer clientId=consumer-notification-service-group-2, groupId=notification-service-group] Bootstrap broker localhost:9092 (id: -1 rack: null) disconnected
2026-07-27T00:53:04.090+05:30  INFO 3640 --- [notification-service] [ntainer#0-0-C-1] org.apache.kafka.clients.NetworkClient   : [Consumer clientId=consumer-notification-service-group-1, groupId=notification-service-group] Node -1 disconnected.
2026-07-27T00:53:04.091+05:30  WARN 3640 --- [notification-service] [ntainer#0-0-C-1] org.apache.kafka.clients.NetworkClient   : [Consumer clientId=consumer-notification-service-group-1, groupId=notification-service-group] Connection to node -1 (localhost/127.0.0.1:9092) could not be established. Node may not be available.
2026-07-27T00:53:04.091+05:30  WARN 3640 --- [notification-service] [ntainer#0-0-C-1] org.apache.kafka.clients.NetworkClient   : [Consumer clientId=consumer-notification-service-group-1, groupId=notification-service-group] Bootstrap broker localhost:9092 (id: -1 rack: null) disconnected
2026-07-27T00:53:04.919+05:30  INFO 3640 --- [notification-service] [ntainer#1-0-C-1] org.apache.kafka.clients.NetworkClient   : [Consumer clientId=consumer-notification-service-group-2, groupId=notification-service-group] Node -1 disconnected.
2026-07-27T00:53:04.920+05:30  WARN 3640 --- [notification-service] [ntainer#1-0-C-1] org.apache.kafka.clients.NetworkClient   : [Consumer clientId=consumer-notification-service-group-2, groupId=notification-service-group] Connection to node -1 (localhost/127.0.0.1:9092) could not be established. Node may not be available.
2026-07-27T00:53:04.920+05:30  WARN 3640 --- [notification-service] [ntainer#1-0-C-1] org.apache.kafka.clients.NetworkClient   : [Consumer clientId=consumer-notification-service-group-2, groupId=notification-service-group] Bootstrap broker localhost:9092 (id: -1 rack: null) disconnected
2026-07-27T00:53:05.104+05:30  INFO 3640 --- [notification-service] [ntainer#0-0-C-1] org.apache.kafka.clients.NetworkClient   : [Consumer clientId=consumer-notification-service-group-1, groupId=notification-service-group] Node -1 disconnected.
2026-07-27T00:53:05.104+05:30  WARN 3640 --- [notification-service] [ntainer#0-0-C-1] org.apache.kafka.clients.NetworkClient   : [Consumer clientId=consumer-notification-service-group-1, groupId=notification-service-group] Connection to node -1 (localhost/127.0.0.1:9092) could not be established. Node may not be available.
2026-07-27T00:53:05.104+05:30  WARN 3640 --- [notification-service] [ntainer#0-0-C-1] org.apache.kafka.clients.NetworkClient   : [Consumer clientId=consumer-notification-service-group-1, groupId=notification-service-group] Bootstrap broker localhost:9092 (id: -1 rack: null) disconnected
2026-07-27T00:53:05.862+05:30  INFO 3640 --- [notification-service] [ntainer#1-0-C-1] org.apache.kafka.clients.NetworkClient   : [Consumer clientId=consumer-notification-service-group-2, groupId=notification-service-group] Node -1 disconnected.
2026-07-27T00:53:05.862+05:30  WARN 3640 --- [notification-service] [ntainer#1-0-C-1] org.apache.kafka.clients.NetworkClient   : [Consumer clientId=consumer-notification-service-group-2, groupId=notification-service-group] Connection to node -1 (localhost/127.0.0.1:9092) could not be established. Node may not be available.
2026-07-27T00:53:05.862+05:30  WARN 3640 --- [notification-service] [ntainer#1-0-C-1] org.apache.kafka.clients.NetworkClient   : [Consumer clientId=consumer-notification-service-group-2, groupId=notification-service-group] Bootstrap broker localhost:9092 (id: -1 rack: null) disconnected
2026-07-27T00:53:06.130+05:30  INFO 3640 --- [notification-service] [ntainer#0-0-C-1] org.apache.kafka.clients.NetworkClient   : [Consumer clientId=consumer-notification-service-group-1, groupId=notification-service-group] Node -1 disconnected.
2026-07-27T00:53:06.130+05:30  WARN 3640 --- [notification-service] [ntainer#0-0-C-1] org.apache.kafka.clients.NetworkClient   : [Consumer clientId=consumer-notification-service-group-1, groupId=notification-service-group] Connection to node -1 (localhost/127.0.0.1:9092) could not be established. Node may not be available.
2026-07-27T00:53:06.130+05:30  WARN 3640 --- [notification-service] [ntainer#0-0-C-1] org.apache.kafka.clients.NetworkClient   : [Consumer clientId=consumer-notification-service-group-1, groupId=notification-service-group] Bootstrap broker localhost:9092 (id: -1 rack: null) disconnected
2026-07-27T00:53:06.884+05:30  INFO 3640 --- [notification-service] [ntainer#1-0-C-1] org.apache.kafka.clients.NetworkClient   : [Consumer clientId=consumer-notification-service-group-2, groupId=notification-service-group] Node -1 disconnected.
2026-07-27T00:53:06.884+05:30  WARN 3640 --- [notification-service] [ntainer#1-0-C-1] org.apache.kafka.clients.NetworkClient   : [Consumer clientId=consumer-notification-service-group-2, groupId=notification-service-group] Connection to node -1 (localhost/127.0.0.1:9092) could not be established. Node may not be available.
2026-07-27T00:53:06.884+05:30  WARN 3640 --- [notification-service] [ntainer#1-0-C-1] org.apache.kafka.clients.NetworkClient   : [Consumer clientId=consumer-notification-service-group-2, groupId=notification-service-group] Bootstrap broker localhost:9092 (id: -1 rack: null) disconnected
2026-07-27T00:53:06.992+05:30  INFO 3640 --- [notification-service] [ntainer#0-0-C-1] org.apache.kafka.clients.NetworkClient   : [Consumer clientId=consumer-notification-service-group-1, groupId=notification-service-group] Node -1 disconnected.
2026-07-27T00:53:06.992+05:30  WARN 3640 --- [notification-service] [ntainer#0-0-C-1] org.apache.kafka.clients.NetworkClient   : [Consumer clientId=consumer-notification-service-group-1, groupId=notification-service-group] Connection to node -1 (localhost/127.0.0.1:9092) could not be established. Node may not be available.
2026-07-27T00:53:06.992+05:30  WARN 3640 --- [notification-service] [ntainer#0-0-C-1] org.apache.kafka.clients.NetworkClient   : [Consumer clientId=consumer-notification-service-group-1, groupId=notification-service-group] Bootstrap broker localhost:9092 (id: -1 rack: null) disconnected
2026-07-27T00:53:07.745+05:30  INFO 3640 --- [notification-service] [ntainer#1-0-C-1] org.apache.kafka.clients.NetworkClient   : [Consumer clientId=consumer-notification-service-group-2, groupId=notification-service-group] Node -1 disconnected.
2026-07-27T00:53:07.745+05:30  WARN 3640 --- [notification-service] [ntainer#1-0-C-1] org.apache.kafka.clients.NetworkClient   : [Consumer clientId=consumer-notification-service-group-2, groupId=notification-service-group] Connection to node -1 (localhost/127.0.0.1:9092) could not be established. Node may not be available.
2026-07-27T00:53:07.745+05:30  WARN 3640 --- [notification-service] [ntainer#1-0-C-1] org.apache.kafka.clients.NetworkClient   : [Consumer clientId=consumer-notification-service-group-2, groupId=notification-service-group] Bootstrap broker localhost:9092 (id: -1 rack: null) disconnected
2026-07-27T00:53:07.902+05:30  INFO 3640 --- [notification-service] [ntainer#0-0-C-1] org.apache.kafka.clients.NetworkClient   : [Consumer clientId=consumer-notification-service-group-1, groupId=notification-service-group] Node -1 disconnected.
2026-07-27T00:53:07.902+05:30  WARN 3640 --- [notification-service] [ntainer#0-0-C-1] org.apache.kafka.clients.NetworkClient   : [Consumer clientId=consumer-notification-service-group-1, groupId=notification-service-group] Connection to node -1 (localhost/127.0.0.1:9092) could not be established. Node may not be available.
2026-07-27T00:53:07.902+05:30  WARN 3640 --- [notification-service] [ntainer#0-0-C-1] org.apache.kafka.clients.NetworkClient   : [Consumer clientId=consumer-notification-service-group-1, groupId=notification-service-group] Bootstrap broker localhost:9092 (id: -1 rack: null) disconnected
2026-07-27T00:53:08.746+05:30  INFO 3640 --- [notification-service] [ntainer#1-0-C-1] org.apache.kafka.clients.NetworkClient   : [Consumer clientId=consumer-notification-service-group-2, groupId=notification-service-group] Node -1 disconnected.
2026-07-27T00:53:08.747+05:30  WARN 3640 --- [notification-service] [ntainer#1-0-C-1] org.apache.kafka.clients.NetworkClient   : [Consumer clientId=consumer-notification-service-group-2, groupId=notification-service-group] Connection to node -1 (localhost/127.0.0.1:9092) could not be established. Node may not be available.
2026-07-27T00:53:08.747+05:30  WARN 3640 --- [notification-service] [ntainer#1-0-C-1] org.apache.kafka.clients.NetworkClient   : [Consumer clientId=consumer-notification-service-group-2, groupId=notification-service-group] Bootstrap broker localhost:9092 (id: -1 rack: null) disconnected
2026-07-27T00:53:08.924+05:30  INFO 3640 --- [notification-service] [ntainer#0-0-C-1] org.apache.kafka.clients.NetworkClient   : [Consumer clientId=consumer-notification-service-group-1, groupId=notification-service-group] Node -1 disconnected.
2026-07-27T00:53:08.924+05:30  WARN 3640 --- [notification-service] [ntainer#0-0-C-1] org.apache.kafka.clients.NetworkClient   : [Consumer clientId=consumer-notification-service-group-1, groupId=notification-service-group] Connection to node -1 (localhost/127.0.0.1:9092) could not be established. Node may not be available.
2026-07-27T00:53:08.924+05:30  WARN 3640 --- [notification-service] [ntainer#0-0-C-1] org.apache.kafka.clients.NetworkClient   : [Consumer clientId=consumer-notification-service-group-1, groupId=notification-service-group] Bootstrap broker localhost:9092 (id: -1 rack: null) disconnected
2026-07-27T00:53:09.717+05:30  INFO 3640 --- [notification-service] [ntainer#1-0-C-1] org.apache.kafka.clients.NetworkClient   : [Consumer clientId=consumer-notification-service-group-2, groupId=notification-service-group] Node -1 disconnected.
2026-07-27T00:53:09.717+05:30  WARN 3640 --- [notification-service] [ntainer#1-0-C-1] org.apache.kafka.clients.NetworkClient   : [Consumer clientId=consumer-notification-service-group-2, groupId=notification-service-group] Connection to node -1 (localhost/127.0.0.1:9092) could not be established. Node may not be available.
2026-07-27T00:53:09.718+05:30  WARN 3640 --- [notification-service] [ntainer#1-0-C-1] org.apache.kafka.clients.NetworkClient   : [Consumer clientId=consumer-notification-service-group-2, groupId=notification-service-group] Bootstrap broker localhost:9092 (id: -1 rack: null) disconnected
2026-07-27T00:53:09.938+05:30  INFO 3640 --- [notification-service] [ntainer#0-0-C-1] org.apache.kafka.clients.NetworkClient   : [Consumer clientId=consumer-notification-service-group-1, groupId=notification-service-group] Node -1 disconnected.
2026-07-27T00:53:09.938+05:30  WARN 3640 --- [notification-service] [ntainer#0-0-C-1] org.apache.kafka.clients.NetworkClient   : [Consumer clientId=consumer-notification-service-group-1, groupId=notification-service-group] Connection to node -1 (localhost/127.0.0.1:9092) could not be established. Node may not be available.
2026-07-27T00:53:09.938+05:30  WARN 3640 --- [notification-service] [ntainer#0-0-C-1] org.apache.kafka.clients.NetworkClient   : [Consumer clientId=consumer-notification-service-group-1, groupId=notification-service-group] Bootstrap broker localhost:9092 (id: -1 rack: null) disconnected
2026-07-27T00:53:10.737+05:30  INFO 3640 --- [notification-service] [ntainer#1-0-C-1] org.apache.kafka.clients.NetworkClient   : [Consumer clientId=consumer-notification-service-group-2, groupId=notification-service-group] Node -1 disconnected.
2026-07-27T00:53:10.737+05:30  WARN 3640 --- [notification-service] [ntainer#1-0-C-1] org.apache.kafka.clients.NetworkClient   : [Consumer clientId=consumer-notification-service-group-2, groupId=notification-service-group] Connection to node -1 (localhost/127.0.0.1:9092) could not be established. Node may not be available.
2026-07-27T00:53:10.737+05:30  WARN 3640 --- [notification-service] [ntainer#1-0-C-1] org.apache.kafka.clients.NetworkClient   : [Consumer clientId=consumer-notification-service-group-2, groupId=notification-service-group] Bootstrap broker localhost:9092 (id: -1 rack: null) disconnected
2026-07-27T00:53:10.850+05:30  INFO 3640 --- [notification-service] [ntainer#0-0-C-1] org.apache.kafka.clients.NetworkClient   : [Consumer clientId=consumer-notification-service-group-1, groupId=notification-service-group] Node -1 disconnected.
2026-07-27T00:53:10.850+05:30  WARN 3640 --- [notification-service] [ntainer#0-0-C-1] org.apache.kafka.clients.NetworkClient   : [Consumer clientId=consumer-notification-service-group-1, groupId=notification-service-group] Connection to node -1 (localhost/127.0.0.1:9092) could not be established. Node may not be available.
2026-07-27T00:53:10.850+05:30  WARN 3640 --- [notification-service] [ntainer#0-0-C-1] org.apache.kafka.clients.NetworkClient   : [Consumer clientId=consumer-notification-service-group-1, groupId=notification-service-group] Bootstrap broker localhost:9092 (id: -1 rack: null) disconnected
2026-07-27T00:53:11.737+05:30  INFO 3640 --- [notification-service] [ntainer#1-0-C-1] org.apache.kafka.clients.NetworkClient   : [Consumer clientId=consumer-notification-service-group-2, groupId=notification-service-group] Node -1 disconnected.
2026-07-27T00:53:11.738+05:30  WARN 3640 --- [notification-service] [ntainer#1-0-C-1] org.apache.kafka.clients.NetworkClient   : [Consumer clientId=consumer-notification-service-group-2, groupId=notification-service-group] Connection to node -1 (localhost/127.0.0.1:9092) could not be established. Node may not be available.
2026-07-27T00:53:11.738+05:30  WARN 3640 --- [notification-service] [ntainer#1-0-C-1] org.apache.kafka.clients.NetworkClient   : [Consumer clientId=consumer-notification-service-group-2, groupId=notification-service-group] Bootstrap broker localhost:9092 (id: -1 rack: null) disconnected
2026-07-27T00:53:11.886+05:30  INFO 3640 --- [notification-service] [ntainer#0-0-C-1] org.apache.kafka.clients.NetworkClient   : [Consumer clientId=consumer-notification-service-group-1, groupId=notification-service-group] Node -1 disconnected.
2026-07-27T00:53:11.886+05:30  WARN 3640 --- [notification-service] [ntainer#0-0-C-1] org.apache.kafka.clients.NetworkClient   : [Consumer clientId=consumer-notification-service-group-1, groupId=notification-service-group] Connection to node -1 (localhost/127.0.0.1:9092) could not be established. Node may not be available.
2026-07-27T00:53:11.886+05:30  WARN 3640 --- [notification-service] [ntainer#0-0-C-1] org.apache.kafka.clients.NetworkClient   : [Consumer clientId=consumer-notification-service-group-1, groupId=notification-service-group] Bootstrap broker localhost:9092 (id: -1 rack: null) disconnected
2026-07-27T00:53:12.694+05:30  INFO 3640 --- [notification-service] [ntainer#0-0-C-1] org.apache.kafka.clients.NetworkClient   : [Consumer clientId=consumer-notification-service-group-1, groupId=notification-service-group] Node -1 disconnected.
2026-07-27T00:53:12.694+05:30  WARN 3640 --- [notification-service] [ntainer#0-0-C-1] org.apache.kafka.clients.NetworkClient   : [Consumer clientId=consumer-notification-service-group-1, groupId=notification-service-group] Connection to node -1 (localhost/127.0.0.1:9092) could not be established. Node may not be available.
2026-07-27T00:53:12.694+05:30  WARN 3640 --- [notification-service] [ntainer#0-0-C-1] org.apache.kafka.clients.NetworkClient   : [Consumer clientId=consumer-notification-service-group-1, groupId=notification-service-group] Bootstrap broker localhost:9092 (id: -1 rack: null) disconnected
2026-07-27T00:53:12.768+05:30  INFO 3640 --- [notification-service] [ntainer#1-0-C-1] org.apache.kafka.clients.NetworkClient   : [Consumer clientId=consumer-notification-service-group-2, groupId=notification-service-group] Node -1 disconnected.
2026-07-27T00:53:12.768+05:30  WARN 3640 --- [notification-service] [ntainer#1-0-C-1] org.apache.kafka.clients.NetworkClient   : [Consumer clientId=consumer-notification-service-group-2, groupId=notification-service-group] Connection to node -1 (localhost/127.0.0.1:9092) could not be established. Node may not be available.
2026-07-27T00:53:12.768+05:30  WARN 3640 --- [notification-service] [ntainer#1-0-C-1] org.apache.kafka.clients.NetworkClient   : [Consumer clientId=consumer-notification-service-group-2, groupId=notification-service-group] Bootstrap broker localhost:9092 (id: -1 rack: null) disconnected
2026-07-27T00:53:13.676+05:30  INFO 3640 --- [notification-service] [ntainer#1-0-C-1] org.apache.kafka.clients.NetworkClient   : [Consumer clientId=consumer-notification-service-group-2, groupId=notification-service-group] Node -1 disconnected.
2026-07-27T00:53:13.676+05:30  WARN 3640 --- [notification-service] [ntainer#1-0-C-1] org.apache.kafka.clients.NetworkClient   : [Consumer clientId=consumer-notification-service-group-2, groupId=notification-service-group] Connection to node -1 (localhost/127.0.0.1:9092) could not be established. Node may not be available.
2026-07-27T00:53:13.676+05:30  WARN 3640 --- [notification-service] [ntainer#1-0-C-1] org.apache.kafka.clients.NetworkClient   : [Consumer clientId=consumer-notification-service-group-2, groupId=notification-service-group] Bootstrap broker localhost:9092 (id: -1 rack: null) disconnected
2026-07-27T00:53:13.698+05:30  INFO 3640 --- [notification-service] [ntainer#0-0-C-1] org.apache.kafka.clients.NetworkClient   : [Consumer clientId=consumer-notification-service-group-1, groupId=notification-service-group] Node -1 disconnected.
2026-07-27T00:53:13.698+05:30  WARN 3640 --- [notification-service] [ntainer#0-0-C-1] org.apache.kafka.clients.NetworkClient   : [Consumer clientId=consumer-notification-service-group-1, groupId=notification-service-group] Connection to node -1 (localhost/127.0.0.1:9092) could not be established. Node may not be available.
2026-07-27T00:53:13.698+05:30  WARN 3640 --- [notification-service] [ntainer#0-0-C-1] org.apache.kafka.clients.NetworkClient   : [Consumer clientId=consumer-notification-service-group-1, groupId=notification-service-group] Bootstrap broker localhost:9092 (id: -1 rack: null) disconnected
2026-07-27T00:53:14.680+05:30  INFO 3640 --- [notification-service] [ntainer#1-0-C-1] org.apache.kafka.clients.NetworkClient   : [Consumer clientId=consumer-notification-service-group-2, groupId=notification-service-group] Node -1 disconnected.
2026-07-27T00:53:14.681+05:30  WARN 3640 --- [notification-service] [ntainer#1-0-C-1] org.apache.kafka.clients.NetworkClient   : [Consumer clientId=consumer-notification-service-group-2, groupId=notification-service-group] Connection to node -1 (localhost/127.0.0.1:9092) could not be established. Node may not be available.
2026-07-27T00:53:14.681+05:30  WARN 3640 --- [notification-service] [ntainer#1-0-C-1] org.apache.kafka.clients.NetworkClient   : [Consumer clientId=consumer-notification-service-group-2, groupId=notification-service-group] Bootstrap broker localhost:9092 (id: -1 rack: null) disconnected
2026-07-27T00:53:14.699+05:30  INFO 3640 --- [notification-service] [ntainer#0-0-C-1] org.apache.kafka.clients.NetworkClient   : [Consumer clientId=consumer-notification-service-group-1, groupId=notification-service-group] Node -1 disconnected.
2026-07-27T00:53:14.699+05:30  WARN 3640 --- [notification-service] [ntainer#0-0-C-1] org.apache.kafka.clients.NetworkClient   : [Consumer clientId=consumer-notification-service-group-1, groupId=notification-service-group] Connection to node -1 (localhost/127.0.0.1:9092) could not be established. Node may not be available.
2026-07-27T00:53:14.699+05:30  WARN 3640 --- [notification-service] [ntainer#0-0-C-1] org.apache.kafka.clients.NetworkClient   : [Consumer clientId=consumer-notification-service-group-1, groupId=notification-service-group] Bootstrap broker localhost:9092 (id: -1 rack: null) disconnected
2026-07-27T00:53:15.615+05:30  INFO 3640 --- [notification-service] [ntainer#1-0-C-1] org.apache.kafka.clients.NetworkClient   : [Consumer clientId=consumer-notification-service-group-2, groupId=notification-service-group] Node -1 disconnected.
2026-07-27T00:53:15.615+05:30  WARN 3640 --- [notification-service] [ntainer#1-0-C-1] org.apache.kafka.clients.NetworkClient   : [Consumer clientId=consumer-notification-service-group-2, groupId=notification-service-group] Connection to node -1 (localhost/127.0.0.1:9092) could not be established. Node may not be available.
2026-07-27T00:53:15.615+05:30  WARN 3640 --- [notification-service] [ntainer#1-0-C-1] org.apache.kafka.clients.NetworkClient   : [Consumer clientId=consumer-notification-service-group-2, groupId=notification-service-group] Bootstrap broker localhost:9092 (id: -1 rack: null) disconnected
2026-07-27T00:53:15.667+05:30  INFO 3640 --- [notification-service] [ntainer#0-0-C-1] org.apache.kafka.clients.NetworkClient   : [Consumer clientId=consumer-notification-service-group-1, groupId=notification-service-group] Node -1 disconnected.
2026-07-27T00:53:15.667+05:30  WARN 3640 --- [notification-service] [ntainer#0-0-C-1] org.apache.kafka.clients.NetworkClient   : [Consumer clientId=consumer-notification-service-group-1, groupId=notification-service-group] Connection to node -1 (localhost/127.0.0.1:9092) could not be established. Node may not be available.
2026-07-27T00:53:15.667+05:30  WARN 3640 --- [notification-service] [ntainer#0-0-C-1] org.apache.kafka.clients.NetworkClient   : [Consumer clientId=consumer-notification-service-group-1, groupId=notification-service-group] Bootstrap broker localhost:9092 (id: -1 rack: null) disconnected
2026-07-27T00:53:16.526+05:30  INFO 3640 --- [notification-service] [ntainer#1-0-C-1] org.apache.kafka.clients.NetworkClient   : [Consumer clientId=consumer-notification-service-group-2, groupId=notification-service-group] Node -1 disconnected.
2026-07-27T00:53:16.526+05:30  WARN 3640 --- [notification-service] [ntainer#1-0-C-1] org.apache.kafka.clients.NetworkClient   : [Consumer clientId=consumer-notification-service-group-2, groupId=notification-service-group] Connection to node -1 (localhost/127.0.0.1:9092) could not be established. Node may not be available.
2026-07-27T00:53:16.526+05:30  WARN 3640 --- [notification-service] [ntainer#1-0-C-1] org.apache.kafka.clients.NetworkClient   : [Consumer clientId=consumer-notification-service-group-2, groupId=notification-service-group] Bootstrap broker localhost:9092 (id: -1 rack: null) disconnected
2026-07-27T00:53:16.527+05:30  INFO 3640 --- [notification-service] [ntainer#0-0-C-1] org.apache.kafka.clients.NetworkClient   : [Consumer clientId=consumer-notification-service-group-1, groupId=notification-service-group] Node -1 disconnected.
2026-07-27T00:53:16.527+05:30  WARN 3640 --- [notification-service] [ntainer#0-0-C-1] org.apache.kafka.clients.NetworkClient   : [Consumer clientId=consumer-notification-service-group-1, groupId=notification-service-group] Connection to node -1 (localhost/127.0.0.1:9092) could not be established. Node may not be available.
2026-07-27T00:53:16.527+05:30  WARN 3640 --- [notification-service] [ntainer#0-0-C-1] org.apache.kafka.clients.NetworkClient   : [Consumer clientId=consumer-notification-service-group-1, groupId=notification-service-group] Bootstrap broker localhost:9092 (id: -1 rack: null) disconnected
2026-07-27T00:53:17.538+05:30  INFO 3640 --- [notification-service] [ntainer#1-0-C-1] org.apache.kafka.clients.NetworkClient   : [Consumer clientId=consumer-notification-service-group-2, groupId=notification-service-group] Node -1 disconnected.
2026-07-27T00:53:17.538+05:30  WARN 3640 --- [notification-service] [ntainer#1-0-C-1] org.apache.kafka.clients.NetworkClient   : [Consumer clientId=consumer-notification-service-group-2, groupId=notification-service-group] Connection to node -1 (localhost/127.0.0.1:9092) could not be established. Node may not be available.
2026-07-27T00:53:17.538+05:30  WARN 3640 --- [notification-service] [ntainer#1-0-C-1] org.apache.kafka.clients.NetworkClient   : [Consumer clientId=consumer-notification-service-group-2, groupId=notification-service-group] Bootstrap broker localhost:9092 (id: -1 rack: null) disconnected
2026-07-27T00:53:17.576+05:30  INFO 3640 --- [notification-service] [ntainer#0-0-C-1] org.apache.kafka.clients.NetworkClient   : [Consumer clientId=consumer-notification-service-group-1, groupId=notification-service-group] Node -1 disconnected.
2026-07-27T00:53:17.576+05:30  WARN 3640 --- [notification-service] [ntainer#0-0-C-1] org.apache.kafka.clients.NetworkClient   : [Consumer clientId=consumer-notification-service-group-1, groupId=notification-service-group] Connection to node -1 (localhost/127.0.0.1:9092) could not be established. Node may not be available.
2026-07-27T00:53:17.576+05:30  WARN 3640 --- [notification-service] [ntainer#0-0-C-1] org.apache.kafka.clients.NetworkClient   : [Consumer clientId=consumer-notification-service-group-1, groupId=notification-service-group] Bootstrap broker localhost:9092 (id: -1 rack: null) disconnected
2026-07-27T00:53:18.539+05:30  INFO 3640 --- [notification-service] [ntainer#1-0-C-1] org.apache.kafka.clients.NetworkClient   : [Consumer clientId=consumer-notification-service-group-2, groupId=notification-service-group] Node -1 disconnected.
2026-07-27T00:53:18.539+05:30  WARN 3640 --- [notification-service] [ntainer#1-0-C-1] org.apache.kafka.clients.NetworkClient   : [Consumer clientId=consumer-notification-service-group-2, groupId=notification-service-group] Connection to node -1 (localhost/127.0.0.1:9092) could not be established. Node may not be available.
2026-07-27T00:53:18.539+05:30  WARN 3640 --- [notification-service] [ntainer#1-0-C-1] org.apache.kafka.clients.NetworkClient   : [Consumer clientId=consumer-notification-service-group-2, groupId=notification-service-group] Bootstrap broker localhost:9092 (id: -1 rack: null) disconnected
2026-07-27T00:53:18.588+05:30  INFO 3640 --- [notification-service] [ntainer#0-0-C-1] org.apache.kafka.clients.NetworkClient   : [Consumer clientId=consumer-notification-service-group-1, groupId=notification-service-group] Node -1 disconnected.
2026-07-27T00:53:18.589+05:30  WARN 3640 --- [notification-service] [ntainer#0-0-C-1] org.apache.kafka.clients.NetworkClient   : [Consumer clientId=consumer-notification-service-group-1, groupId=notification-service-group] Connection to node -1 (localhost/127.0.0.1:9092) could not be established. Node may not be available.
2026-07-27T00:53:18.589+05:30  WARN 3640 --- [notification-service] [ntainer#0-0-C-1] org.apache.kafka.clients.NetworkClient   : [Consumer clientId=consumer-notification-service-group-1, groupId=notification-service-group] Bootstrap broker localhost:9092 (id: -1 rack: null) disconnected
2026-07-27T00:53:19.399+05:30  INFO 3640 --- [notification-service] [ntainer#1-0-C-1] org.apache.kafka.clients.NetworkClient   : [Consumer clientId=consumer-notification-service-group-2, groupId=notification-service-group] Node -1 disconnected.
2026-07-27T00:53:19.399+05:30  WARN 3640 --- [notification-service] [ntainer#1-0-C-1] org.apache.kafka.clients.NetworkClient   : [Consumer clientId=consumer-notification-service-group-2, groupId=notification-service-group] Connection to node -1 (localhost/127.0.0.1:9092) could not be established. Node may not be available.
2026-07-27T00:53:19.399+05:30  WARN 3640 --- [notification-service] [ntainer#1-0-C-1] org.apache.kafka.clients.NetworkClient   : [Consumer clientId=consumer-notification-service-group-2, groupId=notification-service-group] Bootstrap broker localhost:9092 (id: -1 rack: null) disconnected
2026-07-27T00:53:19.590+05:30  INFO 3640 --- [notification-service] [ntainer#0-0-C-1] org.apache.kafka.clients.NetworkClient   : [Consumer clientId=consumer-notification-service-group-1, groupId=notification-service-group] Node -1 disconnected.
2026-07-27T00:53:19.590+05:30  WARN 3640 --- [notification-service] [ntainer#0-0-C-1] org.apache.kafka.clients.NetworkClient   : [Consumer clientId=consumer-notification-service-group-1, groupId=notification-service-group] Connection to node -1 (localhost/127.0.0.1:9092) could not be established. Node may not be available.
2026-07-27T00:53:19.590+05:30  WARN 3640 --- [notification-service] [ntainer#0-0-C-1] org.apache.kafka.clients.NetworkClient   : [Consumer clientId=consumer-notification-service-group-1, groupId=notification-service-group] Bootstrap broker localhost:9092 (id: -1 rack: null) disconnected
2026-07-27T00:53:20.411+05:30  INFO 3640 --- [notification-service] [ntainer#1-0-C-1] org.apache.kafka.clients.NetworkClient   : [Consumer clientId=consumer-notification-service-group-2, groupId=notification-service-group] Node -1 disconnected.
2026-07-27T00:53:20.411+05:30  WARN 3640 --- [notification-service] [ntainer#1-0-C-1] org.apache.kafka.clients.NetworkClient   : [Consumer clientId=consumer-notification-service-group-2, groupId=notification-service-group] Connection to node -1 (localhost/127.0.0.1:9092) could not be established. Node may not be available.
2026-07-27T00:53:20.411+05:30  WARN 3640 --- [notification-service] [ntainer#1-0-C-1] org.apache.kafka.clients.NetworkClient   : [Consumer clientId=consumer-notification-service-group-2, groupId=notification-service-group] Bootstrap broker localhost:9092 (id: -1 rack: null) disconnected
2026-07-27T00:53:20.532+05:30  INFO 3640 --- [notification-service] [ntainer#0-0-C-1] org.apache.kafka.clients.NetworkClient   : [Consumer clientId=consumer-notification-service-group-1, groupId=notification-service-group] Node -1 disconnected.
2026-07-27T00:53:20.533+05:30  WARN 3640 --- [notification-service] [ntainer#0-0-C-1] org.apache.kafka.clients.NetworkClient   : [Consumer clientId=consumer-notification-service-group-1, groupId=notification-service-group] Connection to node -1 (localhost/127.0.0.1:9092) could not be established. Node may not be available.
2026-07-27T00:53:20.534+05:30  WARN 3640 --- [notification-service] [ntainer#0-0-C-1] org.apache.kafka.clients.NetworkClient   : [Consumer clientId=consumer-notification-service-group-1, groupId=notification-service-group] Bootstrap broker localhost:9092 (id: -1 rack: null) disconnected
2026-07-27T00:53:21.425+05:30  INFO 3640 --- [notification-service] [ntainer#1-0-C-1] org.apache.kafka.clients.NetworkClient   : [Consumer clientId=consumer-notification-service-group-2, groupId=notification-service-group] Node -1 disconnected.
2026-07-27T00:53:21.425+05:30  WARN 3640 --- [notification-service] [ntainer#1-0-C-1] org.apache.kafka.clients.NetworkClient   : [Consumer clientId=consumer-notification-service-group-2, groupId=notification-service-group] Connection to node -1 (localhost/127.0.0.1:9092) could not be established. Node may not be available.
2026-07-27T00:53:21.426+05:30  WARN 3640 --- [notification-service] [ntainer#1-0-C-1] org.apache.kafka.clients.NetworkClient   : [Consumer clientId=consumer-notification-service-group-2, groupId=notification-service-group] Bootstrap broker localhost:9092 (id: -1 rack: null) disconnected
2026-07-27T00:53:21.549+05:30  INFO 3640 --- [notification-service] [ntainer#0-0-C-1] org.apache.kafka.clients.NetworkClient   : [Consumer clientId=consumer-notification-service-group-1, groupId=notification-service-group] Node -1 disconnected.
2026-07-27T00:53:21.549+05:30  WARN 3640 --- [notification-service] [ntainer#0-0-C-1] org.apache.kafka.clients.NetworkClient   : [Consumer clientId=consumer-notification-service-group-1, groupId=notification-service-group] Connection to node -1 (localhost/127.0.0.1:9092) could not be established. Node may not be available.
2026-07-27T00:53:21.550+05:30  WARN 3640 --- [notification-service] [ntainer#0-0-C-1] org.apache.kafka.clients.NetworkClient   : [Consumer clientId=consumer-notification-service-group-1, groupId=notification-service-group] Bootstrap broker localhost:9092 (id: -1 rack: null) disconnected
2026-07-27T00:53:22.409+05:30  INFO 3640 --- [notification-service] [ntainer#0-0-C-1] org.apache.kafka.clients.NetworkClient   : [Consumer clientId=consumer-notification-service-group-1, groupId=notification-service-group] Node -1 disconnected.
2026-07-27T00:53:22.409+05:30  WARN 3640 --- [notification-service] [ntainer#0-0-C-1] org.apache.kafka.clients.NetworkClient   : [Consumer clientId=consumer-notification-service-group-1, groupId=notification-service-group] Connection to node -1 (localhost/127.0.0.1:9092) could not be established. Node may not be available.
2026-07-27T00:53:22.409+05:30  WARN 3640 --- [notification-service] [ntainer#0-0-C-1] org.apache.kafka.clients.NetworkClient   : [Consumer clientId=consumer-notification-service-group-1, groupId=notification-service-group] Bootstrap broker localhost:9092 (id: -1 rack: null) disconnected
2026-07-27T00:53:22.427+05:30  INFO 3640 --- [notification-service] [ntainer#1-0-C-1] org.apache.kafka.clients.NetworkClient   : [Consumer clientId=consumer-notification-service-group-2, groupId=notification-service-group] Node -1 disconnected.
2026-07-27T00:53:22.427+05:30  WARN 3640 --- [notification-service] [ntainer#1-0-C-1] org.apache.kafka.clients.NetworkClient   : [Consumer clientId=consumer-notification-service-group-2, groupId=notification-service-group] Connection to node -1 (localhost/127.0.0.1:9092) could not be established. Node may not be available.
2026-07-27T00:53:22.427+05:30  WARN 3640 --- [notification-service] [ntainer#1-0-C-1] org.apache.kafka.clients.NetworkClient   : [Consumer clientId=consumer-notification-service-group-2, groupId=notification-service-group] Bootstrap broker localhost:9092 (id: -1 rack: null) disconnected
2026-07-27T00:53:23.413+05:30  INFO 3640 --- [notification-service] [ntainer#0-0-C-1] org.apache.kafka.clients.NetworkClient   : [Consumer clientId=consumer-notification-service-group-1, groupId=notification-service-group] Node -1 disconnected.
2026-07-27T00:53:23.413+05:30  WARN 3640 --- [notification-service] [ntainer#0-0-C-1] org.apache.kafka.clients.NetworkClient   : [Consumer clientId=consumer-notification-service-group-1, groupId=notification-service-group] Connection to node -1 (localhost/127.0.0.1:9092) could not be established. Node may not be available.
2026-07-27T00:53:23.413+05:30  WARN 3640 --- [notification-service] [ntainer#0-0-C-1] org.apache.kafka.clients.NetworkClient   : [Consumer clientId=consumer-notification-service-group-1, groupId=notification-service-group] Bootstrap broker localhost:9092 (id: -1 rack: null) disconnected
2026-07-27T00:53:23.429+05:30  INFO 3640 --- [notification-service] [ntainer#1-0-C-1] org.apache.kafka.clients.NetworkClient   : [Consumer clientId=consumer-notification-service-group-2, groupId=notification-service-group] Node -1 disconnected.
2026-07-27T00:53:23.429+05:30  WARN 3640 --- [notification-service] [ntainer#1-0-C-1] org.apache.kafka.clients.NetworkClient   : [Consumer clientId=consumer-notification-service-group-2, groupId=notification-service-group] Connection to node -1 (localhost/127.0.0.1:9092) could not be established. Node may not be available.
2026-07-27T00:53:23.429+05:30  WARN 3640 --- [notification-service] [ntainer#1-0-C-1] org.apache.kafka.clients.NetworkClient   : [Consumer clientId=consumer-notification-service-group-2, groupId=notification-service-group] Bootstrap broker localhost:9092 (id: -1 rack: null) disconnected
2026-07-27T00:53:24.441+05:30  INFO 3640 --- [notification-service] [ntainer#1-0-C-1] org.apache.kafka.clients.NetworkClient   : [Consumer clientId=consumer-notification-service-group-2, groupId=notification-service-group] Node -1 disconnected.
2026-07-27T00:53:24.441+05:30  WARN 3640 --- [notification-service] [ntainer#1-0-C-1] org.apache.kafka.clients.NetworkClient   : [Consumer clientId=consumer-notification-service-group-2, groupId=notification-service-group] Connection to node -1 (localhost/127.0.0.1:9092) could not be established. Node may not be available.
2026-07-27T00:53:24.441+05:30  WARN 3640 --- [notification-service] [ntainer#1-0-C-1] org.apache.kafka.clients.NetworkClient   : [Consumer clientId=consumer-notification-service-group-2, groupId=notification-service-group] Bootstrap broker localhost:9092 (id: -1 rack: null) disconnected
2026-07-27T00:53:24.458+05:30  INFO 3640 --- [notification-service] [ntainer#0-0-C-1] org.apache.kafka.clients.NetworkClient   : [Consumer clientId=consumer-notification-service-group-1, groupId=notification-service-group] Node -1 disconnected.
2026-07-27T00:53:24.458+05:30  WARN 3640 --- [notification-service] [ntainer#0-0-C-1] org.apache.kafka.clients.NetworkClient   : [Consumer clientId=consumer-notification-service-group-1, groupId=notification-service-group] Connection to node -1 (localhost/127.0.0.1:9092) could not be established. Node may not be available.
2026-07-27T00:53:24.458+05:30  WARN 3640 --- [notification-service] [ntainer#0-0-C-1] org.apache.kafka.clients.NetworkClient   : [Consumer clientId=consumer-notification-service-group-1, groupId=notification-service-group] Bootstrap broker localhost:9092 (id: -1 rack: null) disconnected
2026-07-27T00:53:25.353+05:30  INFO 3640 --- [notification-service] [ntainer#1-0-C-1] org.apache.kafka.clients.NetworkClient   : [Consumer clientId=consumer-notification-service-group-2, groupId=notification-service-group] Node -1 disconnected.
2026-07-27T00:53:25.353+05:30  WARN 3640 --- [notification-service] [ntainer#1-0-C-1] org.apache.kafka.clients.NetworkClient   : [Consumer clientId=consumer-notification-service-group-2, groupId=notification-service-group] Connection to node -1 (localhost/127.0.0.1:9092) could not be established. Node may not be available.
2026-07-27T00:53:25.353+05:30  WARN 3640 --- [notification-service] [ntainer#1-0-C-1] org.apache.kafka.clients.NetworkClient   : [Consumer clientId=consumer-notification-service-group-2, groupId=notification-service-group] Bootstrap broker localhost:9092 (id: -1 rack: null) disconnected
2026-07-27T00:53:25.503+05:30  INFO 3640 --- [notification-service] [ntainer#0-0-C-1] org.apache.kafka.clients.NetworkClient   : [Consumer clientId=consumer-notification-service-group-1, groupId=notification-service-group] Node -1 disconnected.
2026-07-27T00:53:25.503+05:30  WARN 3640 --- [notification-service] [ntainer#0-0-C-1] org.apache.kafka.clients.NetworkClient   : [Consumer clientId=consumer-notification-service-group-1, groupId=notification-service-group] Connection to node -1 (localhost/127.0.0.1:9092) could not be established. Node may not be available.
2026-07-27T00:53:25.503+05:30  WARN 3640 --- [notification-service] [ntainer#0-0-C-1] org.apache.kafka.clients.NetworkClient   : [Consumer clientId=consumer-notification-service-group-1, groupId=notification-service-group] Bootstrap broker localhost:9092 (id: -1 rack: null) disconnected
2026-07-27T00:53:26.181+05:30  INFO 3640 --- [notification-service] [ntainer#1-0-C-1] org.apache.kafka.clients.NetworkClient   : [Consumer clientId=consumer-notification-service-group-2, groupId=notification-service-group] Node -1 disconnected.
2026-07-27T00:53:26.181+05:30  WARN 3640 --- [notification-service] [ntainer#1-0-C-1] org.apache.kafka.clients.NetworkClient   : [Consumer clientId=consumer-notification-service-group-2, groupId=notification-service-group] Connection to node -1 (localhost/127.0.0.1:9092) could not be established. Node may not be available.
2026-07-27T00:53:26.181+05:30  WARN 3640 --- [notification-service] [ntainer#1-0-C-1] org.apache.kafka.clients.NetworkClient   : [Consumer clientId=consumer-notification-service-group-2, groupId=notification-service-group] Bootstrap broker localhost:9092 (id: -1 rack: null) disconnected
2026-07-27T00:53:26.505+05:30  INFO 3640 --- [notification-service] [ntainer#0-0-C-1] org.apache.kafka.clients.NetworkClient   : [Consumer clientId=consumer-notification-service-group-1, groupId=notification-service-group] Node -1 disconnected.
2026-07-27T00:53:26.505+05:30  WARN 3640 --- [notification-service] [ntainer#0-0-C-1] org.apache.kafka.clients.NetworkClient   : [Consumer clientId=consumer-notification-service-group-1, groupId=notification-service-group] Connection to node -1 (localhost/127.0.0.1:9092) could not be established. Node may not be available.
2026-07-27T00:53:26.505+05:30  WARN 3640 --- [notification-service] [ntainer#0-0-C-1] org.apache.kafka.clients.NetworkClient   : [Consumer clientId=consumer-notification-service-group-1, groupId=notification-service-group] Bootstrap broker localhost:9092 (id: -1 rack: null) disconnected
2026-07-27T00:53:27.199+05:30  INFO 3640 --- [notification-service] [ntainer#1-0-C-1] org.apache.kafka.clients.NetworkClient   : [Consumer clientId=consumer-notification-service-group-2, groupId=notification-service-group] Node -1 disconnected.
2026-07-27T00:53:27.199+05:30  WARN 3640 --- [notification-service] [ntainer#1-0-C-1] org.apache.kafka.clients.NetworkClient   : [Consumer clientId=consumer-notification-service-group-2, groupId=notification-service-group] Connection to node -1 (localhost/127.0.0.1:9092) could not be established. Node may not be available.
2026-07-27T00:53:27.199+05:30  WARN 3640 --- [notification-service] [ntainer#1-0-C-1] org.apache.kafka.clients.NetworkClient   : [Consumer clientId=consumer-notification-service-group-2, groupId=notification-service-group] Bootstrap broker localhost:9092 (id: -1 rack: null) disconnected
2026-07-27T00:53:27.506+05:30  INFO 3640 --- [notification-service] [ntainer#0-0-C-1] org.apache.kafka.clients.NetworkClient   : [Consumer clientId=consumer-notification-service-group-1, groupId=notification-service-group] Node -1 disconnected.
2026-07-27T00:53:27.506+05:30  WARN 3640 --- [notification-service] [ntainer#0-0-C-1] org.apache.kafka.clients.NetworkClient   : [Consumer clientId=consumer-notification-service-group-1, groupId=notification-service-group] Connection to node -1 (localhost/127.0.0.1:9092) could not be established. Node may not be available.
2026-07-27T00:53:27.506+05:30  WARN 3640 --- [notification-service] [ntainer#0-0-C-1] org.apache.kafka.clients.NetworkClient   : [Consumer clientId=consumer-notification-service-group-1, groupId=notification-service-group] Bootstrap broker localhost:9092 (id: -1 rack: null) disconnected
2026-07-27T00:53:28.057+05:30  INFO 3640 --- [notification-service] [ntainer#1-0-C-1] org.apache.kafka.clients.NetworkClient   : [Consumer clientId=consumer-notification-service-group-2, groupId=notification-service-group] Node -1 disconnected.
2026-07-27T00:53:28.057+05:30  WARN 3640 --- [notification-service] [ntainer#1-0-C-1] org.apache.kafka.clients.NetworkClient   : [Consumer clientId=consumer-notification-service-group-2, groupId=notification-service-group] Connection to node -1 (localhost/127.0.0.1:9092) could not be established. Node may not be available.
2026-07-27T00:53:28.057+05:30  WARN 3640 --- [notification-service] [ntainer#1-0-C-1] org.apache.kafka.clients.NetworkClient   : [Consumer clientId=consumer-notification-service-group-2, groupId=notification-service-group] Bootstrap broker localhost:9092 (id: -1 rack: null) disconnected
2026-07-27T00:53:28.521+05:30  INFO 3640 --- [notification-service] [ntainer#0-0-C-1] org.apache.kafka.clients.NetworkClient   : [Consumer clientId=consumer-notification-service-group-1, groupId=notification-service-group] Node -1 disconnected.
2026-07-27T00:53:28.522+05:30  WARN 3640 --- [notification-service] [ntainer#0-0-C-1] org.apache.kafka.clients.NetworkClient   : [Consumer clientId=consumer-notification-service-group-1, groupId=notification-service-group] Connection to node -1 (localhost/127.0.0.1:9092) could not be established. Node may not be available.
2026-07-27T00:53:28.522+05:30  WARN 3640 --- [notification-service] [ntainer#0-0-C-1] org.apache.kafka.clients.NetworkClient   : [Consumer clientId=consumer-notification-service-group-1, groupId=notification-service-group] Bootstrap broker localhost:9092 (id: -1 rack: null) disconnected
2026-07-27T00:53:29.106+05:30  INFO 3640 --- [notification-service] [ntainer#1-0-C-1] org.apache.kafka.clients.NetworkClient   : [Consumer clientId=consumer-notification-service-group-2, groupId=notification-service-group] Node -1 disconnected.
2026-07-27T00:53:29.106+05:30  WARN 3640 --- [notification-service] [ntainer#1-0-C-1] org.apache.kafka.clients.NetworkClient   : [Consumer clientId=consumer-notification-service-group-2, groupId=notification-service-group] Connection to node -1 (localhost/127.0.0.1:9092) could not be established. Node may not be available.
2026-07-27T00:53:29.106+05:30  WARN 3640 --- [notification-service] [ntainer#1-0-C-1] org.apache.kafka.clients.NetworkClient   : [Consumer clientId=consumer-notification-service-group-2, groupId=notification-service-group] Bootstrap broker localhost:9092 (id: -1 rack: null) disconnected
2026-07-27T00:53:29.482+05:30  INFO 3640 --- [notification-service] [ntainer#0-0-C-1] org.apache.kafka.clients.NetworkClient   : [Consumer clientId=consumer-notification-service-group-1, groupId=notification-service-group] Node -1 disconnected.
2026-07-27T00:53:29.482+05:30  WARN 3640 --- [notification-service] [ntainer#0-0-C-1] org.apache.kafka.clients.NetworkClient   : [Consumer clientId=consumer-notification-service-group-1, groupId=notification-service-group] Connection to node -1 (localhost/127.0.0.1:9092) could not be established. Node may not be available.
2026-07-27T00:53:29.482+05:30  WARN 3640 --- [notification-service] [ntainer#0-0-C-1] org.apache.kafka.clients.NetworkClient   : [Consumer clientId=consumer-notification-service-group-1, groupId=notification-service-group] Bootstrap broker localhost:9092 (id: -1 rack: null) disconnected
2026-07-27T00:53:29.914+05:30  INFO 3640 --- [notification-service] [ntainer#1-0-C-1] org.apache.kafka.clients.NetworkClient   : [Consumer clientId=consumer-notification-service-group-2, groupId=notification-service-group] Node -1 disconnected.
2026-07-27T00:53:29.914+05:30  WARN 3640 --- [notification-service] [ntainer#1-0-C-1] org.apache.kafka.clients.NetworkClient   : [Consumer clientId=consumer-notification-service-group-2, groupId=notification-service-group] Connection to node -1 (localhost/127.0.0.1:9092) could not be established. Node may not be available.
2026-07-27T00:53:29.914+05:30  WARN 3640 --- [notification-service] [ntainer#1-0-C-1] org.apache.kafka.clients.NetworkClient   : [Consumer clientId=consumer-notification-service-group-2, groupId=notification-service-group] Bootstrap broker localhost:9092 (id: -1 rack: null) disconnected
2026-07-27T00:53:30.502+05:30  INFO 3640 --- [notification-service] [ntainer#0-0-C-1] org.apache.kafka.clients.NetworkClient   : [Consumer clientId=consumer-notification-service-group-1, groupId=notification-service-group] Node -1 disconnected.
2026-07-27T00:53:30.502+05:30  WARN 3640 --- [notification-service] [ntainer#0-0-C-1] org.apache.kafka.clients.NetworkClient   : [Consumer clientId=consumer-notification-service-group-1, groupId=notification-service-group] Connection to node -1 (localhost/127.0.0.1:9092) could not be established. Node may not be available.
2026-07-27T00:53:30.502+05:30  WARN 3640 --- [notification-service] [ntainer#0-0-C-1] org.apache.kafka.clients.NetworkClient   : [Consumer clientId=consumer-notification-service-group-1, groupId=notification-service-group] Bootstrap broker localhost:9092 (id: -1 rack: null) disconnected
2026-07-27T00:53:30.812+05:30  INFO 3640 --- [notification-service] [ntainer#1-0-C-1] org.apache.kafka.clients.NetworkClient   : [Consumer clientId=consumer-notification-service-group-2, groupId=notification-service-group] Node -1 disconnected.
2026-07-27T00:53:30.812+05:30  WARN 3640 --- [notification-service] [ntainer#1-0-C-1] org.apache.kafka.clients.NetworkClient   : [Consumer clientId=consumer-notification-service-group-2, groupId=notification-service-group] Connection to node -1 (localhost/127.0.0.1:9092) could not be established. Node may not be available.
2026-07-27T00:53:30.812+05:30  WARN 3640 --- [notification-service] [ntainer#1-0-C-1] org.apache.kafka.clients.NetworkClient   : [Consumer clientId=consumer-notification-service-group-2, groupId=notification-service-group] Bootstrap broker localhost:9092 (id: -1 rack: null) disconnected
2026-07-27T00:53:31.463+05:30  INFO 3640 --- [notification-service] [ntainer#0-0-C-1] org.apache.kafka.clients.NetworkClient   : [Consumer clientId=consumer-notification-service-group-1, groupId=notification-service-group] Node -1 disconnected.
2026-07-27T00:53:31.464+05:30  WARN 3640 --- [notification-service] [ntainer#0-0-C-1] org.apache.kafka.clients.NetworkClient   : [Consumer clientId=consumer-notification-service-group-1, groupId=notification-service-group] Connection to node -1 (localhost/127.0.0.1:9092) could not be established. Node may not be available.
2026-07-27T00:53:31.464+05:30  WARN 3640 --- [notification-service] [ntainer#0-0-C-1] org.apache.kafka.clients.NetworkClient   : [Consumer clientId=consumer-notification-service-group-1, groupId=notification-service-group] Bootstrap broker localhost:9092 (id: -1 rack: null) disconnected
2026-07-27T00:53:31.813+05:30  INFO 3640 --- [notification-service] [ntainer#1-0-C-1] org.apache.kafka.clients.NetworkClient   : [Consumer clientId=consumer-notification-service-group-2, groupId=notification-service-group] Node -1 disconnected.
2026-07-27T00:53:31.813+05:30  WARN 3640 --- [notification-service] [ntainer#1-0-C-1] org.apache.kafka.clients.NetworkClient   : [Consumer clientId=consumer-notification-service-group-2, groupId=notification-service-group] Connection to node -1 (localhost/127.0.0.1:9092) could not be established. Node may not be available.
2026-07-27T00:53:31.813+05:30  WARN 3640 --- [notification-service] [ntainer#1-0-C-1] org.apache.kafka.clients.NetworkClient   : [Consumer clientId=consumer-notification-service-group-2, groupId=notification-service-group] Bootstrap broker localhost:9092 (id: -1 rack: null) disconnected
2026-07-27T00:53:32.477+05:30  INFO 3640 --- [notification-service] [ntainer#0-0-C-1] org.apache.kafka.clients.NetworkClient   : [Consumer clientId=consumer-notification-service-group-1, groupId=notification-service-group] Node -1 disconnected.
2026-07-27T00:53:32.477+05:30  WARN 3640 --- [notification-service] [ntainer#0-0-C-1] org.apache.kafka.clients.NetworkClient   : [Consumer clientId=consumer-notification-service-group-1, groupId=notification-service-group] Connection to node -1 (localhost/127.0.0.1:9092) could not be established. Node may not be available.
2026-07-27T00:53:32.477+05:30  WARN 3640 --- [notification-service] [ntainer#0-0-C-1] org.apache.kafka.clients.NetworkClient   : [Consumer clientId=consumer-notification-service-group-1, groupId=notification-service-group] Bootstrap broker localhost:9092 (id: -1 rack: null) disconnected
2026-07-27T00:53:32.770+05:30  INFO 3640 --- [notification-service] [ntainer#1-0-C-1] org.apache.kafka.clients.NetworkClient   : [Consumer clientId=consumer-notification-service-group-2, groupId=notification-service-group] Node -1 disconnected.
2026-07-27T00:53:32.770+05:30  WARN 3640 --- [notification-service] [ntainer#1-0-C-1] org.apache.kafka.clients.NetworkClient   : [Consumer clientId=consumer-notification-service-group-2, groupId=notification-service-group] Connection to node -1 (localhost/127.0.0.1:9092) could not be established. Node may not be available.
2026-07-27T00:53:32.770+05:30  WARN 3640 --- [notification-service] [ntainer#1-0-C-1] org.apache.kafka.clients.NetworkClient   : [Consumer clientId=consumer-notification-service-group-2, groupId=notification-service-group] Bootstrap broker localhost:9092 (id: -1 rack: null) disconnected
2026-07-27T00:53:33.437+05:30  INFO 3640 --- [notification-service] [ntainer#0-0-C-1] org.apache.kafka.clients.NetworkClient   : [Consumer clientId=consumer-notification-service-group-1, groupId=notification-service-group] Node -1 disconnected.
2026-07-27T00:53:33.437+05:30  WARN 3640 --- [notification-service] [ntainer#0-0-C-1] org.apache.kafka.clients.NetworkClient   : [Consumer clientId=consumer-notification-service-group-1, groupId=notification-service-group] Connection to node -1 (localhost/127.0.0.1:9092) could not be established. Node may not be available.
2026-07-27T00:53:33.438+05:30  WARN 3640 --- [notification-service] [ntainer#0-0-C-1] org.apache.kafka.clients.NetworkClient   : [Consumer clientId=consumer-notification-service-group-1, groupId=notification-service-group] Bootstrap broker localhost:9092 (id: -1 rack: null) disconnected
2026-07-27T00:53:33.629+05:30  INFO 3640 --- [notification-service] [ntainer#1-0-C-1] org.apache.kafka.clients.NetworkClient   : [Consumer clientId=consumer-notification-service-group-2, groupId=notification-service-group] Node -1 disconnected.
2026-07-27T00:53:33.629+05:30  WARN 3640 --- [notification-service] [ntainer#1-0-C-1] org.apache.kafka.clients.NetworkClient   : [Consumer clientId=consumer-notification-service-group-2, groupId=notification-service-group] Connection to node -1 (localhost/127.0.0.1:9092) could not be established. Node may not be available.
2026-07-27T00:53:33.629+05:30  WARN 3640 --- [notification-service] [ntainer#1-0-C-1] org.apache.kafka.clients.NetworkClient   : [Consumer clientId=consumer-notification-service-group-2, groupId=notification-service-group] Bootstrap broker localhost:9092 (id: -1 rack: null) disconnected
2026-07-27T00:53:34.452+05:30  INFO 3640 --- [notification-service] [ntainer#0-0-C-1] org.apache.kafka.clients.NetworkClient   : [Consumer clientId=consumer-notification-service-group-1, groupId=notification-service-group] Node -1 disconnected.
2026-07-27T00:53:34.452+05:30  WARN 3640 --- [notification-service] [ntainer#0-0-C-1] org.apache.kafka.clients.NetworkClient   : [Consumer clientId=consumer-notification-service-group-1, groupId=notification-service-group] Connection to node -1 (localhost/127.0.0.1:9092) could not be established. Node may not be available.
2026-07-27T00:53:34.452+05:30  WARN 3640 --- [notification-service] [ntainer#0-0-C-1] org.apache.kafka.clients.NetworkClient   : [Consumer clientId=consumer-notification-service-group-1, groupId=notification-service-group] Bootstrap broker localhost:9092 (id: -1 rack: null) disconnected
2026-07-27T00:53:34.646+05:30  INFO 3640 --- [notification-service] [ntainer#1-0-C-1] org.apache.kafka.clients.NetworkClient   : [Consumer clientId=consumer-notification-service-group-2, groupId=notification-service-group] Node -1 disconnected.
2026-07-27T00:53:34.646+05:30  WARN 3640 --- [notification-service] [ntainer#1-0-C-1] org.apache.kafka.clients.NetworkClient   : [Consumer clientId=consumer-notification-service-group-2, groupId=notification-service-group] Connection to node -1 (localhost/127.0.0.1:9092) could not be established. Node may not be available.
2026-07-27T00:53:34.646+05:30  WARN 3640 --- [notification-service] [ntainer#1-0-C-1] org.apache.kafka.clients.NetworkClient   : [Consumer clientId=consumer-notification-service-group-2, groupId=notification-service-group] Bootstrap broker localhost:9092 (id: -1 rack: null) disconnected
2026-07-27T00:53:35.503+05:30  INFO 3640 --- [notification-service] [ntainer#0-0-C-1] org.apache.kafka.clients.NetworkClient   : [Consumer clientId=consumer-notification-service-group-1, groupId=notification-service-group] Node -1 disconnected.
2026-07-27T00:53:35.503+05:30  WARN 3640 --- [notification-service] [ntainer#0-0-C-1] org.apache.kafka.clients.NetworkClient   : [Consumer clientId=consumer-notification-service-group-1, groupId=notification-service-group] Connection to node -1 (localhost/127.0.0.1:9092) could not be established. Node may not be available.
2026-07-27T00:53:35.503+05:30  WARN 3640 --- [notification-service] [ntainer#0-0-C-1] org.apache.kafka.clients.NetworkClient   : [Consumer clientId=consumer-notification-service-group-1, groupId=notification-service-group] Bootstrap broker localhost:9092 (id: -1 rack: null) disconnected
2026-07-27T00:53:35.657+05:30  INFO 3640 --- [notification-service] [ntainer#1-0-C-1] org.apache.kafka.clients.NetworkClient   : [Consumer clientId=consumer-notification-service-group-2, groupId=notification-service-group] Node -1 disconnected.
2026-07-27T00:53:35.657+05:30  WARN 3640 --- [notification-service] [ntainer#1-0-C-1] org.apache.kafka.clients.NetworkClient   : [Consumer clientId=consumer-notification-service-group-2, groupId=notification-service-group] Connection to node -1 (localhost/127.0.0.1:9092) could not be established. Node may not be available.
2026-07-27T00:53:35.657+05:30  WARN 3640 --- [notification-service] [ntainer#1-0-C-1] org.apache.kafka.clients.NetworkClient   : [Consumer clientId=consumer-notification-service-group-2, groupId=notification-service-group] Bootstrap broker localhost:9092 (id: -1 rack: null) disconnected
2026-07-27T00:53:36.503+05:30  INFO 3640 --- [notification-service] [ntainer#0-0-C-1] org.apache.kafka.clients.NetworkClient   : [Consumer clientId=consumer-notification-service-group-1, groupId=notification-service-group] Node -1 disconnected.
2026-07-27T00:53:36.504+05:30  WARN 3640 --- [notification-service] [ntainer#0-0-C-1] org.apache.kafka.clients.NetworkClient   : [Consumer clientId=consumer-notification-service-group-1, groupId=notification-service-group] Connection to node -1 (localhost/127.0.0.1:9092) could not be established. Node may not be available.
2026-07-27T00:53:36.504+05:30  WARN 3640 --- [notification-service] [ntainer#0-0-C-1] org.apache.kafka.clients.NetworkClient   : [Consumer clientId=consumer-notification-service-group-1, groupId=notification-service-group] Bootstrap broker localhost:9092 (id: -1 rack: null) disconnected
2026-07-27T00:53:36.657+05:30  INFO 3640 --- [notification-service] [ntainer#1-0-C-1] org.apache.kafka.clients.NetworkClient   : [Consumer clientId=consumer-notification-service-group-2, groupId=notification-service-group] Node -1 disconnected.
2026-07-27T00:53:36.658+05:30  WARN 3640 --- [notification-service] [ntainer#1-0-C-1] org.apache.kafka.clients.NetworkClient   : [Consumer clientId=consumer-notification-service-group-2, groupId=notification-service-group] Connection to node -1 (localhost/127.0.0.1:9092) could not be established. Node may not be available.
2026-07-27T00:53:36.658+05:30  WARN 3640 --- [notification-service] [ntainer#1-0-C-1] org.apache.kafka.clients.NetworkClient   : [Consumer clientId=consumer-notification-service-group-2, groupId=notification-service-group] Bootstrap broker localhost:9092 (id: -1 rack: null) disconnected
2026-07-27T00:53:37.408+05:30  INFO 3640 --- [notification-service] [ntainer#0-0-C-1] org.apache.kafka.clients.NetworkClient   : [Consumer clientId=consumer-notification-service-group-1, groupId=notification-service-group] Node -1 disconnected.
2026-07-27T00:53:37.408+05:30  WARN 3640 --- [notification-service] [ntainer#0-0-C-1] org.apache.kafka.clients.NetworkClient   : [Consumer clientId=consumer-notification-service-group-1, groupId=notification-service-group] Connection to node -1 (localhost/127.0.0.1:9092) could not be established. Node may not be available.
2026-07-27T00:53:37.409+05:30  WARN 3640 --- [notification-service] [ntainer#0-0-C-1] org.apache.kafka.clients.NetworkClient   : [Consumer clientId=consumer-notification-service-group-1, groupId=notification-service-group] Bootstrap broker localhost:9092 (id: -1 rack: null) disconnected
2026-07-27T00:53:37.660+05:30  INFO 3640 --- [notification-service] [ntainer#1-0-C-1] org.apache.kafka.clients.NetworkClient   : [Consumer clientId=consumer-notification-service-group-2, groupId=notification-service-group] Node -1 disconnected.
2026-07-27T00:53:37.660+05:30  WARN 3640 --- [notification-service] [ntainer#1-0-C-1] org.apache.kafka.clients.NetworkClient   : [Consumer clientId=consumer-notification-service-group-2, groupId=notification-service-group] Connection to node -1 (localhost/127.0.0.1:9092) could not be established. Node may not be available.
2026-07-27T00:53:37.660+05:30  WARN 3640 --- [notification-service] [ntainer#1-0-C-1] org.apache.kafka.clients.NetworkClient   : [Consumer clientId=consumer-notification-service-group-2, groupId=notification-service-group] Bootstrap broker localhost:9092 (id: -1 rack: null) disconnected
2026-07-27T00:53:38.416+05:30  INFO 3640 --- [notification-service] [ntainer#0-0-C-1] org.apache.kafka.clients.NetworkClient   : [Consumer clientId=consumer-notification-service-group-1, groupId=notification-service-group] Node -1 disconnected.
2026-07-27T00:53:38.416+05:30  WARN 3640 --- [notification-service] [ntainer#0-0-C-1] org.apache.kafka.clients.NetworkClient   : [Consumer clientId=consumer-notification-service-group-1, groupId=notification-service-group] Connection to node -1 (localhost/127.0.0.1:9092) could not be established. Node may not be available.
2026-07-27T00:53:38.416+05:30  WARN 3640 --- [notification-service] [ntainer#0-0-C-1] org.apache.kafka.clients.NetworkClient   : [Consumer clientId=consumer-notification-service-group-1, groupId=notification-service-group] Bootstrap broker localhost:9092 (id: -1 rack: null) disconnected
2026-07-27T00:53:38.660+05:30  INFO 3640 --- [notification-service] [ntainer#1-0-C-1] org.apache.kafka.clients.NetworkClient   : [Consumer clientId=consumer-notification-service-group-2, groupId=notification-service-group] Node -1 disconnected.
2026-07-27T00:53:38.662+05:30  WARN 3640 --- [notification-service] [ntainer#1-0-C-1] org.apache.kafka.clients.NetworkClient   : [Consumer clientId=consumer-notification-service-group-2, groupId=notification-service-group] Connection to node -1 (localhost/127.0.0.1:9092) could not be established. Node may not be available.
2026-07-27T00:53:38.662+05:30  WARN 3640 --- [notification-service] [ntainer#1-0-C-1] org.apache.kafka.clients.NetworkClient   : [Consumer clientId=consumer-notification-service-group-2, groupId=notification-service-group] Bootstrap broker localhost:9092 (id: -1 rack: null) disconnected
2026-07-27T00:53:39.357+05:30  INFO 3640 --- [notification-service] [ntainer#0-0-C-1] org.apache.kafka.clients.NetworkClient   : [Consumer clientId=consumer-notification-service-group-1, groupId=notification-service-group] Node -1 disconnected.
2026-07-27T00:53:39.357+05:30  WARN 3640 --- [notification-service] [ntainer#0-0-C-1] org.apache.kafka.clients.NetworkClient   : [Consumer clientId=consumer-notification-service-group-1, groupId=notification-service-group] Connection to node -1 (localhost/127.0.0.1:9092) could not be established. Node may not be available.
2026-07-27T00:53:39.357+05:30  WARN 3640 --- [notification-service] [ntainer#0-0-C-1] org.apache.kafka.clients.NetworkClient   : [Consumer clientId=consumer-notification-service-group-1, groupId=notification-service-group] Bootstrap broker localhost:9092 (id: -1 rack: null) disconnected
2026-07-27T00:53:39.662+05:30  INFO 3640 --- [notification-service] [ntainer#1-0-C-1] org.apache.kafka.clients.NetworkClient   : [Consumer clientId=consumer-notification-service-group-2, groupId=notification-service-group] Node -1 disconnected.
2026-07-27T00:53:39.662+05:30  WARN 3640 --- [notification-service] [ntainer#1-0-C-1] org.apache.kafka.clients.NetworkClient   : [Consumer clientId=consumer-notification-service-group-2, groupId=notification-service-group] Connection to node -1 (localhost/127.0.0.1:9092) could not be established. Node may not be available.
2026-07-27T00:53:39.662+05:30  WARN 3640 --- [notification-service] [ntainer#1-0-C-1] org.apache.kafka.clients.NetworkClient   : [Consumer clientId=consumer-notification-service-group-2, groupId=notification-service-group] Bootstrap broker localhost:9092 (id: -1 rack: null) disconnected
2026-07-27T00:53:40.378+05:30  INFO 3640 --- [notification-service] [ntainer#0-0-C-1] org.apache.kafka.clients.NetworkClient   : [Consumer clientId=consumer-notification-service-group-1, groupId=notification-service-group] Node -1 disconnected.
2026-07-27T00:53:40.378+05:30  WARN 3640 --- [notification-service] [ntainer#0-0-C-1] org.apache.kafka.clients.NetworkClient   : [Consumer clientId=consumer-notification-service-group-1, groupId=notification-service-group] Connection to node -1 (localhost/127.0.0.1:9092) could not be established. Node may not be available.
2026-07-27T00:53:40.378+05:30  WARN 3640 --- [notification-service] [ntainer#0-0-C-1] org.apache.kafka.clients.NetworkClient   : [Consumer clientId=consumer-notification-service-group-1, groupId=notification-service-group] Bootstrap broker localhost:9092 (id: -1 rack: null) disconnected
2026-07-27T00:53:40.695+05:30  INFO 3640 --- [notification-service] [ntainer#1-0-C-1] org.apache.kafka.clients.NetworkClient   : [Consumer clientId=consumer-notification-service-group-2, groupId=notification-service-group] Node -1 disconnected.
2026-07-27T00:53:40.695+05:30  WARN 3640 --- [notification-service] [ntainer#1-0-C-1] org.apache.kafka.clients.NetworkClient   : [Consumer clientId=consumer-notification-service-group-2, groupId=notification-service-group] Connection to node -1 (localhost/127.0.0.1:9092) could not be established. Node may not be available.
2026-07-27T00:53:40.695+05:30  WARN 3640 --- [notification-service] [ntainer#1-0-C-1] org.apache.kafka.clients.NetworkClient   : [Consumer clientId=consumer-notification-service-group-2, groupId=notification-service-group] Bootstrap broker localhost:9092 (id: -1 rack: null) disconnected
2026-07-27T00:53:41.383+05:30  INFO 3640 --- [notification-service] [ntainer#0-0-C-1] org.apache.kafka.clients.NetworkClient   : [Consumer clientId=consumer-notification-service-group-1, groupId=notification-service-group] Node -1 disconnected.
2026-07-27T00:53:41.383+05:30  WARN 3640 --- [notification-service] [ntainer#0-0-C-1] org.apache.kafka.clients.NetworkClient   : [Consumer clientId=consumer-notification-service-group-1, groupId=notification-service-group] Connection to node -1 (localhost/127.0.0.1:9092) could not be established. Node may not be available.
2026-07-27T00:53:41.383+05:30  WARN 3640 --- [notification-service] [ntainer#0-0-C-1] org.apache.kafka.clients.NetworkClient   : [Consumer clientId=consumer-notification-service-group-1, groupId=notification-service-group] Bootstrap broker localhost:9092 (id: -1 rack: null) disconnected
2026-07-27T00:53:41.697+05:30  INFO 3640 --- [notification-service] [ntainer#1-0-C-1] org.apache.kafka.clients.NetworkClient   : [Consumer clientId=consumer-notification-service-group-2, groupId=notification-service-group] Node -1 disconnected.
2026-07-27T00:53:41.697+05:30  WARN 3640 --- [notification-service] [ntainer#1-0-C-1] org.apache.kafka.clients.NetworkClient   : [Consumer clientId=consumer-notification-service-group-2, groupId=notification-service-group] Connection to node -1 (localhost/127.0.0.1:9092) could not be established. Node may not be available.
2026-07-27T00:53:41.697+05:30  WARN 3640 --- [notification-service] [ntainer#1-0-C-1] org.apache.kafka.clients.NetworkClient   : [Consumer clientId=consumer-notification-service-group-2, groupId=notification-service-group] Bootstrap broker localhost:9092 (id: -1 rack: null) disconnected
2026-07-27T00:53:42.384+05:30  INFO 3640 --- [notification-service] [ntainer#0-0-C-1] org.apache.kafka.clients.NetworkClient   : [Consumer clientId=consumer-notification-service-group-1, groupId=notification-service-group] Node -1 disconnected.
2026-07-27T00:53:42.385+05:30  WARN 3640 --- [notification-service] [ntainer#0-0-C-1] org.apache.kafka.clients.NetworkClient   : [Consumer clientId=consumer-notification-service-group-1, groupId=notification-service-group] Connection to node -1 (localhost/127.0.0.1:9092) could not be established. Node may not be available.
2026-07-27T00:53:42.386+05:30  WARN 3640 --- [notification-service] [ntainer#0-0-C-1] org.apache.kafka.clients.NetworkClient   : [Consumer clientId=consumer-notification-service-group-1, groupId=notification-service-group] Bootstrap broker localhost:9092 (id: -1 rack: null) disconnected
2026-07-27T00:53:42.708+05:30  INFO 3640 --- [notification-service] [ntainer#1-0-C-1] org.apache.kafka.clients.NetworkClient   : [Consumer clientId=consumer-notification-service-group-2, groupId=notification-service-group] Node -1 disconnected.
2026-07-27T00:53:42.708+05:30  WARN 3640 --- [notification-service] [ntainer#1-0-C-1] org.apache.kafka.clients.NetworkClient   : [Consumer clientId=consumer-notification-service-group-2, groupId=notification-service-group] Connection to node -1 (localhost/127.0.0.1:9092) could not be established. Node may not be available.
2026-07-27T00:53:42.708+05:30  WARN 3640 --- [notification-service] [ntainer#1-0-C-1] org.apache.kafka.clients.NetworkClient   : [Consumer clientId=consumer-notification-service-group-2, groupId=notification-service-group] Bootstrap broker localhost:9092 (id: -1 rack: null) disconnected
2026-07-27T00:53:43.326+05:30  INFO 3640 --- [notification-service] [ntainer#0-0-C-1] org.apache.kafka.clients.NetworkClient   : [Consumer clientId=consumer-notification-service-group-1, groupId=notification-service-group] Node -1 disconnected.
2026-07-27T00:53:43.326+05:30  WARN 3640 --- [notification-service] [ntainer#0-0-C-1] org.apache.kafka.clients.NetworkClient   : [Consumer clientId=consumer-notification-service-group-1, groupId=notification-service-group] Connection to node -1 (localhost/127.0.0.1:9092) could not be established. Node may not be available.
2026-07-27T00:53:43.326+05:30  WARN 3640 --- [notification-service] [ntainer#0-0-C-1] org.apache.kafka.clients.NetworkClient   : [Consumer clientId=consumer-notification-service-group-1, groupId=notification-service-group] Bootstrap broker localhost:9092 (id: -1 rack: null) disconnected
2026-07-27T00:53:43.672+05:30  INFO 3640 --- [notification-service] [ntainer#1-0-C-1] org.apache.kafka.clients.NetworkClient   : [Consumer clientId=consumer-notification-service-group-2, groupId=notification-service-group] Node -1 disconnected.
2026-07-27T00:53:43.672+05:30  WARN 3640 --- [notification-service] [ntainer#1-0-C-1] org.apache.kafka.clients.NetworkClient   : [Consumer clientId=consumer-notification-service-group-2, groupId=notification-service-group] Connection to node -1 (localhost/127.0.0.1:9092) could not be established. Node may not be available.
2026-07-27T00:53:43.672+05:30  WARN 3640 --- [notification-service] [ntainer#1-0-C-1] org.apache.kafka.clients.NetworkClient   : [Consumer clientId=consumer-notification-service-group-2, groupId=notification-service-group] Bootstrap broker localhost:9092 (id: -1 rack: null) disconnected
2026-07-27T00:53:44.335+05:30  INFO 3640 --- [notification-service] [ntainer#0-0-C-1] org.apache.kafka.clients.NetworkClient   : [Consumer clientId=consumer-notification-service-group-1, groupId=notification-service-group] Node -1 disconnected.
2026-07-27T00:53:44.336+05:30  WARN 3640 --- [notification-service] [ntainer#0-0-C-1] org.apache.kafka.clients.NetworkClient   : [Consumer clientId=consumer-notification-service-group-1, groupId=notification-service-group] Connection to node -1 (localhost/127.0.0.1:9092) could not be established. Node may not be available.
2026-07-27T00:53:44.336+05:30  WARN 3640 --- [notification-service] [ntainer#0-0-C-1] org.apache.kafka.clients.NetworkClient   : [Consumer clientId=consumer-notification-service-group-1, groupId=notification-service-group] Bootstrap broker localhost:9092 (id: -1 rack: null) disconnected
2026-07-27T00:53:44.635+05:30  INFO 3640 --- [notification-service] [ntainer#1-0-C-1] org.apache.kafka.clients.NetworkClient   : [Consumer clientId=consumer-notification-service-group-2, groupId=notification-service-group] Node -1 disconnected.
2026-07-27T00:53:44.635+05:30  WARN 3640 --- [notification-service] [ntainer#1-0-C-1] org.apache.kafka.clients.NetworkClient   : [Consumer clientId=consumer-notification-service-group-2, groupId=notification-service-group] Connection to node -1 (localhost/127.0.0.1:9092) could not be established. Node may not be available.
2026-07-27T00:53:44.635+05:30  WARN 3640 --- [notification-service] [ntainer#1-0-C-1] org.apache.kafka.clients.NetworkClient   : [Consumer clientId=consumer-notification-service-group-2, groupId=notification-service-group] Bootstrap broker localhost:9092 (id: -1 rack: null) disconnected
2026-07-27T00:53:45.376+05:30  INFO 3640 --- [notification-service] [ntainer#0-0-C-1] org.apache.kafka.clients.NetworkClient   : [Consumer clientId=consumer-notification-service-group-1, groupId=notification-service-group] Node -1 disconnected.
2026-07-27T00:53:45.377+05:30  WARN 3640 --- [notification-service] [ntainer#0-0-C-1] org.apache.kafka.clients.NetworkClient   : [Consumer clientId=consumer-notification-service-group-1, groupId=notification-service-group] Connection to node -1 (localhost/127.0.0.1:9092) could not be established. Node may not be available.
2026-07-27T00:53:45.377+05:30  WARN 3640 --- [notification-service] [ntainer#0-0-C-1] org.apache.kafka.clients.NetworkClient   : [Consumer clientId=consumer-notification-service-group-1, groupId=notification-service-group] Bootstrap broker localhost:9092 (id: -1 rack: null) disconnected
2026-07-27T00:53:45.658+05:30  INFO 3640 --- [notification-service] [ntainer#1-0-C-1] org.apache.kafka.clients.NetworkClient   : [Consumer clientId=consumer-notification-service-group-2, groupId=notification-service-group] Node -1 disconnected.
2026-07-27T00:53:45.658+05:30  WARN 3640 --- [notification-service] [ntainer#1-0-C-1] org.apache.kafka.clients.NetworkClient   : [Consumer clientId=consumer-notification-service-group-2, groupId=notification-service-group] Connection to node -1 (localhost/127.0.0.1:9092) could not be established. Node may not be available.
2026-07-27T00:53:45.658+05:30  WARN 3640 --- [notification-service] [ntainer#1-0-C-1] org.apache.kafka.clients.NetworkClient   : [Consumer clientId=consumer-notification-service-group-2, groupId=notification-service-group] Bootstrap broker localhost:9092 (id: -1 rack: null) disconnected
2026-07-27T00:53:46.413+05:30  INFO 3640 --- [notification-service] [ntainer#0-0-C-1] org.apache.kafka.clients.NetworkClient   : [Consumer clientId=consumer-notification-service-group-1, groupId=notification-service-group] Node -1 disconnected.
2026-07-27T00:53:46.413+05:30  WARN 3640 --- [notification-service] [ntainer#0-0-C-1] org.apache.kafka.clients.NetworkClient   : [Consumer clientId=consumer-notification-service-group-1, groupId=notification-service-group] Connection to node -1 (localhost/127.0.0.1:9092) could not be established. Node may not be available.
2026-07-27T00:53:46.413+05:30  WARN 3640 --- [notification-service] [ntainer#0-0-C-1] org.apache.kafka.clients.NetworkClient   : [Consumer clientId=consumer-notification-service-group-1, groupId=notification-service-group] Bootstrap broker localhost:9092 (id: -1 rack: null) disconnected
2026-07-27T00:53:46.710+05:30  INFO 3640 --- [notification-service] [ntainer#1-0-C-1] org.apache.kafka.clients.NetworkClient   : [Consumer clientId=consumer-notification-service-group-2, groupId=notification-service-group] Node -1 disconnected.
2026-07-27T00:53:46.710+05:30  WARN 3640 --- [notification-service] [ntainer#1-0-C-1] org.apache.kafka.clients.NetworkClient   : [Consumer clientId=consumer-notification-service-group-2, groupId=notification-service-group] Connection to node -1 (localhost/127.0.0.1:9092) could not be established. Node may not be available.
2026-07-27T00:53:46.710+05:30  WARN 3640 --- [notification-service] [ntainer#1-0-C-1] org.apache.kafka.clients.NetworkClient   : [Consumer clientId=consumer-notification-service-group-2, groupId=notification-service-group] Bootstrap broker localhost:9092 (id: -1 rack: null) disconnected
2026-07-27T00:53:47.413+05:30  INFO 3640 --- [notification-service] [ntainer#0-0-C-1] org.apache.kafka.clients.NetworkClient   : [Consumer clientId=consumer-notification-service-group-1, groupId=notification-service-group] Node -1 disconnected.
2026-07-27T00:53:47.413+05:30  WARN 3640 --- [notification-service] [ntainer#0-0-C-1] org.apache.kafka.clients.NetworkClient   : [Consumer clientId=consumer-notification-service-group-1, groupId=notification-service-group] Connection to node -1 (localhost/127.0.0.1:9092) could not be established. Node may not be available.
2026-07-27T00:53:47.413+05:30  WARN 3640 --- [notification-service] [ntainer#0-0-C-1] org.apache.kafka.clients.NetworkClient   : [Consumer clientId=consumer-notification-service-group-1, groupId=notification-service-group] Bootstrap broker localhost:9092 (id: -1 rack: null) disconnected
2026-07-27T00:53:47.674+05:30  INFO 3640 --- [notification-service] [ntainer#1-0-C-1] org.apache.kafka.clients.NetworkClient   : [Consumer clientId=consumer-notification-service-group-2, groupId=notification-service-group] Node -1 disconnected.
2026-07-27T00:53:47.674+05:30  WARN 3640 --- [notification-service] [ntainer#1-0-C-1] org.apache.kafka.clients.NetworkClient   : [Consumer clientId=consumer-notification-service-group-2, groupId=notification-service-group] Connection to node -1 (localhost/127.0.0.1:9092) could not be established. Node may not be available.
2026-07-27T00:53:47.674+05:30  WARN 3640 --- [notification-service] [ntainer#1-0-C-1] org.apache.kafka.clients.NetworkClient   : [Consumer clientId=consumer-notification-service-group-2, groupId=notification-service-group] Bootstrap broker localhost:9092 (id: -1 rack: null) disconnected
2026-07-27T00:53:48.377+05:30  INFO 3640 --- [notification-service] [ntainer#0-0-C-1] org.apache.kafka.clients.NetworkClient   : [Consumer clientId=consumer-notification-service-group-1, groupId=notification-service-group] Node -1 disconnected.
2026-07-27T00:53:48.378+05:30  WARN 3640 --- [notification-service] [ntainer#0-0-C-1] org.apache.kafka.clients.NetworkClient   : [Consumer clientId=consumer-notification-service-group-1, groupId=notification-service-group] Connection to node -1 (localhost/127.0.0.1:9092) could not be established. Node may not be available.
2026-07-27T00:53:48.379+05:30  WARN 3640 --- [notification-service] [ntainer#0-0-C-1] org.apache.kafka.clients.NetworkClient   : [Consumer clientId=consumer-notification-service-group-1, groupId=notification-service-group] Bootstrap broker localhost:9092 (id: -1 rack: null) disconnected
2026-07-27T00:53:48.538+05:30  INFO 3640 --- [notification-service] [ntainer#1-0-C-1] org.apache.kafka.clients.NetworkClient   : [Consumer clientId=consumer-notification-service-group-2, groupId=notification-service-group] Node -1 disconnected.
2026-07-27T00:53:48.538+05:30  WARN 3640 --- [notification-service] [ntainer#1-0-C-1] org.apache.kafka.clients.NetworkClient   : [Consumer clientId=consumer-notification-service-group-2, groupId=notification-service-group] Connection to node -1 (localhost/127.0.0.1:9092) could not be established. Node may not be available.
2026-07-27T00:53:48.539+05:30  WARN 3640 --- [notification-service] [ntainer#1-0-C-1] org.apache.kafka.clients.NetworkClient   : [Consumer clientId=consumer-notification-service-group-2, groupId=notification-service-group] Bootstrap broker localhost:9092 (id: -1 rack: null) disconnected
2026-07-27T00:53:49.393+05:30  INFO 3640 --- [notification-service] [ntainer#0-0-C-1] org.apache.kafka.clients.NetworkClient   : [Consumer clientId=consumer-notification-service-group-1, groupId=notification-service-group] Node -1 disconnected.
2026-07-27T00:53:49.393+05:30  WARN 3640 --- [notification-service] [ntainer#0-0-C-1] org.apache.kafka.clients.NetworkClient   : [Consumer clientId=consumer-notification-service-group-1, groupId=notification-service-group] Connection to node -1 (localhost/127.0.0.1:9092) could not be established. Node may not be available.
2026-07-27T00:53:49.393+05:30  WARN 3640 --- [notification-service] [ntainer#0-0-C-1] org.apache.kafka.clients.NetworkClient   : [Consumer clientId=consumer-notification-service-group-1, groupId=notification-service-group] Bootstrap broker localhost:9092 (id: -1 rack: null) disconnected
2026-07-27T00:53:49.416+05:30  INFO 3640 --- [notification-service] [ntainer#1-0-C-1] org.apache.kafka.clients.NetworkClient   : [Consumer clientId=consumer-notification-service-group-2, groupId=notification-service-group] Node -1 disconnected.
2026-07-27T00:53:49.416+05:30  WARN 3640 --- [notification-service] [ntainer#1-0-C-1] org.apache.kafka.clients.NetworkClient   : [Consumer clientId=consumer-notification-service-group-2, groupId=notification-service-group] Connection to node -1 (localhost/127.0.0.1:9092) could not be established. Node may not be available.
2026-07-27T00:53:49.416+05:30  WARN 3640 --- [notification-service] [ntainer#1-0-C-1] org.apache.kafka.clients.NetworkClient   : [Consumer clientId=consumer-notification-service-group-2, groupId=notification-service-group] Bootstrap broker localhost:9092 (id: -1 rack: null) disconnected
2026-07-27T00:53:50.327+05:30  INFO 3640 --- [notification-service] [ntainer#1-0-C-1] org.apache.kafka.clients.NetworkClient   : [Consumer clientId=consumer-notification-service-group-2, groupId=notification-service-group] Node -1 disconnected.
2026-07-27T00:53:50.327+05:30  WARN 3640 --- [notification-service] [ntainer#1-0-C-1] org.apache.kafka.clients.NetworkClient   : [Consumer clientId=consumer-notification-service-group-2, groupId=notification-service-group] Connection to node -1 (localhost/127.0.0.1:9092) could not be established. Node may not be available.
2026-07-27T00:53:50.327+05:30  WARN 3640 --- [notification-service] [ntainer#1-0-C-1] org.apache.kafka.clients.NetworkClient   : [Consumer clientId=consumer-notification-service-group-2, groupId=notification-service-group] Bootstrap broker localhost:9092 (id: -1 rack: null) disconnected
2026-07-27T00:53:50.414+05:30  INFO 3640 --- [notification-service] [ntainer#0-0-C-1] org.apache.kafka.clients.NetworkClient   : [Consumer clientId=consumer-notification-service-group-1, groupId=notification-service-group] Node -1 disconnected.
2026-07-27T00:53:50.414+05:30  WARN 3640 --- [notification-service] [ntainer#0-0-C-1] org.apache.kafka.clients.NetworkClient   : [Consumer clientId=consumer-notification-service-group-1, groupId=notification-service-group] Connection to node -1 (localhost/127.0.0.1:9092) could not be established. Node may not be available.
2026-07-27T00:53:50.414+05:30  WARN 3640 --- [notification-service] [ntainer#0-0-C-1] org.apache.kafka.clients.NetworkClient   : [Consumer clientId=consumer-notification-service-group-1, groupId=notification-service-group] Bootstrap broker localhost:9092 (id: -1 rack: null) disconnected
2026-07-27T00:53:51.216+05:30  INFO 3640 --- [notification-service] [ntainer#1-0-C-1] org.apache.kafka.clients.NetworkClient   : [Consumer clientId=consumer-notification-service-group-2, groupId=notification-service-group] Node -1 disconnected.
2026-07-27T00:53:51.217+05:30  WARN 3640 --- [notification-service] [ntainer#1-0-C-1] org.apache.kafka.clients.NetworkClient   : [Consumer clientId=consumer-notification-service-group-2, groupId=notification-service-group] Connection to node -1 (localhost/127.0.0.1:9092) could not be established. Node may not be available.
2026-07-27T00:53:51.217+05:30  WARN 3640 --- [notification-service] [ntainer#1-0-C-1] org.apache.kafka.clients.NetworkClient   : [Consumer clientId=consumer-notification-service-group-2, groupId=notification-service-group] Bootstrap broker localhost:9092 (id: -1 rack: null) disconnected
2026-07-27T00:53:51.422+05:30  INFO 3640 --- [notification-service] [ntainer#0-0-C-1] org.apache.kafka.clients.NetworkClient   : [Consumer clientId=consumer-notification-service-group-1, groupId=notification-service-group] Node -1 disconnected.
2026-07-27T00:53:51.422+05:30  WARN 3640 --- [notification-service] [ntainer#0-0-C-1] org.apache.kafka.clients.NetworkClient   : [Consumer clientId=consumer-notification-service-group-1, groupId=notification-service-group] Connection to node -1 (localhost/127.0.0.1:9092) could not be established. Node may not be available.
2026-07-27T00:53:51.422+05:30  WARN 3640 --- [notification-service] [ntainer#0-0-C-1] org.apache.kafka.clients.NetworkClient   : [Consumer clientId=consumer-notification-service-group-1, groupId=notification-service-group] Bootstrap broker localhost:9092 (id: -1 rack: null) disconnected
2026-07-27T00:53:52.218+05:30  INFO 3640 --- [notification-service] [ntainer#1-0-C-1] org.apache.kafka.clients.NetworkClient   : [Consumer clientId=consumer-notification-service-group-2, groupId=notification-service-group] Node -1 disconnected.
2026-07-27T00:53:52.218+05:30  WARN 3640 --- [notification-service] [ntainer#1-0-C-1] org.apache.kafka.clients.NetworkClient   : [Consumer clientId=consumer-notification-service-group-2, groupId=notification-service-group] Connection to node -1 (localhost/127.0.0.1:9092) could not be established. Node may not be available.
2026-07-27T00:53:52.218+05:30  WARN 3640 --- [notification-service] [ntainer#1-0-C-1] org.apache.kafka.clients.NetworkClient   : [Consumer clientId=consumer-notification-service-group-2, groupId=notification-service-group] Bootstrap broker localhost:9092 (id: -1 rack: null) disconnected
2026-07-27T00:53:52.333+05:30  INFO 3640 --- [notification-service] [ntainer#0-0-C-1] org.apache.kafka.clients.NetworkClient   : [Consumer clientId=consumer-notification-service-group-1, groupId=notification-service-group] Node -1 disconnected.
2026-07-27T00:53:52.333+05:30  WARN 3640 --- [notification-service] [ntainer#0-0-C-1] org.apache.kafka.clients.NetworkClient   : [Consumer clientId=consumer-notification-service-group-1, groupId=notification-service-group] Connection to node -1 (localhost/127.0.0.1:9092) could not be established. Node may not be available.
2026-07-27T00:53:52.333+05:30  WARN 3640 --- [notification-service] [ntainer#0-0-C-1] org.apache.kafka.clients.NetworkClient   : [Consumer clientId=consumer-notification-service-group-1, groupId=notification-service-group] Bootstrap broker localhost:9092 (id: -1 rack: null) disconnected
2026-07-27T00:53:53.193+05:30  INFO 3640 --- [notification-service] [ntainer#0-0-C-1] org.apache.kafka.clients.NetworkClient   : [Consumer clientId=consumer-notification-service-group-1, groupId=notification-service-group] Node -1 disconnected.
2026-07-27T00:53:53.193+05:30  WARN 3640 --- [notification-service] [ntainer#0-0-C-1] org.apache.kafka.clients.NetworkClient   : [Consumer clientId=consumer-notification-service-group-1, groupId=notification-service-group] Connection to node -1 (localhost/127.0.0.1:9092) could not be established. Node may not be available.
2026-07-27T00:53:53.193+05:30  WARN 3640 --- [notification-service] [ntainer#0-0-C-1] org.apache.kafka.clients.NetworkClient   : [Consumer clientId=consumer-notification-service-group-1, groupId=notification-service-group] Bootstrap broker localhost:9092 (id: -1 rack: null) disconnected
2026-07-27T00:53:53.238+05:30  INFO 3640 --- [notification-service] [ntainer#1-0-C-1] org.apache.kafka.clients.NetworkClient   : [Consumer clientId=consumer-notification-service-group-2, groupId=notification-service-group] Node -1 disconnected.
2026-07-27T00:53:53.238+05:30  WARN 3640 --- [notification-service] [ntainer#1-0-C-1] org.apache.kafka.clients.NetworkClient   : [Consumer clientId=consumer-notification-service-group-2, groupId=notification-service-group] Connection to node -1 (localhost/127.0.0.1:9092) could not be established. Node may not be available.
2026-07-27T00:53:53.238+05:30  WARN 3640 --- [notification-service] [ntainer#1-0-C-1] org.apache.kafka.clients.NetworkClient   : [Consumer clientId=consumer-notification-service-group-2, groupId=notification-service-group] Bootstrap broker localhost:9092 (id: -1 rack: null) disconnected
2026-07-27T00:53:54.197+05:30  INFO 3640 --- [notification-service] [ntainer#1-0-C-1] org.apache.kafka.clients.NetworkClient   : [Consumer clientId=consumer-notification-service-group-2, groupId=notification-service-group] Node -1 disconnected.
2026-07-27T00:53:54.198+05:30  WARN 3640 --- [notification-service] [ntainer#1-0-C-1] org.apache.kafka.clients.NetworkClient   : [Consumer clientId=consumer-notification-service-group-2, groupId=notification-service-group] Connection to node -1 (localhost/127.0.0.1:9092) could not be established. Node may not be available.
2026-07-27T00:53:54.198+05:30  WARN 3640 --- [notification-service] [ntainer#1-0-C-1] org.apache.kafka.clients.NetworkClient   : [Consumer clientId=consumer-notification-service-group-2, groupId=notification-service-group] Bootstrap broker localhost:9092 (id: -1 rack: null) disconnected
2026-07-27T00:53:54.204+05:30  INFO 3640 --- [notification-service] [ntainer#0-0-C-1] org.apache.kafka.clients.NetworkClient   : [Consumer clientId=consumer-notification-service-group-1, groupId=notification-service-group] Node -1 disconnected.
2026-07-27T00:53:54.205+05:30  WARN 3640 --- [notification-service] [ntainer#0-0-C-1] org.apache.kafka.clients.NetworkClient   : [Consumer clientId=consumer-notification-service-group-1, groupId=notification-service-group] Connection to node -1 (localhost/127.0.0.1:9092) could not be established. Node may not be available.
2026-07-27T00:53:54.205+05:30  WARN 3640 --- [notification-service] [ntainer#0-0-C-1] org.apache.kafka.clients.NetworkClient   : [Consumer clientId=consumer-notification-service-group-1, groupId=notification-service-group] Bootstrap broker localhost:9092 (id: -1 rack: null) disconnected
2026-07-27T00:53:55.115+05:30  INFO 3640 --- [notification-service] [ntainer#0-0-C-1] org.apache.kafka.clients.NetworkClient   : [Consumer clientId=consumer-notification-service-group-1, groupId=notification-service-group] Node -1 disconnected.
2026-07-27T00:53:55.115+05:30  WARN 3640 --- [notification-service] [ntainer#0-0-C-1] org.apache.kafka.clients.NetworkClient   : [Consumer clientId=consumer-notification-service-group-1, groupId=notification-service-group] Connection to node -1 (localhost/127.0.0.1:9092) could not be established. Node may not be available.
2026-07-27T00:53:55.115+05:30  WARN 3640 --- [notification-service] [ntainer#0-0-C-1] org.apache.kafka.clients.NetworkClient   : [Consumer clientId=consumer-notification-service-group-1, groupId=notification-service-group] Bootstrap broker localhost:9092 (id: -1 rack: null) disconnected
2026-07-27T00:53:55.199+05:30  INFO 3640 --- [notification-service] [ntainer#1-0-C-1] org.apache.kafka.clients.NetworkClient   : [Consumer clientId=consumer-notification-service-group-2, groupId=notification-service-group] Node -1 disconnected.
2026-07-27T00:53:55.199+05:30  WARN 3640 --- [notification-service] [ntainer#1-0-C-1] org.apache.kafka.clients.NetworkClient   : [Consumer clientId=consumer-notification-service-group-2, groupId=notification-service-group] Connection to node -1 (localhost/127.0.0.1:9092) could not be established. Node may not be available.
2026-07-27T00:53:55.199+05:30  WARN 3640 --- [notification-service] [ntainer#1-0-C-1] org.apache.kafka.clients.NetworkClient   : [Consumer clientId=consumer-notification-service-group-2, groupId=notification-service-group] Bootstrap broker localhost:9092 (id: -1 rack: null) disconnected
2026-07-27T00:53:56.159+05:30  INFO 3640 --- [notification-service] [ntainer#0-0-C-1] org.apache.kafka.clients.NetworkClient   : [Consumer clientId=consumer-notification-service-group-1, groupId=notification-service-group] Node -1 disconnected.
2026-07-27T00:53:56.160+05:30  WARN 3640 --- [notification-service] [ntainer#0-0-C-1] org.apache.kafka.clients.NetworkClient   : [Consumer clientId=consumer-notification-service-group-1, groupId=notification-service-group] Connection to node -1 (localhost/127.0.0.1:9092) could not be established. Node may not be available.
2026-07-27T00:53:56.160+05:30  WARN 3640 --- [notification-service] [ntainer#0-0-C-1] org.apache.kafka.clients.NetworkClient   : [Consumer clientId=consumer-notification-service-group-1, groupId=notification-service-group] Bootstrap broker localhost:9092 (id: -1 rack: null) disconnected
2026-07-27T00:53:56.170+05:30  INFO 3640 --- [notification-service] [ntainer#1-0-C-1] org.apache.kafka.clients.NetworkClient   : [Consumer clientId=consumer-notification-service-group-2, groupId=notification-service-group] Node -1 disconnected.
2026-07-27T00:53:56.170+05:30  WARN 3640 --- [notification-service] [ntainer#1-0-C-1] org.apache.kafka.clients.NetworkClient   : [Consumer clientId=consumer-notification-service-group-2, groupId=notification-service-group] Connection to node -1 (localhost/127.0.0.1:9092) could not be established. Node may not be available.
2026-07-27T00:53:56.170+05:30  WARN 3640 --- [notification-service] [ntainer#1-0-C-1] org.apache.kafka.clients.NetworkClient   : [Consumer clientId=consumer-notification-service-group-2, groupId=notification-service-group] Bootstrap broker localhost:9092 (id: -1 rack: null) disconnected
2026-07-27T00:53:56.983+05:30  INFO 3640 --- [notification-service] [ntainer#1-0-C-1] org.apache.kafka.clients.NetworkClient   : [Consumer clientId=consumer-notification-service-group-2, groupId=notification-service-group] Node -1 disconnected.
2026-07-27T00:53:56.983+05:30  WARN 3640 --- [notification-service] [ntainer#1-0-C-1] org.apache.kafka.clients.NetworkClient   : [Consumer clientId=consumer-notification-service-group-2, groupId=notification-service-group] Connection to node -1 (localhost/127.0.0.1:9092) could not be established. Node may not be available.
2026-07-27T00:53:56.983+05:30  WARN 3640 --- [notification-service] [ntainer#1-0-C-1] org.apache.kafka.clients.NetworkClient   : [Consumer clientId=consumer-notification-service-group-2, groupId=notification-service-group] Bootstrap broker localhost:9092 (id: -1 rack: null) disconnected
2026-07-27T00:53:56.985+05:30  INFO 3640 --- [notification-service] [ntainer#0-0-C-1] org.apache.kafka.clients.NetworkClient   : [Consumer clientId=consumer-notification-service-group-1, groupId=notification-service-group] Node -1 disconnected.
2026-07-27T00:53:56.986+05:30  WARN 3640 --- [notification-service] [ntainer#0-0-C-1] org.apache.kafka.clients.NetworkClient   : [Consumer clientId=consumer-notification-service-group-1, groupId=notification-service-group] Connection to node -1 (localhost/127.0.0.1:9092) could not be established. Node may not be available.
2026-07-27T00:53:56.986+05:30  WARN 3640 --- [notification-service] [ntainer#0-0-C-1] org.apache.kafka.clients.NetworkClient   : [Consumer clientId=consumer-notification-service-group-1, groupId=notification-service-group] Bootstrap broker localhost:9092 (id: -1 rack: null) disconnected
2026-07-27T00:53:57.876+05:30  INFO 3640 --- [notification-service] [ntainer#0-0-C-1] org.apache.kafka.clients.NetworkClient   : [Consumer clientId=consumer-notification-service-group-1, groupId=notification-service-group] Node -1 disconnected.
2026-07-27T00:53:57.876+05:30  WARN 3640 --- [notification-service] [ntainer#0-0-C-1] org.apache.kafka.clients.NetworkClient   : [Consumer clientId=consumer-notification-service-group-1, groupId=notification-service-group] Connection to node -1 (localhost/127.0.0.1:9092) could not be established. Node may not be available.
2026-07-27T00:53:57.876+05:30  WARN 3640 --- [notification-service] [ntainer#0-0-C-1] org.apache.kafka.clients.NetworkClient   : [Consumer clientId=consumer-notification-service-group-1, groupId=notification-service-group] Bootstrap broker localhost:9092 (id: -1 rack: null) disconnected
2026-07-27T00:53:58.030+05:30  INFO 3640 --- [notification-service] [ntainer#1-0-C-1] org.apache.kafka.clients.NetworkClient   : [Consumer clientId=consumer-notification-service-group-2, groupId=notification-service-group] Node -1 disconnected.
2026-07-27T00:53:58.030+05:30  WARN 3640 --- [notification-service] [ntainer#1-0-C-1] org.apache.kafka.clients.NetworkClient   : [Consumer clientId=consumer-notification-service-group-2, groupId=notification-service-group] Connection to node -1 (localhost/127.0.0.1:9092) could not be established. Node may not be available.
2026-07-27T00:53:58.031+05:30  WARN 3640 --- [notification-service] [ntainer#1-0-C-1] org.apache.kafka.clients.NetworkClient   : [Consumer clientId=consumer-notification-service-group-2, groupId=notification-service-group] Bootstrap broker localhost:9092 (id: -1 rack: null) disconnected
2026-07-27T00:53:58.883+05:30  INFO 3640 --- [notification-service] [ntainer#0-0-C-1] org.apache.kafka.clients.NetworkClient   : [Consumer clientId=consumer-notification-service-group-1, groupId=notification-service-group] Node -1 disconnected.
2026-07-27T00:53:58.883+05:30  WARN 3640 --- [notification-service] [ntainer#0-0-C-1] org.apache.kafka.clients.NetworkClient   : [Consumer clientId=consumer-notification-service-group-1, groupId=notification-service-group] Connection to node -1 (localhost/127.0.0.1:9092) could not be established. Node may not be available.
2026-07-27T00:53:58.883+05:30  WARN 3640 --- [notification-service] [ntainer#0-0-C-1] org.apache.kafka.clients.NetworkClient   : [Consumer clientId=consumer-notification-service-group-1, groupId=notification-service-group] Bootstrap broker localhost:9092 (id: -1 rack: null) disconnected
2026-07-27T00:53:59.032+05:30  INFO 3640 --- [notification-service] [ntainer#1-0-C-1] org.apache.kafka.clients.NetworkClient   : [Consumer clientId=consumer-notification-service-group-2, groupId=notification-service-group] Node -1 disconnected.
2026-07-27T00:53:59.032+05:30  WARN 3640 --- [notification-service] [ntainer#1-0-C-1] org.apache.kafka.clients.NetworkClient   : [Consumer clientId=consumer-notification-service-group-2, groupId=notification-service-group] Connection to node -1 (localhost/127.0.0.1:9092) could not be established. Node may not be available.
2026-07-27T00:53:59.032+05:30  WARN 3640 --- [notification-service] [ntainer#1-0-C-1] org.apache.kafka.clients.NetworkClient   : [Consumer clientId=consumer-notification-service-group-2, groupId=notification-service-group] Bootstrap broker localhost:9092 (id: -1 rack: null) disconnected
2026-07-27T00:53:59.885+05:30  INFO 3640 --- [notification-service] [ntainer#0-0-C-1] org.apache.kafka.clients.NetworkClient   : [Consumer clientId=consumer-notification-service-group-1, groupId=notification-service-group] Node -1 disconnected.
2026-07-27T00:53:59.886+05:30  WARN 3640 --- [notification-service] [ntainer#0-0-C-1] org.apache.kafka.clients.NetworkClient   : [Consumer clientId=consumer-notification-service-group-1, groupId=notification-service-group] Connection to node -1 (localhost/127.0.0.1:9092) could not be established. Node may not be available.
2026-07-27T00:53:59.886+05:30  WARN 3640 --- [notification-service] [ntainer#0-0-C-1] org.apache.kafka.clients.NetworkClient   : [Consumer clientId=consumer-notification-service-group-1, groupId=notification-service-group] Bootstrap broker localhost:9092 (id: -1 rack: null) disconnected
2026-07-27T00:54:00.034+05:30  INFO 3640 --- [notification-service] [ntainer#1-0-C-1] org.apache.kafka.clients.NetworkClient   : [Consumer clientId=consumer-notification-service-group-2, groupId=notification-service-group] Node -1 disconnected.
2026-07-27T00:54:00.034+05:30  WARN 3640 --- [notification-service] [ntainer#1-0-C-1] org.apache.kafka.clients.NetworkClient   : [Consumer clientId=consumer-notification-service-group-2, groupId=notification-service-group] Connection to node -1 (localhost/127.0.0.1:9092) could not be established. Node may not be available.
2026-07-27T00:54:00.034+05:30  WARN 3640 --- [notification-service] [ntainer#1-0-C-1] org.apache.kafka.clients.NetworkClient   : [Consumer clientId=consumer-notification-service-group-2, groupId=notification-service-group] Bootstrap broker localhost:9092 (id: -1 rack: null) disconnected
2026-07-27T00:54:00.874+05:30  INFO 3640 --- [notification-service] [ntainer#0-0-C-1] org.apache.kafka.clients.NetworkClient   : [Consumer clientId=consumer-notification-service-group-1, groupId=notification-service-group] Node -1 disconnected.
2026-07-27T00:54:00.875+05:30  WARN 3640 --- [notification-service] [ntainer#0-0-C-1] org.apache.kafka.clients.NetworkClient   : [Consumer clientId=consumer-notification-service-group-1, groupId=notification-service-group] Connection to node -1 (localhost/127.0.0.1:9092) could not be established. Node may not be available.
2026-07-27T00:54:00.875+05:30  WARN 3640 --- [notification-service] [ntainer#0-0-C-1] org.apache.kafka.clients.NetworkClient   : [Consumer clientId=consumer-notification-service-group-1, groupId=notification-service-group] Bootstrap broker localhost:9092 (id: -1 rack: null) disconnected
2026-07-27T00:54:01.035+05:30  INFO 3640 --- [notification-service] [ntainer#1-0-C-1] org.apache.kafka.clients.NetworkClient   : [Consumer clientId=consumer-notification-service-group-2, groupId=notification-service-group] Node -1 disconnected.
2026-07-27T00:54:01.035+05:30  WARN 3640 --- [notification-service] [ntainer#1-0-C-1] org.apache.kafka.clients.NetworkClient   : [Consumer clientId=consumer-notification-service-group-2, groupId=notification-service-group] Connection to node -1 (localhost/127.0.0.1:9092) could not be established. Node may not be available.
2026-07-27T00:54:01.035+05:30  WARN 3640 --- [notification-service] [ntainer#1-0-C-1] org.apache.kafka.clients.NetworkClient   : [Consumer clientId=consumer-notification-service-group-2, groupId=notification-service-group] Bootstrap broker localhost:9092 (id: -1 rack: null) disconnected
2026-07-27T00:54:01.837+05:30  INFO 3640 --- [notification-service] [ntainer#0-0-C-1] org.apache.kafka.clients.NetworkClient   : [Consumer clientId=consumer-notification-service-group-1, groupId=notification-service-group] Node -1 disconnected.
2026-07-27T00:54:01.837+05:30  WARN 3640 --- [notification-service] [ntainer#0-0-C-1] org.apache.kafka.clients.NetworkClient   : [Consumer clientId=consumer-notification-service-group-1, groupId=notification-service-group] Connection to node -1 (localhost/127.0.0.1:9092) could not be established. Node may not be available.
2026-07-27T00:54:01.837+05:30  WARN 3640 --- [notification-service] [ntainer#0-0-C-1] org.apache.kafka.clients.NetworkClient   : [Consumer clientId=consumer-notification-service-group-1, groupId=notification-service-group] Bootstrap broker localhost:9092 (id: -1 rack: null) disconnected
2026-07-27T00:54:01.898+05:30  INFO 3640 --- [notification-service] [ntainer#1-0-C-1] org.apache.kafka.clients.NetworkClient   : [Consumer clientId=consumer-notification-service-group-2, groupId=notification-service-group] Node -1 disconnected.
2026-07-27T00:54:01.898+05:30  WARN 3640 --- [notification-service] [ntainer#1-0-C-1] org.apache.kafka.clients.NetworkClient   : [Consumer clientId=consumer-notification-service-group-2, groupId=notification-service-group] Connection to node -1 (localhost/127.0.0.1:9092) could not be established. Node may not be available.
2026-07-27T00:54:01.898+05:30  WARN 3640 --- [notification-service] [ntainer#1-0-C-1] org.apache.kafka.clients.NetworkClient   : [Consumer clientId=consumer-notification-service-group-2, groupId=notification-service-group] Bootstrap broker localhost:9092 (id: -1 rack: null) disconnected
2026-07-27T00:54:02.746+05:30  INFO 3640 --- [notification-service] [ntainer#1-0-C-1] org.apache.kafka.clients.NetworkClient   : [Consumer clientId=consumer-notification-service-group-2, groupId=notification-service-group] Node -1 disconnected.
2026-07-27T00:54:02.746+05:30  WARN 3640 --- [notification-service] [ntainer#1-0-C-1] org.apache.kafka.clients.NetworkClient   : [Consumer clientId=consumer-notification-service-group-2, groupId=notification-service-group] Connection to node -1 (localhost/127.0.0.1:9092) could not be established. Node may not be available.
2026-07-27T00:54:02.746+05:30  WARN 3640 --- [notification-service] [ntainer#1-0-C-1] org.apache.kafka.clients.NetworkClient   : [Consumer clientId=consumer-notification-service-group-2, groupId=notification-service-group] Bootstrap broker localhost:9092 (id: -1 rack: null) disconnected
2026-07-27T00:54:02.836+05:30  INFO 3640 --- [notification-service] [ntainer#0-0-C-1] org.apache.kafka.clients.NetworkClient   : [Consumer clientId=consumer-notification-service-group-1, groupId=notification-service-group] Node -1 disconnected.
2026-07-27T00:54:02.836+05:30  WARN 3640 --- [notification-service] [ntainer#0-0-C-1] org.apache.kafka.clients.NetworkClient   : [Consumer clientId=consumer-notification-service-group-1, groupId=notification-service-group] Connection to node -1 (localhost/127.0.0.1:9092) could not be established. Node may not be available.
2026-07-27T00:54:02.836+05:30  WARN 3640 --- [notification-service] [ntainer#0-0-C-1] org.apache.kafka.clients.NetworkClient   : [Consumer clientId=consumer-notification-service-group-1, groupId=notification-service-group] Bootstrap broker localhost:9092 (id: -1 rack: null) disconnected
2026-07-27T00:54:03.658+05:30  INFO 3640 --- [notification-service] [ntainer#1-0-C-1] org.apache.kafka.clients.NetworkClient   : [Consumer clientId=consumer-notification-service-group-2, groupId=notification-service-group] Node -1 disconnected.
2026-07-27T00:54:03.658+05:30  WARN 3640 --- [notification-service] [ntainer#1-0-C-1] org.apache.kafka.clients.NetworkClient   : [Consumer clientId=consumer-notification-service-group-2, groupId=notification-service-group] Connection to node -1 (localhost/127.0.0.1:9092) could not be established. Node may not be available.
2026-07-27T00:54:03.658+05:30  WARN 3640 --- [notification-service] [ntainer#1-0-C-1] org.apache.kafka.clients.NetworkClient   : [Consumer clientId=consumer-notification-service-group-2, groupId=notification-service-group] Bootstrap broker localhost:9092 (id: -1 rack: null) disconnected
2026-07-27T00:54:03.698+05:30  INFO 3640 --- [notification-service] [ntainer#0-0-C-1] org.apache.kafka.clients.NetworkClient   : [Consumer clientId=consumer-notification-service-group-1, groupId=notification-service-group] Node -1 disconnected.
2026-07-27T00:54:03.698+05:30  WARN 3640 --- [notification-service] [ntainer#0-0-C-1] org.apache.kafka.clients.NetworkClient   : [Consumer clientId=consumer-notification-service-group-1, groupId=notification-service-group] Connection to node -1 (localhost/127.0.0.1:9092) could not be established. Node may not be available.
2026-07-27T00:54:03.698+05:30  WARN 3640 --- [notification-service] [ntainer#0-0-C-1] org.apache.kafka.clients.NetworkClient   : [Consumer clientId=consumer-notification-service-group-1, groupId=notification-service-group] Bootstrap broker localhost:9092 (id: -1 rack: null) disconnected
2026-07-27T00:54:04.559+05:30  INFO 3640 --- [notification-service] [ntainer#0-0-C-1] org.apache.kafka.clients.NetworkClient   : [Consumer clientId=consumer-notification-service-group-1, groupId=notification-service-group] Node -1 disconnected.
2026-07-27T00:54:04.559+05:30  WARN 3640 --- [notification-service] [ntainer#0-0-C-1] org.apache.kafka.clients.NetworkClient   : [Consumer clientId=consumer-notification-service-group-1, groupId=notification-service-group] Connection to node -1 (localhost/127.0.0.1:9092) could not be established. Node may not be available.
2026-07-27T00:54:04.559+05:30  WARN 3640 --- [notification-service] [ntainer#0-0-C-1] org.apache.kafka.clients.NetworkClient   : [Consumer clientId=consumer-notification-service-group-1, groupId=notification-service-group] Bootstrap broker localhost:9092 (id: -1 rack: null) disconnected
2026-07-27T00:54:04.569+05:30  INFO 3640 --- [notification-service] [ntainer#1-0-C-1] org.apache.kafka.clients.NetworkClient   : [Consumer clientId=consumer-notification-service-group-2, groupId=notification-service-group] Node -1 disconnected.
2026-07-27T00:54:04.569+05:30  WARN 3640 --- [notification-service] [ntainer#1-0-C-1] org.apache.kafka.clients.NetworkClient   : [Consumer clientId=consumer-notification-service-group-2, groupId=notification-service-group] Connection to node -1 (localhost/127.0.0.1:9092) could not be established. Node may not be available.
2026-07-27T00:54:04.569+05:30  WARN 3640 --- [notification-service] [ntainer#1-0-C-1] org.apache.kafka.clients.NetworkClient   : [Consumer clientId=consumer-notification-service-group-2, groupId=notification-service-group] Bootstrap broker localhost:9092 (id: -1 rack: null) disconnected
2026-07-27T00:54:05.415+05:30  INFO 3640 --- [notification-service] [ntainer#0-0-C-1] org.apache.kafka.clients.NetworkClient   : [Consumer clientId=consumer-notification-service-group-1, groupId=notification-service-group] Node -1 disconnected.
2026-07-27T00:54:05.415+05:30  WARN 3640 --- [notification-service] [ntainer#0-0-C-1] org.apache.kafka.clients.NetworkClient   : [Consumer clientId=consumer-notification-service-group-1, groupId=notification-service-group] Connection to node -1 (localhost/127.0.0.1:9092) could not be established. Node may not be available.
2026-07-27T00:54:05.415+05:30  WARN 3640 --- [notification-service] [ntainer#0-0-C-1] org.apache.kafka.clients.NetworkClient   : [Consumer clientId=consumer-notification-service-group-1, groupId=notification-service-group] Bootstrap broker localhost:9092 (id: -1 rack: null) disconnected
2026-07-27T00:54:05.560+05:30  INFO 3640 --- [notification-service] [ntainer#1-0-C-1] org.apache.kafka.clients.NetworkClient   : [Consumer clientId=consumer-notification-service-group-2, groupId=notification-service-group] Node -1 disconnected.
2026-07-27T00:54:05.560+05:30  WARN 3640 --- [notification-service] [ntainer#1-0-C-1] org.apache.kafka.clients.NetworkClient   : [Consumer clientId=consumer-notification-service-group-2, groupId=notification-service-group] Connection to node -1 (localhost/127.0.0.1:9092) could not be established. Node may not be available.
2026-07-27T00:54:05.561+05:30  WARN 3640 --- [notification-service] [ntainer#1-0-C-1] org.apache.kafka.clients.NetworkClient   : [Consumer clientId=consumer-notification-service-group-2, groupId=notification-service-group] Bootstrap broker localhost:9092 (id: -1 rack: null) disconnected
2026-07-27T00:54:06.418+05:30  INFO 3640 --- [notification-service] [ntainer#0-0-C-1] org.apache.kafka.clients.NetworkClient   : [Consumer clientId=consumer-notification-service-group-1, groupId=notification-service-group] Node -1 disconnected.
2026-07-27T00:54:06.418+05:30  WARN 3640 --- [notification-service] [ntainer#0-0-C-1] org.apache.kafka.clients.NetworkClient   : [Consumer clientId=consumer-notification-service-group-1, groupId=notification-service-group] Connection to node -1 (localhost/127.0.0.1:9092) could not be established. Node may not be available.
2026-07-27T00:54:06.418+05:30  WARN 3640 --- [notification-service] [ntainer#0-0-C-1] org.apache.kafka.clients.NetworkClient   : [Consumer clientId=consumer-notification-service-group-1, groupId=notification-service-group] Bootstrap broker localhost:9092 (id: -1 rack: null) disconnected
2026-07-27T00:54:06.588+05:30  INFO 3640 --- [notification-service] [ntainer#1-0-C-1] org.apache.kafka.clients.NetworkClient   : [Consumer clientId=consumer-notification-service-group-2, groupId=notification-service-group] Node -1 disconnected.
2026-07-27T00:54:06.588+05:30  WARN 3640 --- [notification-service] [ntainer#1-0-C-1] org.apache.kafka.clients.NetworkClient   : [Consumer clientId=consumer-notification-service-group-2, groupId=notification-service-group] Connection to node -1 (localhost/127.0.0.1:9092) could not be established. Node may not be available.
2026-07-27T00:54:06.589+05:30  WARN 3640 --- [notification-service] [ntainer#1-0-C-1] org.apache.kafka.clients.NetworkClient   : [Consumer clientId=consumer-notification-service-group-2, groupId=notification-service-group] Bootstrap broker localhost:9092 (id: -1 rack: null) disconnected
2026-07-27T00:54:07.420+05:30  INFO 3640 --- [notification-service] [ntainer#0-0-C-1] org.apache.kafka.clients.NetworkClient   : [Consumer clientId=consumer-notification-service-group-1, groupId=notification-service-group] Node -1 disconnected.
2026-07-27T00:54:07.420+05:30  WARN 3640 --- [notification-service] [ntainer#0-0-C-1] org.apache.kafka.clients.NetworkClient   : [Consumer clientId=consumer-notification-service-group-1, groupId=notification-service-group] Connection to node -1 (localhost/127.0.0.1:9092) could not be established. Node may not be available.
2026-07-27T00:54:07.420+05:30  WARN 3640 --- [notification-service] [ntainer#0-0-C-1] org.apache.kafka.clients.NetworkClient   : [Consumer clientId=consumer-notification-service-group-1, groupId=notification-service-group] Bootstrap broker localhost:9092 (id: -1 rack: null) disconnected
2026-07-27T00:54:07.527+05:30  INFO 3640 --- [notification-service] [ntainer#1-0-C-1] org.apache.kafka.clients.NetworkClient   : [Consumer clientId=consumer-notification-service-group-2, groupId=notification-service-group] Node -1 disconnected.
2026-07-27T00:54:07.527+05:30  WARN 3640 --- [notification-service] [ntainer#1-0-C-1] org.apache.kafka.clients.NetworkClient   : [Consumer clientId=consumer-notification-service-group-2, groupId=notification-service-group] Connection to node -1 (localhost/127.0.0.1:9092) could not be established. Node may not be available.
2026-07-27T00:54:07.527+05:30  WARN 3640 --- [notification-service] [ntainer#1-0-C-1] org.apache.kafka.clients.NetworkClient   : [Consumer clientId=consumer-notification-service-group-2, groupId=notification-service-group] Bootstrap broker localhost:9092 (id: -1 rack: null) disconnected
2026-07-27T00:54:08.445+05:30  INFO 3640 --- [notification-service] [ntainer#0-0-C-1] org.apache.kafka.clients.NetworkClient   : [Consumer clientId=consumer-notification-service-group-1, groupId=notification-service-group] Node -1 disconnected.
2026-07-27T00:54:08.445+05:30  WARN 3640 --- [notification-service] [ntainer#0-0-C-1] org.apache.kafka.clients.NetworkClient   : [Consumer clientId=consumer-notification-service-group-1, groupId=notification-service-group] Connection to node -1 (localhost/127.0.0.1:9092) could not be established. Node may not be available.
2026-07-27T00:54:08.445+05:30  WARN 3640 --- [notification-service] [ntainer#0-0-C-1] org.apache.kafka.clients.NetworkClient   : [Consumer clientId=consumer-notification-service-group-1, groupId=notification-service-group] Bootstrap broker localhost:9092 (id: -1 rack: null) disconnected
2026-07-27T00:54:08.448+05:30  INFO 3640 --- [notification-service] [ntainer#1-0-C-1] org.apache.kafka.clients.NetworkClient   : [Consumer clientId=consumer-notification-service-group-2, groupId=notification-service-group] Node -1 disconnected.
2026-07-27T00:54:08.448+05:30  WARN 3640 --- [notification-service] [ntainer#1-0-C-1] org.apache.kafka.clients.NetworkClient   : [Consumer clientId=consumer-notification-service-group-2, groupId=notification-service-group] Connection to node -1 (localhost/127.0.0.1:9092) could not be established. Node may not be available.
2026-07-27T00:54:08.448+05:30  WARN 3640 --- [notification-service] [ntainer#1-0-C-1] org.apache.kafka.clients.NetworkClient   : [Consumer clientId=consumer-notification-service-group-2, groupId=notification-service-group] Bootstrap broker localhost:9092 (id: -1 rack: null) disconnected
2026-07-27T00:54:09.446+05:30  INFO 3640 --- [notification-service] [ntainer#0-0-C-1] org.apache.kafka.clients.NetworkClient   : [Consumer clientId=consumer-notification-service-group-1, groupId=notification-service-group] Node -1 disconnected.
2026-07-27T00:54:09.446+05:30  WARN 3640 --- [notification-service] [ntainer#0-0-C-1] org.apache.kafka.clients.NetworkClient   : [Consumer clientId=consumer-notification-service-group-1, groupId=notification-service-group] Connection to node -1 (localhost/127.0.0.1:9092) could not be established. Node may not be available.
2026-07-27T00:54:09.446+05:30  WARN 3640 --- [notification-service] [ntainer#0-0-C-1] org.apache.kafka.clients.NetworkClient   : [Consumer clientId=consumer-notification-service-group-1, groupId=notification-service-group] Bootstrap broker localhost:9092 (id: -1 rack: null) disconnected
2026-07-27T00:54:09.468+05:30  INFO 3640 --- [notification-service] [ntainer#1-0-C-1] org.apache.kafka.clients.NetworkClient   : [Consumer clientId=consumer-notification-service-group-2, groupId=notification-service-group] Node -1 disconnected.
2026-07-27T00:54:09.468+05:30  WARN 3640 --- [notification-service] [ntainer#1-0-C-1] org.apache.kafka.clients.NetworkClient   : [Consumer clientId=consumer-notification-service-group-2, groupId=notification-service-group] Connection to node -1 (localhost/127.0.0.1:9092) could not be established. Node may not be available.
2026-07-27T00:54:09.468+05:30  WARN 3640 --- [notification-service] [ntainer#1-0-C-1] org.apache.kafka.clients.NetworkClient   : [Consumer clientId=consumer-notification-service-group-2, groupId=notification-service-group] Bootstrap broker localhost:9092 (id: -1 rack: null) disconnected
2026-07-27T00:54:10.330+05:30  INFO 3640 --- [notification-service] [ntainer#1-0-C-1] org.apache.kafka.clients.NetworkClient   : [Consumer clientId=consumer-notification-service-group-2, groupId=notification-service-group] Node -1 disconnected.
2026-07-27T00:54:10.331+05:30  WARN 3640 --- [notification-service] [ntainer#1-0-C-1] org.apache.kafka.clients.NetworkClient   : [Consumer clientId=consumer-notification-service-group-2, groupId=notification-service-group] Connection to node -1 (localhost/127.0.0.1:9092) could not be established. Node may not be available.
2026-07-27T00:54:10.331+05:30  WARN 3640 --- [notification-service] [ntainer#1-0-C-1] org.apache.kafka.clients.NetworkClient   : [Consumer clientId=consumer-notification-service-group-2, groupId=notification-service-group] Bootstrap broker localhost:9092 (id: -1 rack: null) disconnected
2026-07-27T00:54:10.408+05:30  INFO 3640 --- [notification-service] [ntainer#0-0-C-1] org.apache.kafka.clients.NetworkClient   : [Consumer clientId=consumer-notification-service-group-1, groupId=notification-service-group] Node -1 disconnected.
2026-07-27T00:54:10.408+05:30  WARN 3640 --- [notification-service] [ntainer#0-0-C-1] org.apache.kafka.clients.NetworkClient   : [Consumer clientId=consumer-notification-service-group-1, groupId=notification-service-group] Connection to node -1 (localhost/127.0.0.1:9092) could not be established. Node may not be available.
2026-07-27T00:54:10.408+05:30  WARN 3640 --- [notification-service] [ntainer#0-0-C-1] org.apache.kafka.clients.NetworkClient   : [Consumer clientId=consumer-notification-service-group-1, groupId=notification-service-group] Bootstrap broker localhost:9092 (id: -1 rack: null) disconnected
2026-07-27T00:54:11.340+05:30  INFO 3640 --- [notification-service] [ntainer#1-0-C-1] org.apache.kafka.clients.NetworkClient   : [Consumer clientId=consumer-notification-service-group-2, groupId=notification-service-group] Node -1 disconnected.
2026-07-27T00:54:11.340+05:30  WARN 3640 --- [notification-service] [ntainer#1-0-C-1] org.apache.kafka.clients.NetworkClient   : [Consumer clientId=consumer-notification-service-group-2, groupId=notification-service-group] Connection to node -1 (localhost/127.0.0.1:9092) could not be established. Node may not be available.
2026-07-27T00:54:11.340+05:30  WARN 3640 --- [notification-service] [ntainer#1-0-C-1] org.apache.kafka.clients.NetworkClient   : [Consumer clientId=consumer-notification-service-group-2, groupId=notification-service-group] Bootstrap broker localhost:9092 (id: -1 rack: null) disconnected
2026-07-27T00:54:11.345+05:30  INFO 3640 --- [notification-service] [ntainer#0-0-C-1] org.apache.kafka.clients.NetworkClient   : [Consumer clientId=consumer-notification-service-group-1, groupId=notification-service-group] Node -1 disconnected.
2026-07-27T00:54:11.345+05:30  WARN 3640 --- [notification-service] [ntainer#0-0-C-1] org.apache.kafka.clients.NetworkClient   : [Consumer clientId=consumer-notification-service-group-1, groupId=notification-service-group] Connection to node -1 (localhost/127.0.0.1:9092) could not be established. Node may not be available.
2026-07-27T00:54:11.345+05:30  WARN 3640 --- [notification-service] [ntainer#0-0-C-1] org.apache.kafka.clients.NetworkClient   : [Consumer clientId=consumer-notification-service-group-1, groupId=notification-service-group] Bootstrap broker localhost:9092 (id: -1 rack: null) disconnected
2026-07-27T00:54:12.257+05:30  INFO 3640 --- [notification-service] [ntainer#0-0-C-1] org.apache.kafka.clients.NetworkClient   : [Consumer clientId=consumer-notification-service-group-1, groupId=notification-service-group] Node -1 disconnected.
2026-07-27T00:54:12.257+05:30  WARN 3640 --- [notification-service] [ntainer#0-0-C-1] org.apache.kafka.clients.NetworkClient   : [Consumer clientId=consumer-notification-service-group-1, groupId=notification-service-group] Connection to node -1 (localhost/127.0.0.1:9092) could not be established. Node may not be available.
2026-07-27T00:54:12.257+05:30  WARN 3640 --- [notification-service] [ntainer#0-0-C-1] org.apache.kafka.clients.NetworkClient   : [Consumer clientId=consumer-notification-service-group-1, groupId=notification-service-group] Bootstrap broker localhost:9092 (id: -1 rack: null) disconnected
2026-07-27T00:54:12.341+05:30  INFO 3640 --- [notification-service] [ntainer#1-0-C-1] org.apache.kafka.clients.NetworkClient   : [Consumer clientId=consumer-notification-service-group-2, groupId=notification-service-group] Node -1 disconnected.
2026-07-27T00:54:12.341+05:30  WARN 3640 --- [notification-service] [ntainer#1-0-C-1] org.apache.kafka.clients.NetworkClient   : [Consumer clientId=consumer-notification-service-group-2, groupId=notification-service-group] Connection to node -1 (localhost/127.0.0.1:9092) could not be established. Node may not be available.
2026-07-27T00:54:12.341+05:30  WARN 3640 --- [notification-service] [ntainer#1-0-C-1] org.apache.kafka.clients.NetworkClient   : [Consumer clientId=consumer-notification-service-group-2, groupId=notification-service-group] Bootstrap broker localhost:9092 (id: -1 rack: null) disconnected
2026-07-27T00:54:13.202+05:30  INFO 3640 --- [notification-service] [ntainer#1-0-C-1] org.apache.kafka.clients.NetworkClient   : [Consumer clientId=consumer-notification-service-group-2, groupId=notification-service-group] Node -1 disconnected.
2026-07-27T00:54:13.202+05:30  WARN 3640 --- [notification-service] [ntainer#1-0-C-1] org.apache.kafka.clients.NetworkClient   : [Consumer clientId=consumer-notification-service-group-2, groupId=notification-service-group] Connection to node -1 (localhost/127.0.0.1:9092) could not be established. Node may not be available.
2026-07-27T00:54:13.202+05:30  WARN 3640 --- [notification-service] [ntainer#1-0-C-1] org.apache.kafka.clients.NetworkClient   : [Consumer clientId=consumer-notification-service-group-2, groupId=notification-service-group] Bootstrap broker localhost:9092 (id: -1 rack: null) disconnected
2026-07-27T00:54:13.258+05:30  INFO 3640 --- [notification-service] [ntainer#0-0-C-1] org.apache.kafka.clients.NetworkClient   : [Consumer clientId=consumer-notification-service-group-1, groupId=notification-service-group] Node -1 disconnected.
2026-07-27T00:54:13.258+05:30  WARN 3640 --- [notification-service] [ntainer#0-0-C-1] org.apache.kafka.clients.NetworkClient   : [Consumer clientId=consumer-notification-service-group-1, groupId=notification-service-group] Connection to node -1 (localhost/127.0.0.1:9092) could not be established. Node may not be available.
2026-07-27T00:54:13.258+05:30  WARN 3640 --- [notification-service] [ntainer#0-0-C-1] org.apache.kafka.clients.NetworkClient   : [Consumer clientId=consumer-notification-service-group-1, groupId=notification-service-group] Bootstrap broker localhost:9092 (id: -1 rack: null) disconnected
2026-07-27T00:54:14.213+05:30  INFO 3640 --- [notification-service] [ntainer#1-0-C-1] org.apache.kafka.clients.NetworkClient   : [Consumer clientId=consumer-notification-service-group-2, groupId=notification-service-group] Node -1 disconnected.
2026-07-27T00:54:14.213+05:30  WARN 3640 --- [notification-service] [ntainer#1-0-C-1] org.apache.kafka.clients.NetworkClient   : [Consumer clientId=consumer-notification-service-group-2, groupId=notification-service-group] Connection to node -1 (localhost/127.0.0.1:9092) could not be established. Node may not be available.
2026-07-27T00:54:14.213+05:30  WARN 3640 --- [notification-service] [ntainer#1-0-C-1] org.apache.kafka.clients.NetworkClient   : [Consumer clientId=consumer-notification-service-group-2, groupId=notification-service-group] Bootstrap broker localhost:9092 (id: -1 rack: null) disconnected
2026-07-27T00:54:14.259+05:30  INFO 3640 --- [notification-service] [ntainer#0-0-C-1] org.apache.kafka.clients.NetworkClient   : [Consumer clientId=consumer-notification-service-group-1, groupId=notification-service-group] Node -1 disconnected.
2026-07-27T00:54:14.259+05:30  WARN 3640 --- [notification-service] [ntainer#0-0-C-1] org.apache.kafka.clients.NetworkClient   : [Consumer clientId=consumer-notification-service-group-1, groupId=notification-service-group] Connection to node -1 (localhost/127.0.0.1:9092) could not be established. Node may not be available.
2026-07-27T00:54:14.259+05:30  WARN 3640 --- [notification-service] [ntainer#0-0-C-1] org.apache.kafka.clients.NetworkClient   : [Consumer clientId=consumer-notification-service-group-1, groupId=notification-service-group] Bootstrap broker localhost:9092 (id: -1 rack: null) disconnected
2026-07-27T00:54:15.072+05:30  INFO 3640 --- [notification-service] [ntainer#1-0-C-1] org.apache.kafka.clients.NetworkClient   : [Consumer clientId=consumer-notification-service-group-2, groupId=notification-service-group] Node -1 disconnected.
2026-07-27T00:54:15.072+05:30  WARN 3640 --- [notification-service] [ntainer#1-0-C-1] org.apache.kafka.clients.NetworkClient   : [Consumer clientId=consumer-notification-service-group-2, groupId=notification-service-group] Connection to node -1 (localhost/127.0.0.1:9092) could not be established. Node may not be available.
2026-07-27T00:54:15.072+05:30  WARN 3640 --- [notification-service] [ntainer#1-0-C-1] org.apache.kafka.clients.NetworkClient   : [Consumer clientId=consumer-notification-service-group-2, groupId=notification-service-group] Bootstrap broker localhost:9092 (id: -1 rack: null) disconnected
2026-07-27T00:54:15.261+05:30  INFO 3640 --- [notification-service] [ntainer#0-0-C-1] org.apache.kafka.clients.NetworkClient   : [Consumer clientId=consumer-notification-service-group-1, groupId=notification-service-group] Node -1 disconnected.
2026-07-27T00:54:15.261+05:30  WARN 3640 --- [notification-service] [ntainer#0-0-C-1] org.apache.kafka.clients.NetworkClient   : [Consumer clientId=consumer-notification-service-group-1, groupId=notification-service-group] Connection to node -1 (localhost/127.0.0.1:9092) could not be established. Node may not be available.
2026-07-27T00:54:15.261+05:30  WARN 3640 --- [notification-service] [ntainer#0-0-C-1] org.apache.kafka.clients.NetworkClient   : [Consumer clientId=consumer-notification-service-group-1, groupId=notification-service-group] Bootstrap broker localhost:9092 (id: -1 rack: null) disconnected
2026-07-27T00:54:16.065+05:30  INFO 3640 --- [notification-service] [ntainer#1-0-C-1] org.apache.kafka.clients.NetworkClient   : [Consumer clientId=consumer-notification-service-group-2, groupId=notification-service-group] Node -1 disconnected.
2026-07-27T00:54:16.065+05:30  WARN 3640 --- [notification-service] [ntainer#1-0-C-1] org.apache.kafka.clients.NetworkClient   : [Consumer clientId=consumer-notification-service-group-2, groupId=notification-service-group] Connection to node -1 (localhost/127.0.0.1:9092) could not be established. Node may not be available.
2026-07-27T00:54:16.066+05:30  WARN 3640 --- [notification-service] [ntainer#1-0-C-1] org.apache.kafka.clients.NetworkClient   : [Consumer clientId=consumer-notification-service-group-2, groupId=notification-service-group] Bootstrap broker localhost:9092 (id: -1 rack: null) disconnected
2026-07-27T00:54:16.204+05:30  INFO 3640 --- [notification-service] [ntainer#0-0-C-1] org.apache.kafka.clients.NetworkClient   : [Consumer clientId=consumer-notification-service-group-1, groupId=notification-service-group] Node -1 disconnected.
2026-07-27T00:54:16.204+05:30  WARN 3640 --- [notification-service] [ntainer#0-0-C-1] org.apache.kafka.clients.NetworkClient   : [Consumer clientId=consumer-notification-service-group-1, groupId=notification-service-group] Connection to node -1 (localhost/127.0.0.1:9092) could not be established. Node may not be available.
2026-07-27T00:54:16.204+05:30  WARN 3640 --- [notification-service] [ntainer#0-0-C-1] org.apache.kafka.clients.NetworkClient   : [Consumer clientId=consumer-notification-service-group-1, groupId=notification-service-group] Bootstrap broker localhost:9092 (id: -1 rack: null) disconnected
2026-07-27T00:54:17.066+05:30  INFO 3640 --- [notification-service] [ntainer#1-0-C-1] org.apache.kafka.clients.NetworkClient   : [Consumer clientId=consumer-notification-service-group-2, groupId=notification-service-group] Node -1 disconnected.
2026-07-27T00:54:17.066+05:30  WARN 3640 --- [notification-service] [ntainer#1-0-C-1] org.apache.kafka.clients.NetworkClient   : [Consumer clientId=consumer-notification-service-group-2, groupId=notification-service-group] Connection to node -1 (localhost/127.0.0.1:9092) could not be established. Node may not be available.
2026-07-27T00:54:17.066+05:30  WARN 3640 --- [notification-service] [ntainer#1-0-C-1] org.apache.kafka.clients.NetworkClient   : [Consumer clientId=consumer-notification-service-group-2, groupId=notification-service-group] Bootstrap broker localhost:9092 (id: -1 rack: null) disconnected
2026-07-27T00:54:17.221+05:30  INFO 3640 --- [notification-service] [ntainer#0-0-C-1] org.apache.kafka.clients.NetworkClient   : [Consumer clientId=consumer-notification-service-group-1, groupId=notification-service-group] Node -1 disconnected.
2026-07-27T00:54:17.222+05:30  WARN 3640 --- [notification-service] [ntainer#0-0-C-1] org.apache.kafka.clients.NetworkClient   : [Consumer clientId=consumer-notification-service-group-1, groupId=notification-service-group] Connection to node -1 (localhost/127.0.0.1:9092) could not be established. Node may not be available.
2026-07-27T00:54:17.222+05:30  WARN 3640 --- [notification-service] [ntainer#0-0-C-1] org.apache.kafka.clients.NetworkClient   : [Consumer clientId=consumer-notification-service-group-1, groupId=notification-service-group] Bootstrap broker localhost:9092 (id: -1 rack: null) disconnected
2026-07-27T00:54:18.115+05:30  INFO 3640 --- [notification-service] [ntainer#1-0-C-1] org.apache.kafka.clients.NetworkClient   : [Consumer clientId=consumer-notification-service-group-2, groupId=notification-service-group] Node -1 disconnected.
2026-07-27T00:54:18.115+05:30  WARN 3640 --- [notification-service] [ntainer#1-0-C-1] org.apache.kafka.clients.NetworkClient   : [Consumer clientId=consumer-notification-service-group-2, groupId=notification-service-group] Connection to node -1 (localhost/127.0.0.1:9092) could not be established. Node may not be available.
2026-07-27T00:54:18.115+05:30  WARN 3640 --- [notification-service] [ntainer#1-0-C-1] org.apache.kafka.clients.NetworkClient   : [Consumer clientId=consumer-notification-service-group-2, groupId=notification-service-group] Bootstrap broker localhost:9092 (id: -1 rack: null) disconnected
2026-07-27T00:54:18.183+05:30  INFO 3640 --- [notification-service] [ntainer#0-0-C-1] org.apache.kafka.clients.NetworkClient   : [Consumer clientId=consumer-notification-service-group-1, groupId=notification-service-group] Node -1 disconnected.
2026-07-27T00:54:18.183+05:30  WARN 3640 --- [notification-service] [ntainer#0-0-C-1] org.apache.kafka.clients.NetworkClient   : [Consumer clientId=consumer-notification-service-group-1, groupId=notification-service-group] Connection to node -1 (localhost/127.0.0.1:9092) could not be established. Node may not be available.
2026-07-27T00:54:18.183+05:30  WARN 3640 --- [notification-service] [ntainer#0-0-C-1] org.apache.kafka.clients.NetworkClient   : [Consumer clientId=consumer-notification-service-group-1, groupId=notification-service-group] Bootstrap broker localhost:9092 (id: -1 rack: null) disconnected
2026-07-27T00:54:19.091+05:30  INFO 3640 --- [notification-service] [ntainer#0-0-C-1] org.apache.kafka.clients.NetworkClient   : [Consumer clientId=consumer-notification-service-group-1, groupId=notification-service-group] Node -1 disconnected.
2026-07-27T00:54:19.092+05:30  WARN 3640 --- [notification-service] [ntainer#0-0-C-1] org.apache.kafka.clients.NetworkClient   : [Consumer clientId=consumer-notification-service-group-1, groupId=notification-service-group] Connection to node -1 (localhost/127.0.0.1:9092) could not be established. Node may not be available.
2026-07-27T00:54:19.092+05:30  WARN 3640 --- [notification-service] [ntainer#0-0-C-1] org.apache.kafka.clients.NetworkClient   : [Consumer clientId=consumer-notification-service-group-1, groupId=notification-service-group] Bootstrap broker localhost:9092 (id: -1 rack: null) disconnected
2026-07-27T00:54:19.125+05:30  INFO 3640 --- [notification-service] [ntainer#1-0-C-1] org.apache.kafka.clients.NetworkClient   : [Consumer clientId=consumer-notification-service-group-2, groupId=notification-service-group] Node -1 disconnected.
2026-07-27T00:54:19.126+05:30  WARN 3640 --- [notification-service] [ntainer#1-0-C-1] org.apache.kafka.clients.NetworkClient   : [Consumer clientId=consumer-notification-service-group-2, groupId=notification-service-group] Connection to node -1 (localhost/127.0.0.1:9092) could not be established. Node may not be available.
2026-07-27T00:54:19.126+05:30  WARN 3640 --- [notification-service] [ntainer#1-0-C-1] org.apache.kafka.clients.NetworkClient   : [Consumer clientId=consumer-notification-service-group-2, groupId=notification-service-group] Bootstrap broker localhost:9092 (id: -1 rack: null) disconnected
2026-07-27T00:54:20.060+05:30  INFO 3640 --- [notification-service] [ntainer#0-0-C-1] org.apache.kafka.clients.NetworkClient   : [Consumer clientId=consumer-notification-service-group-1, groupId=notification-service-group] Node -1 disconnected.
2026-07-27T00:54:20.060+05:30  WARN 3640 --- [notification-service] [ntainer#0-0-C-1] org.apache.kafka.clients.NetworkClient   : [Consumer clientId=consumer-notification-service-group-1, groupId=notification-service-group] Connection to node -1 (localhost/127.0.0.1:9092) could not be established. Node may not be available.
2026-07-27T00:54:20.060+05:30  WARN 3640 --- [notification-service] [ntainer#0-0-C-1] org.apache.kafka.clients.NetworkClient   : [Consumer clientId=consumer-notification-service-group-1, groupId=notification-service-group] Bootstrap broker localhost:9092 (id: -1 rack: null) disconnected
2026-07-27T00:54:20.158+05:30  INFO 3640 --- [notification-service] [ntainer#1-0-C-1] org.apache.kafka.clients.NetworkClient   : [Consumer clientId=consumer-notification-service-group-2, groupId=notification-service-group] Node -1 disconnected.
2026-07-27T00:54:20.158+05:30  WARN 3640 --- [notification-service] [ntainer#1-0-C-1] org.apache.kafka.clients.NetworkClient   : [Consumer clientId=consumer-notification-service-group-2, groupId=notification-service-group] Connection to node -1 (localhost/127.0.0.1:9092) could not be established. Node may not be available.
2026-07-27T00:54:20.158+05:30  WARN 3640 --- [notification-service] [ntainer#1-0-C-1] org.apache.kafka.clients.NetworkClient   : [Consumer clientId=consumer-notification-service-group-2, groupId=notification-service-group] Bootstrap broker localhost:9092 (id: -1 rack: null) disconnected
2026-07-27T00:54:21.031+05:30  INFO 3640 --- [notification-service] [ntainer#0-0-C-1] org.apache.kafka.clients.NetworkClient   : [Consumer clientId=consumer-notification-service-group-1, groupId=notification-service-group] Node -1 disconnected.
2026-07-27T00:54:21.032+05:30  WARN 3640 --- [notification-service] [ntainer#0-0-C-1] org.apache.kafka.clients.NetworkClient   : [Consumer clientId=consumer-notification-service-group-1, groupId=notification-service-group] Connection to node -1 (localhost/127.0.0.1:9092) could not be established. Node may not be available.
2026-07-27T00:54:21.032+05:30  WARN 3640 --- [notification-service] [ntainer#0-0-C-1] org.apache.kafka.clients.NetworkClient   : [Consumer clientId=consumer-notification-service-group-1, groupId=notification-service-group] Bootstrap broker localhost:9092 (id: -1 rack: null) disconnected
2026-07-27T00:54:21.130+05:30  INFO 3640 --- [notification-service] [ntainer#1-0-C-1] org.apache.kafka.clients.NetworkClient   : [Consumer clientId=consumer-notification-service-group-2, groupId=notification-service-group] Node -1 disconnected.
2026-07-27T00:54:21.130+05:30  WARN 3640 --- [notification-service] [ntainer#1-0-C-1] org.apache.kafka.clients.NetworkClient   : [Consumer clientId=consumer-notification-service-group-2, groupId=notification-service-group] Connection to node -1 (localhost/127.0.0.1:9092) could not be established. Node may not be available.
2026-07-27T00:54:21.130+05:30  WARN 3640 --- [notification-service] [ntainer#1-0-C-1] org.apache.kafka.clients.NetworkClient   : [Consumer clientId=consumer-notification-service-group-2, groupId=notification-service-group] Bootstrap broker localhost:9092 (id: -1 rack: null) disconnected
2026-07-27T00:54:22.032+05:30  INFO 3640 --- [notification-service] [ntainer#0-0-C-1] org.apache.kafka.clients.NetworkClient   : [Consumer clientId=consumer-notification-service-group-1, groupId=notification-service-group] Node -1 disconnected.
2026-07-27T00:54:22.032+05:30  WARN 3640 --- [notification-service] [ntainer#0-0-C-1] org.apache.kafka.clients.NetworkClient   : [Consumer clientId=consumer-notification-service-group-1, groupId=notification-service-group] Connection to node -1 (localhost/127.0.0.1:9092) could not be established. Node may not be available.
2026-07-27T00:54:22.032+05:30  WARN 3640 --- [notification-service] [ntainer#0-0-C-1] org.apache.kafka.clients.NetworkClient   : [Consumer clientId=consumer-notification-service-group-1, groupId=notification-service-group] Bootstrap broker localhost:9092 (id: -1 rack: null) disconnected
2026-07-27T00:54:22.119+05:30  INFO 3640 --- [notification-service] [ntainer#1-0-C-1] org.apache.kafka.clients.NetworkClient   : [Consumer clientId=consumer-notification-service-group-2, groupId=notification-service-group] Node -1 disconnected.
2026-07-27T00:54:22.119+05:30  WARN 3640 --- [notification-service] [ntainer#1-0-C-1] org.apache.kafka.clients.NetworkClient   : [Consumer clientId=consumer-notification-service-group-2, groupId=notification-service-group] Connection to node -1 (localhost/127.0.0.1:9092) could not be established. Node may not be available.
2026-07-27T00:54:22.119+05:30  WARN 3640 --- [notification-service] [ntainer#1-0-C-1] org.apache.kafka.clients.NetworkClient   : [Consumer clientId=consumer-notification-service-group-2, groupId=notification-service-group] Bootstrap broker localhost:9092 (id: -1 rack: null) disconnected
2026-07-27T00:54:22.992+05:30  INFO 3640 --- [notification-service] [ntainer#0-0-C-1] org.apache.kafka.clients.NetworkClient   : [Consumer clientId=consumer-notification-service-group-1, groupId=notification-service-group] Node -1 disconnected.
2026-07-27T00:54:22.992+05:30  WARN 3640 --- [notification-service] [ntainer#0-0-C-1] org.apache.kafka.clients.NetworkClient   : [Consumer clientId=consumer-notification-service-group-1, groupId=notification-service-group] Connection to node -1 (localhost/127.0.0.1:9092) could not be established. Node may not be available.
2026-07-27T00:54:22.992+05:30  WARN 3640 --- [notification-service] [ntainer#0-0-C-1] org.apache.kafka.clients.NetworkClient   : [Consumer clientId=consumer-notification-service-group-1, groupId=notification-service-group] Bootstrap broker localhost:9092 (id: -1 rack: null) disconnected
2026-07-27T00:54:23.141+05:30  INFO 3640 --- [notification-service] [ntainer#1-0-C-1] org.apache.kafka.clients.NetworkClient   : [Consumer clientId=consumer-notification-service-group-2, groupId=notification-service-group] Node -1 disconnected.
2026-07-27T00:54:23.142+05:30  WARN 3640 --- [notification-service] [ntainer#1-0-C-1] org.apache.kafka.clients.NetworkClient   : [Consumer clientId=consumer-notification-service-group-2, groupId=notification-service-group] Connection to node -1 (localhost/127.0.0.1:9092) could not be established. Node may not be available.
2026-07-27T00:54:23.142+05:30  WARN 3640 --- [notification-service] [ntainer#1-0-C-1] org.apache.kafka.clients.NetworkClient   : [Consumer clientId=consumer-notification-service-group-2, groupId=notification-service-group] Bootstrap broker localhost:9092 (id: -1 rack: null) disconnected
2026-07-27T00:54:23.844+05:30  INFO 3640 --- [notification-service] [ntainer#0-0-C-1] org.apache.kafka.clients.NetworkClient   : [Consumer clientId=consumer-notification-service-group-1, groupId=notification-service-group] Node -1 disconnected.
2026-07-27T00:54:23.844+05:30  WARN 3640 --- [notification-service] [ntainer#0-0-C-1] org.apache.kafka.clients.NetworkClient   : [Consumer clientId=consumer-notification-service-group-1, groupId=notification-service-group] Connection to node -1 (localhost/127.0.0.1:9092) could not be established. Node may not be available.
2026-07-27T00:54:23.844+05:30  WARN 3640 --- [notification-service] [ntainer#0-0-C-1] org.apache.kafka.clients.NetworkClient   : [Consumer clientId=consumer-notification-service-group-1, groupId=notification-service-group] Bootstrap broker localhost:9092 (id: -1 rack: null) disconnected
2026-07-27T00:54:24.152+05:30  INFO 3640 --- [notification-service] [ntainer#1-0-C-1] org.apache.kafka.clients.NetworkClient   : [Consumer clientId=consumer-notification-service-group-2, groupId=notification-service-group] Node -1 disconnected.
2026-07-27T00:54:24.152+05:30  WARN 3640 --- [notification-service] [ntainer#1-0-C-1] org.apache.kafka.clients.NetworkClient   : [Consumer clientId=consumer-notification-service-group-2, groupId=notification-service-group] Connection to node -1 (localhost/127.0.0.1:9092) could not be established. Node may not be available.
2026-07-27T00:54:24.152+05:30  WARN 3640 --- [notification-service] [ntainer#1-0-C-1] org.apache.kafka.clients.NetworkClient   : [Consumer clientId=consumer-notification-service-group-2, groupId=notification-service-group] Bootstrap broker localhost:9092 (id: -1 rack: null) disconnected
2026-07-27T00:54:24.653+05:30  INFO 3640 --- [notification-service] [ntainer#0-0-C-1] org.apache.kafka.clients.NetworkClient   : [Consumer clientId=consumer-notification-service-group-1, groupId=notification-service-group] Node -1 disconnected.
2026-07-27T00:54:24.654+05:30  WARN 3640 --- [notification-service] [ntainer#0-0-C-1] org.apache.kafka.clients.NetworkClient   : [Consumer clientId=consumer-notification-service-group-1, groupId=notification-service-group] Connection to node -1 (localhost/127.0.0.1:9092) could not be established. Node may not be available.
2026-07-27T00:54:24.654+05:30  WARN 3640 --- [notification-service] [ntainer#0-0-C-1] org.apache.kafka.clients.NetworkClient   : [Consumer clientId=consumer-notification-service-group-1, groupId=notification-service-group] Bootstrap broker localhost:9092 (id: -1 rack: null) disconnected
2026-07-27T00:54:25.153+05:30  INFO 3640 --- [notification-service] [ntainer#1-0-C-1] org.apache.kafka.clients.NetworkClient   : [Consumer clientId=consumer-notification-service-group-2, groupId=notification-service-group] Node -1 disconnected.
2026-07-27T00:54:25.153+05:30  WARN 3640 --- [notification-service] [ntainer#1-0-C-1] org.apache.kafka.clients.NetworkClient   : [Consumer clientId=consumer-notification-service-group-2, groupId=notification-service-group] Connection to node -1 (localhost/127.0.0.1:9092) could not be established. Node may not be available.
2026-07-27T00:54:25.153+05:30  WARN 3640 --- [notification-service] [ntainer#1-0-C-1] org.apache.kafka.clients.NetworkClient   : [Consumer clientId=consumer-notification-service-group-2, groupId=notification-service-group] Bootstrap broker localhost:9092 (id: -1 rack: null) disconnected
2026-07-27T00:54:25.627+05:30  INFO 3640 --- [notification-service] [ntainer#0-0-C-1] org.apache.kafka.clients.NetworkClient   : [Consumer clientId=consumer-notification-service-group-1, groupId=notification-service-group] Node -1 disconnected.
2026-07-27T00:54:25.627+05:30  WARN 3640 --- [notification-service] [ntainer#0-0-C-1] org.apache.kafka.clients.NetworkClient   : [Consumer clientId=consumer-notification-service-group-1, groupId=notification-service-group] Connection to node -1 (localhost/127.0.0.1:9092) could not be established. Node may not be available.
2026-07-27T00:54:25.627+05:30  WARN 3640 --- [notification-service] [ntainer#0-0-C-1] org.apache.kafka.clients.NetworkClient   : [Consumer clientId=consumer-notification-service-group-1, groupId=notification-service-group] Bootstrap broker localhost:9092 (id: -1 rack: null) disconnected
2026-07-27T00:54:26.088+05:30  INFO 3640 --- [notification-service] [ntainer#1-0-C-1] org.apache.kafka.clients.NetworkClient   : [Consumer clientId=consumer-notification-service-group-2, groupId=notification-service-group] Node -1 disconnected.
2026-07-27T00:54:26.088+05:30  WARN 3640 --- [notification-service] [ntainer#1-0-C-1] org.apache.kafka.clients.NetworkClient   : [Consumer clientId=consumer-notification-service-group-2, groupId=notification-service-group] Connection to node -1 (localhost/127.0.0.1:9092) could not be established. Node may not be available.
2026-07-27T00:54:26.088+05:30  WARN 3640 --- [notification-service] [ntainer#1-0-C-1] org.apache.kafka.clients.NetworkClient   : [Consumer clientId=consumer-notification-service-group-2, groupId=notification-service-group] Bootstrap broker localhost:9092 (id: -1 rack: null) disconnected
2026-07-27T00:54:26.636+05:30  INFO 3640 --- [notification-service] [ntainer#0-0-C-1] org.apache.kafka.clients.NetworkClient   : [Consumer clientId=consumer-notification-service-group-1, groupId=notification-service-group] Node -1 disconnected.
2026-07-27T00:54:26.636+05:30  WARN 3640 --- [notification-service] [ntainer#0-0-C-1] org.apache.kafka.clients.NetworkClient   : [Consumer clientId=consumer-notification-service-group-1, groupId=notification-service-group] Connection to node -1 (localhost/127.0.0.1:9092) could not be established. Node may not be available.
2026-07-27T00:54:26.637+05:30  WARN 3640 --- [notification-service] [ntainer#0-0-C-1] org.apache.kafka.clients.NetworkClient   : [Consumer clientId=consumer-notification-service-group-1, groupId=notification-service-group] Bootstrap broker localhost:9092 (id: -1 rack: null) disconnected
2026-07-27T00:54:27.114+05:30  INFO 3640 --- [notification-service] [ntainer#1-0-C-1] org.apache.kafka.clients.NetworkClient   : [Consumer clientId=consumer-notification-service-group-2, groupId=notification-service-group] Node -1 disconnected.
2026-07-27T00:54:27.114+05:30  WARN 3640 --- [notification-service] [ntainer#1-0-C-1] org.apache.kafka.clients.NetworkClient   : [Consumer clientId=consumer-notification-service-group-2, groupId=notification-service-group] Connection to node -1 (localhost/127.0.0.1:9092) could not be established. Node may not be available.
2026-07-27T00:54:27.114+05:30  WARN 3640 --- [notification-service] [ntainer#1-0-C-1] org.apache.kafka.clients.NetworkClient   : [Consumer clientId=consumer-notification-service-group-2, groupId=notification-service-group] Bootstrap broker localhost:9092 (id: -1 rack: null) disconnected
2026-07-27T00:54:27.650+05:30  INFO 3640 --- [notification-service] [ntainer#0-0-C-1] org.apache.kafka.clients.NetworkClient   : [Consumer clientId=consumer-notification-service-group-1, groupId=notification-service-group] Node -1 disconnected.
2026-07-27T00:54:27.650+05:30  WARN 3640 --- [notification-service] [ntainer#0-0-C-1] org.apache.kafka.clients.NetworkClient   : [Consumer clientId=consumer-notification-service-group-1, groupId=notification-service-group] Connection to node -1 (localhost/127.0.0.1:9092) could not be established. Node may not be available.
2026-07-27T00:54:27.650+05:30  WARN 3640 --- [notification-service] [ntainer#0-0-C-1] org.apache.kafka.clients.NetworkClient   : [Consumer clientId=consumer-notification-service-group-1, groupId=notification-service-group] Bootstrap broker localhost:9092 (id: -1 rack: null) disconnected
2026-07-27T00:54:28.070+05:30  INFO 3640 --- [notification-service] [ntainer#1-0-C-1] org.apache.kafka.clients.NetworkClient   : [Consumer clientId=consumer-notification-service-group-2, groupId=notification-service-group] Node -1 disconnected.
2026-07-27T00:54:28.070+05:30  WARN 3640 --- [notification-service] [ntainer#1-0-C-1] org.apache.kafka.clients.NetworkClient   : [Consumer clientId=consumer-notification-service-group-2, groupId=notification-service-group] Connection to node -1 (localhost/127.0.0.1:9092) could not be established. Node may not be available.
2026-07-27T00:54:28.070+05:30  WARN 3640 --- [notification-service] [ntainer#1-0-C-1] org.apache.kafka.clients.NetworkClient   : [Consumer clientId=consumer-notification-service-group-2, groupId=notification-service-group] Bootstrap broker localhost:9092 (id: -1 rack: null) disconnected
2026-07-27T00:54:28.560+05:30  INFO 3640 --- [notification-service] [ntainer#0-0-C-1] org.apache.kafka.clients.NetworkClient   : [Consumer clientId=consumer-notification-service-group-1, groupId=notification-service-group] Node -1 disconnected.
2026-07-27T00:54:28.560+05:30  WARN 3640 --- [notification-service] [ntainer#0-0-C-1] org.apache.kafka.clients.NetworkClient   : [Consumer clientId=consumer-notification-service-group-1, groupId=notification-service-group] Connection to node -1 (localhost/127.0.0.1:9092) could not be established. Node may not be available.
2026-07-27T00:54:28.560+05:30  WARN 3640 --- [notification-service] [ntainer#0-0-C-1] org.apache.kafka.clients.NetworkClient   : [Consumer clientId=consumer-notification-service-group-1, groupId=notification-service-group] Bootstrap broker localhost:9092 (id: -1 rack: null) disconnected
2026-07-27T00:54:29.071+05:30  INFO 3640 --- [notification-service] [ntainer#1-0-C-1] org.apache.kafka.clients.NetworkClient   : [Consumer clientId=consumer-notification-service-group-2, groupId=notification-service-group] Node -1 disconnected.
2026-07-27T00:54:29.073+05:30  WARN 3640 --- [notification-service] [ntainer#1-0-C-1] org.apache.kafka.clients.NetworkClient   : [Consumer clientId=consumer-notification-service-group-2, groupId=notification-service-group] Connection to node -1 (localhost/127.0.0.1:9092) could not be established. Node may not be available.
2026-07-27T00:54:29.073+05:30  WARN 3640 --- [notification-service] [ntainer#1-0-C-1] org.apache.kafka.clients.NetworkClient   : [Consumer clientId=consumer-notification-service-group-2, groupId=notification-service-group] Bootstrap broker localhost:9092 (id: -1 rack: null) disconnected
2026-07-27T00:54:29.522+05:30  INFO 3640 --- [notification-service] [ntainer#0-0-C-1] org.apache.kafka.clients.NetworkClient   : [Consumer clientId=consumer-notification-service-group-1, groupId=notification-service-group] Node -1 disconnected.
2026-07-27T00:54:29.522+05:30  WARN 3640 --- [notification-service] [ntainer#0-0-C-1] org.apache.kafka.clients.NetworkClient   : [Consumer clientId=consumer-notification-service-group-1, groupId=notification-service-group] Connection to node -1 (localhost/127.0.0.1:9092) could not be established. Node may not be available.
2026-07-27T00:54:29.522+05:30  WARN 3640 --- [notification-service] [ntainer#0-0-C-1] org.apache.kafka.clients.NetworkClient   : [Consumer clientId=consumer-notification-service-group-1, groupId=notification-service-group] Bootstrap broker localhost:9092 (id: -1 rack: null) disconnected
2026-07-27T00:54:29.932+05:30  INFO 3640 --- [notification-service] [ntainer#1-0-C-1] org.apache.kafka.clients.NetworkClient   : [Consumer clientId=consumer-notification-service-group-2, groupId=notification-service-group] Node -1 disconnected.
2026-07-27T00:54:29.933+05:30  WARN 3640 --- [notification-service] [ntainer#1-0-C-1] org.apache.kafka.clients.NetworkClient   : [Consumer clientId=consumer-notification-service-group-2, groupId=notification-service-group] Connection to node -1 (localhost/127.0.0.1:9092) could not be established. Node may not be available.
2026-07-27T00:54:29.933+05:30  WARN 3640 --- [notification-service] [ntainer#1-0-C-1] org.apache.kafka.clients.NetworkClient   : [Consumer clientId=consumer-notification-service-group-2, groupId=notification-service-group] Bootstrap broker localhost:9092 (id: -1 rack: null) disconnected
2026-07-27T00:54:30.418+05:30  INFO 3640 --- [notification-service] [ntainer#0-0-C-1] org.apache.kafka.clients.NetworkClient   : [Consumer clientId=consumer-notification-service-group-1, groupId=notification-service-group] Node -1 disconnected.
2026-07-27T00:54:30.418+05:30  WARN 3640 --- [notification-service] [ntainer#0-0-C-1] org.apache.kafka.clients.NetworkClient   : [Consumer clientId=consumer-notification-service-group-1, groupId=notification-service-group] Connection to node -1 (localhost/127.0.0.1:9092) could not be established. Node may not be available.
2026-07-27T00:54:30.418+05:30  WARN 3640 --- [notification-service] [ntainer#0-0-C-1] org.apache.kafka.clients.NetworkClient   : [Consumer clientId=consumer-notification-service-group-1, groupId=notification-service-group] Bootstrap broker localhost:9092 (id: -1 rack: null) disconnected
2026-07-27T00:54:30.790+05:30  INFO 3640 --- [notification-service] [ntainer#1-0-C-1] org.apache.kafka.clients.NetworkClient   : [Consumer clientId=consumer-notification-service-group-2, groupId=notification-service-group] Node -1 disconnected.
2026-07-27T00:54:30.791+05:30  WARN 3640 --- [notification-service] [ntainer#1-0-C-1] org.apache.kafka.clients.NetworkClient   : [Consumer clientId=consumer-notification-service-group-2, groupId=notification-service-group] Connection to node -1 (localhost/127.0.0.1:9092) could not be established. Node may not be available.
2026-07-27T00:54:30.791+05:30  WARN 3640 --- [notification-service] [ntainer#1-0-C-1] org.apache.kafka.clients.NetworkClient   : [Consumer clientId=consumer-notification-service-group-2, groupId=notification-service-group] Bootstrap broker localhost:9092 (id: -1 rack: null) disconnected
2026-07-27T00:54:31.279+05:30  INFO 3640 --- [notification-service] [ntainer#0-0-C-1] org.apache.kafka.clients.NetworkClient   : [Consumer clientId=consumer-notification-service-group-1, groupId=notification-service-group] Node -1 disconnected.
2026-07-27T00:54:31.279+05:30  WARN 3640 --- [notification-service] [ntainer#0-0-C-1] org.apache.kafka.clients.NetworkClient   : [Consumer clientId=consumer-notification-service-group-1, groupId=notification-service-group] Connection to node -1 (localhost/127.0.0.1:9092) could not be established. Node may not be available.
2026-07-27T00:54:31.279+05:30  WARN 3640 --- [notification-service] [ntainer#0-0-C-1] org.apache.kafka.clients.NetworkClient   : [Consumer clientId=consumer-notification-service-group-1, groupId=notification-service-group] Bootstrap broker localhost:9092 (id: -1 rack: null) disconnected
2026-07-27T00:54:31.702+05:30  INFO 3640 --- [notification-service] [ntainer#1-0-C-1] org.apache.kafka.clients.NetworkClient   : [Consumer clientId=consumer-notification-service-group-2, groupId=notification-service-group] Node -1 disconnected.
2026-07-27T00:54:31.702+05:30  WARN 3640 --- [notification-service] [ntainer#1-0-C-1] org.apache.kafka.clients.NetworkClient   : [Consumer clientId=consumer-notification-service-group-2, groupId=notification-service-group] Connection to node -1 (localhost/127.0.0.1:9092) could not be established. Node may not be available.
2026-07-27T00:54:31.702+05:30  WARN 3640 --- [notification-service] [ntainer#1-0-C-1] org.apache.kafka.clients.NetworkClient   : [Consumer clientId=consumer-notification-service-group-2, groupId=notification-service-group] Bootstrap broker localhost:9092 (id: -1 rack: null) disconnected
2026-07-27T00:54:32.327+05:30  INFO 3640 --- [notification-service] [ntainer#0-0-C-1] org.apache.kafka.clients.NetworkClient   : [Consumer clientId=consumer-notification-service-group-1, groupId=notification-service-group] Node -1 disconnected.
2026-07-27T00:54:32.327+05:30  WARN 3640 --- [notification-service] [ntainer#0-0-C-1] org.apache.kafka.clients.NetworkClient   : [Consumer clientId=consumer-notification-service-group-1, groupId=notification-service-group] Connection to node -1 (localhost/127.0.0.1:9092) could not be established. Node may not be available.
2026-07-27T00:54:32.327+05:30  WARN 3640 --- [notification-service] [ntainer#0-0-C-1] org.apache.kafka.clients.NetworkClient   : [Consumer clientId=consumer-notification-service-group-1, groupId=notification-service-group] Bootstrap broker localhost:9092 (id: -1 rack: null) disconnected
2026-07-27T00:54:32.751+05:30  INFO 3640 --- [notification-service] [ntainer#1-0-C-1] org.apache.kafka.clients.NetworkClient   : [Consumer clientId=consumer-notification-service-group-2, groupId=notification-service-group] Node -1 disconnected.
2026-07-27T00:54:32.751+05:30  WARN 3640 --- [notification-service] [ntainer#1-0-C-1] org.apache.kafka.clients.NetworkClient   : [Consumer clientId=consumer-notification-service-group-2, groupId=notification-service-group] Connection to node -1 (localhost/127.0.0.1:9092) could not be established. Node may not be available.
2026-07-27T00:54:32.751+05:30  WARN 3640 --- [notification-service] [ntainer#1-0-C-1] org.apache.kafka.clients.NetworkClient   : [Consumer clientId=consumer-notification-service-group-2, groupId=notification-service-group] Bootstrap broker localhost:9092 (id: -1 rack: null) disconnected
2026-07-27T00:54:33.287+05:30  INFO 3640 --- [notification-service] [ntainer#0-0-C-1] org.apache.kafka.clients.NetworkClient   : [Consumer clientId=consumer-notification-service-group-1, groupId=notification-service-group] Node -1 disconnected.
2026-07-27T00:54:33.287+05:30  WARN 3640 --- [notification-service] [ntainer#0-0-C-1] org.apache.kafka.clients.NetworkClient   : [Consumer clientId=consumer-notification-service-group-1, groupId=notification-service-group] Connection to node -1 (localhost/127.0.0.1:9092) could not be established. Node may not be available.
2026-07-27T00:54:33.287+05:30  WARN 3640 --- [notification-service] [ntainer#0-0-C-1] org.apache.kafka.clients.NetworkClient   : [Consumer clientId=consumer-notification-service-group-1, groupId=notification-service-group] Bootstrap broker localhost:9092 (id: -1 rack: null) disconnected
2026-07-27T00:54:33.752+05:30  INFO 3640 --- [notification-service] [ntainer#1-0-C-1] org.apache.kafka.clients.NetworkClient   : [Consumer clientId=consumer-notification-service-group-2, groupId=notification-service-group] Node -1 disconnected.
2026-07-27T00:54:33.753+05:30  WARN 3640 --- [notification-service] [ntainer#1-0-C-1] org.apache.kafka.clients.NetworkClient   : [Consumer clientId=consumer-notification-service-group-2, groupId=notification-service-group] Connection to node -1 (localhost/127.0.0.1:9092) could not be established. Node may not be available.
2026-07-27T00:54:33.753+05:30  WARN 3640 --- [notification-service] [ntainer#1-0-C-1] org.apache.kafka.clients.NetworkClient   : [Consumer clientId=consumer-notification-service-group-2, groupId=notification-service-group] Bootstrap broker localhost:9092 (id: -1 rack: null) disconnected
2026-07-27T00:54:34.146+05:30  INFO 3640 --- [notification-service] [ntainer#0-0-C-1] org.apache.kafka.clients.NetworkClient   : [Consumer clientId=consumer-notification-service-group-1, groupId=notification-service-group] Node -1 disconnected.
2026-07-27T00:54:34.146+05:30  WARN 3640 --- [notification-service] [ntainer#0-0-C-1] org.apache.kafka.clients.NetworkClient   : [Consumer clientId=consumer-notification-service-group-1, groupId=notification-service-group] Connection to node -1 (localhost/127.0.0.1:9092) could not be established. Node may not be available.
2026-07-27T00:54:34.147+05:30  WARN 3640 --- [notification-service] [ntainer#0-0-C-1] org.apache.kafka.clients.NetworkClient   : [Consumer clientId=consumer-notification-service-group-1, groupId=notification-service-group] Bootstrap broker localhost:9092 (id: -1 rack: null) disconnected
2026-07-27T00:54:34.754+05:30  INFO 3640 --- [notification-service] [ntainer#1-0-C-1] org.apache.kafka.clients.NetworkClient   : [Consumer clientId=consumer-notification-service-group-2, groupId=notification-service-group] Node -1 disconnected.
2026-07-27T00:54:34.754+05:30  WARN 3640 --- [notification-service] [ntainer#1-0-C-1] org.apache.kafka.clients.NetworkClient   : [Consumer clientId=consumer-notification-service-group-2, groupId=notification-service-group] Connection to node -1 (localhost/127.0.0.1:9092) could not be established. Node may not be available.
2026-07-27T00:54:34.754+05:30  WARN 3640 --- [notification-service] [ntainer#1-0-C-1] org.apache.kafka.clients.NetworkClient   : [Consumer clientId=consumer-notification-service-group-2, groupId=notification-service-group] Bootstrap broker localhost:9092 (id: -1 rack: null) disconnected
2026-07-27T00:54:35.067+05:30  INFO 3640 --- [notification-service] [ntainer#0-0-C-1] org.apache.kafka.clients.NetworkClient   : [Consumer clientId=consumer-notification-service-group-1, groupId=notification-service-group] Node -1 disconnected.
2026-07-27T00:54:35.067+05:30  WARN 3640 --- [notification-service] [ntainer#0-0-C-1] org.apache.kafka.clients.NetworkClient   : [Consumer clientId=consumer-notification-service-group-1, groupId=notification-service-group] Connection to node -1 (localhost/127.0.0.1:9092) could not be established. Node may not be available.
2026-07-27T00:54:35.067+05:30  WARN 3640 --- [notification-service] [ntainer#0-0-C-1] org.apache.kafka.clients.NetworkClient   : [Consumer clientId=consumer-notification-service-group-1, groupId=notification-service-group] Bootstrap broker localhost:9092 (id: -1 rack: null) disconnected
2026-07-27T00:54:35.756+05:30  INFO 3640 --- [notification-service] [ntainer#1-0-C-1] org.apache.kafka.clients.NetworkClient   : [Consumer clientId=consumer-notification-service-group-2, groupId=notification-service-group] Node -1 disconnected.
2026-07-27T00:54:35.756+05:30  WARN 3640 --- [notification-service] [ntainer#1-0-C-1] org.apache.kafka.clients.NetworkClient   : [Consumer clientId=consumer-notification-service-group-2, groupId=notification-service-group] Connection to node -1 (localhost/127.0.0.1:9092) could not be established. Node may not be available.
2026-07-27T00:54:35.756+05:30  WARN 3640 --- [notification-service] [ntainer#1-0-C-1] org.apache.kafka.clients.NetworkClient   : [Consumer clientId=consumer-notification-service-group-2, groupId=notification-service-group] Bootstrap broker localhost:9092 (id: -1 rack: null) disconnected
2026-07-27T00:54:36.009+05:30  INFO 3640 --- [notification-service] [ntainer#0-0-C-1] org.apache.kafka.clients.NetworkClient   : [Consumer clientId=consumer-notification-service-group-1, groupId=notification-service-group] Node -1 disconnected.
2026-07-27T00:54:36.009+05:30  WARN 3640 --- [notification-service] [ntainer#0-0-C-1] org.apache.kafka.clients.NetworkClient   : [Consumer clientId=consumer-notification-service-group-1, groupId=notification-service-group] Connection to node -1 (localhost/127.0.0.1:9092) could not be established. Node may not be available.
2026-07-27T00:54:36.009+05:30  WARN 3640 --- [notification-service] [ntainer#0-0-C-1] org.apache.kafka.clients.NetworkClient   : [Consumer clientId=consumer-notification-service-group-1, groupId=notification-service-group] Bootstrap broker localhost:9092 (id: -1 rack: null) disconnected
2026-07-27T00:54:36.671+05:30  INFO 3640 --- [notification-service] [ntainer#1-0-C-1] org.apache.kafka.clients.NetworkClient   : [Consumer clientId=consumer-notification-service-group-2, groupId=notification-service-group] Node -1 disconnected.
2026-07-27T00:54:36.671+05:30  WARN 3640 --- [notification-service] [ntainer#1-0-C-1] org.apache.kafka.clients.NetworkClient   : [Consumer clientId=consumer-notification-service-group-2, groupId=notification-service-group] Connection to node -1 (localhost/127.0.0.1:9092) could not be established. Node may not be available.
2026-07-27T00:54:36.671+05:30  WARN 3640 --- [notification-service] [ntainer#1-0-C-1] org.apache.kafka.clients.NetworkClient   : [Consumer clientId=consumer-notification-service-group-2, groupId=notification-service-group] Bootstrap broker localhost:9092 (id: -1 rack: null) disconnected
2026-07-27T00:54:36.978+05:30  INFO 3640 --- [notification-service] [ntainer#0-0-C-1] org.apache.kafka.clients.NetworkClient   : [Consumer clientId=consumer-notification-service-group-1, groupId=notification-service-group] Node -1 disconnected.
2026-07-27T00:54:36.978+05:30  WARN 3640 --- [notification-service] [ntainer#0-0-C-1] org.apache.kafka.clients.NetworkClient   : [Consumer clientId=consumer-notification-service-group-1, groupId=notification-service-group] Connection to node -1 (localhost/127.0.0.1:9092) could not be established. Node may not be available.
2026-07-27T00:54:36.979+05:30  WARN 3640 --- [notification-service] [ntainer#0-0-C-1] org.apache.kafka.clients.NetworkClient   : [Consumer clientId=consumer-notification-service-group-1, groupId=notification-service-group] Bootstrap broker localhost:9092 (id: -1 rack: null) disconnected
2026-07-27T00:54:37.721+05:30  INFO 3640 --- [notification-service] [ntainer#1-0-C-1] org.apache.kafka.clients.NetworkClient   : [Consumer clientId=consumer-notification-service-group-2, groupId=notification-service-group] Node -1 disconnected.
2026-07-27T00:54:37.721+05:30  WARN 3640 --- [notification-service] [ntainer#1-0-C-1] org.apache.kafka.clients.NetworkClient   : [Consumer clientId=consumer-notification-service-group-2, groupId=notification-service-group] Connection to node -1 (localhost/127.0.0.1:9092) could not be established. Node may not be available.
2026-07-27T00:54:37.721+05:30  WARN 3640 --- [notification-service] [ntainer#1-0-C-1] org.apache.kafka.clients.NetworkClient   : [Consumer clientId=consumer-notification-service-group-2, groupId=notification-service-group] Bootstrap broker localhost:9092 (id: -1 rack: null) disconnected
2026-07-27T00:54:38.021+05:30  INFO 3640 --- [notification-service] [ntainer#0-0-C-1] org.apache.kafka.clients.NetworkClient   : [Consumer clientId=consumer-notification-service-group-1, groupId=notification-service-group] Node -1 disconnected.
2026-07-27T00:54:38.021+05:30  WARN 3640 --- [notification-service] [ntainer#0-0-C-1] org.apache.kafka.clients.NetworkClient   : [Consumer clientId=consumer-notification-service-group-1, groupId=notification-service-group] Connection to node -1 (localhost/127.0.0.1:9092) could not be established. Node may not be available.
2026-07-27T00:54:38.021+05:30  WARN 3640 --- [notification-service] [ntainer#0-0-C-1] org.apache.kafka.clients.NetworkClient   : [Consumer clientId=consumer-notification-service-group-1, groupId=notification-service-group] Bootstrap broker localhost:9092 (id: -1 rack: null) disconnected
2026-07-27T00:54:38.682+05:30  INFO 3640 --- [notification-service] [ntainer#1-0-C-1] org.apache.kafka.clients.NetworkClient   : [Consumer clientId=consumer-notification-service-group-2, groupId=notification-service-group] Node -1 disconnected.
2026-07-27T00:54:38.683+05:30  WARN 3640 --- [notification-service] [ntainer#1-0-C-1] org.apache.kafka.clients.NetworkClient   : [Consumer clientId=consumer-notification-service-group-2, groupId=notification-service-group] Connection to node -1 (localhost/127.0.0.1:9092) could not be established. Node may not be available.
2026-07-27T00:54:38.683+05:30  WARN 3640 --- [notification-service] [ntainer#1-0-C-1] org.apache.kafka.clients.NetworkClient   : [Consumer clientId=consumer-notification-service-group-2, groupId=notification-service-group] Bootstrap broker localhost:9092 (id: -1 rack: null) disconnected
2026-07-27T00:54:39.022+05:30  INFO 3640 --- [notification-service] [ntainer#0-0-C-1] org.apache.kafka.clients.NetworkClient   : [Consumer clientId=consumer-notification-service-group-1, groupId=notification-service-group] Node -1 disconnected.
2026-07-27T00:54:39.023+05:30  WARN 3640 --- [notification-service] [ntainer#0-0-C-1] org.apache.kafka.clients.NetworkClient   : [Consumer clientId=consumer-notification-service-group-1, groupId=notification-service-group] Connection to node -1 (localhost/127.0.0.1:9092) could not be established. Node may not be available.
2026-07-27T00:54:39.023+05:30  WARN 3640 --- [notification-service] [ntainer#0-0-C-1] org.apache.kafka.clients.NetworkClient   : [Consumer clientId=consumer-notification-service-group-1, groupId=notification-service-group] Bootstrap broker localhost:9092 (id: -1 rack: null) disconnected
2026-07-27T00:54:39.685+05:30  INFO 3640 --- [notification-service] [ntainer#1-0-C-1] org.apache.kafka.clients.NetworkClient   : [Consumer clientId=consumer-notification-service-group-2, groupId=notification-service-group] Node -1 disconnected.
2026-07-27T00:54:39.685+05:30  WARN 3640 --- [notification-service] [ntainer#1-0-C-1] org.apache.kafka.clients.NetworkClient   : [Consumer clientId=consumer-notification-service-group-2, groupId=notification-service-group] Connection to node -1 (localhost/127.0.0.1:9092) could not be established. Node may not be available.
2026-07-27T00:54:39.685+05:30  WARN 3640 --- [notification-service] [ntainer#1-0-C-1] org.apache.kafka.clients.NetworkClient   : [Consumer clientId=consumer-notification-service-group-2, groupId=notification-service-group] Bootstrap broker localhost:9092 (id: -1 rack: null) disconnected
2026-07-27T00:54:40.042+05:30  INFO 3640 --- [notification-service] [ntainer#0-0-C-1] org.apache.kafka.clients.NetworkClient   : [Consumer clientId=consumer-notification-service-group-1, groupId=notification-service-group] Node -1 disconnected.
2026-07-27T00:54:40.042+05:30  WARN 3640 --- [notification-service] [ntainer#0-0-C-1] org.apache.kafka.clients.NetworkClient   : [Consumer clientId=consumer-notification-service-group-1, groupId=notification-service-group] Connection to node -1 (localhost/127.0.0.1:9092) could not be established. Node may not be available.
2026-07-27T00:54:40.042+05:30  WARN 3640 --- [notification-service] [ntainer#0-0-C-1] org.apache.kafka.clients.NetworkClient   : [Consumer clientId=consumer-notification-service-group-1, groupId=notification-service-group] Bootstrap broker localhost:9092 (id: -1 rack: null) disconnected
2026-07-27T00:54:40.686+05:30  INFO 3640 --- [notification-service] [ntainer#1-0-C-1] org.apache.kafka.clients.NetworkClient   : [Consumer clientId=consumer-notification-service-group-2, groupId=notification-service-group] Node -1 disconnected.
2026-07-27T00:54:40.686+05:30  WARN 3640 --- [notification-service] [ntainer#1-0-C-1] org.apache.kafka.clients.NetworkClient   : [Consumer clientId=consumer-notification-service-group-2, groupId=notification-service-group] Connection to node -1 (localhost/127.0.0.1:9092) could not be established. Node may not be available.
2026-07-27T00:54:40.686+05:30  WARN 3640 --- [notification-service] [ntainer#1-0-C-1] org.apache.kafka.clients.NetworkClient   : [Consumer clientId=consumer-notification-service-group-2, groupId=notification-service-group] Bootstrap broker localhost:9092 (id: -1 rack: null) disconnected
2026-07-27T00:54:41.090+05:30  INFO 3640 --- [notification-service] [ntainer#0-0-C-1] org.apache.kafka.clients.NetworkClient   : [Consumer clientId=consumer-notification-service-group-1, groupId=notification-service-group] Node -1 disconnected.
2026-07-27T00:54:41.090+05:30  WARN 3640 --- [notification-service] [ntainer#0-0-C-1] org.apache.kafka.clients.NetworkClient   : [Consumer clientId=consumer-notification-service-group-1, groupId=notification-service-group] Connection to node -1 (localhost/127.0.0.1:9092) could not be established. Node may not be available.
2026-07-27T00:54:41.090+05:30  WARN 3640 --- [notification-service] [ntainer#0-0-C-1] org.apache.kafka.clients.NetworkClient   : [Consumer clientId=consumer-notification-service-group-1, groupId=notification-service-group] Bootstrap broker localhost:9092 (id: -1 rack: null) disconnected
2026-07-27T00:54:41.488+05:30  INFO 3640 --- [notification-service] [ntainer#1-0-C-1] org.apache.kafka.clients.NetworkClient   : [Consumer clientId=consumer-notification-service-group-2, groupId=notification-service-group] Node -1 disconnected.
2026-07-27T00:54:41.488+05:30  WARN 3640 --- [notification-service] [ntainer#1-0-C-1] org.apache.kafka.clients.NetworkClient   : [Consumer clientId=consumer-notification-service-group-2, groupId=notification-service-group] Connection to node -1 (localhost/127.0.0.1:9092) could not be established. Node may not be available.
2026-07-27T00:54:41.488+05:30  WARN 3640 --- [notification-service] [ntainer#1-0-C-1] org.apache.kafka.clients.NetworkClient   : [Consumer clientId=consumer-notification-service-group-2, groupId=notification-service-group] Bootstrap broker localhost:9092 (id: -1 rack: null) disconnected
2026-07-27T00:54:42.092+05:30  INFO 3640 --- [notification-service] [ntainer#0-0-C-1] org.apache.kafka.clients.NetworkClient   : [Consumer clientId=consumer-notification-service-group-1, groupId=notification-service-group] Node -1 disconnected.
2026-07-27T00:54:42.092+05:30  WARN 3640 --- [notification-service] [ntainer#0-0-C-1] org.apache.kafka.clients.NetworkClient   : [Consumer clientId=consumer-notification-service-group-1, groupId=notification-service-group] Connection to node -1 (localhost/127.0.0.1:9092) could not be established. Node may not be available.
2026-07-27T00:54:42.092+05:30  WARN 3640 --- [notification-service] [ntainer#0-0-C-1] org.apache.kafka.clients.NetworkClient   : [Consumer clientId=consumer-notification-service-group-1, groupId=notification-service-group] Bootstrap broker localhost:9092 (id: -1 rack: null) disconnected
2026-07-27T00:54:42.497+05:30  INFO 3640 --- [notification-service] [ntainer#1-0-C-1] org.apache.kafka.clients.NetworkClient   : [Consumer clientId=consumer-notification-service-group-2, groupId=notification-service-group] Node -1 disconnected.
2026-07-27T00:54:42.497+05:30  WARN 3640 --- [notification-service] [ntainer#1-0-C-1] org.apache.kafka.clients.NetworkClient   : [Consumer clientId=consumer-notification-service-group-2, groupId=notification-service-group] Connection to node -1 (localhost/127.0.0.1:9092) could not be established. Node may not be available.
2026-07-27T00:54:42.497+05:30  WARN 3640 --- [notification-service] [ntainer#1-0-C-1] org.apache.kafka.clients.NetworkClient   : [Consumer clientId=consumer-notification-service-group-2, groupId=notification-service-group] Bootstrap broker localhost:9092 (id: -1 rack: null) disconnected
2026-07-27T00:54:43.128+05:30  INFO 3640 --- [notification-service] [ntainer#0-0-C-1] org.apache.kafka.clients.NetworkClient   : [Consumer clientId=consumer-notification-service-group-1, groupId=notification-service-group] Node -1 disconnected.
2026-07-27T00:54:43.128+05:30  WARN 3640 --- [notification-service] [ntainer#0-0-C-1] org.apache.kafka.clients.NetworkClient   : [Consumer clientId=consumer-notification-service-group-1, groupId=notification-service-group] Connection to node -1 (localhost/127.0.0.1:9092) could not be established. Node may not be available.
2026-07-27T00:54:43.128+05:30  WARN 3640 --- [notification-service] [ntainer#0-0-C-1] org.apache.kafka.clients.NetworkClient   : [Consumer clientId=consumer-notification-service-group-1, groupId=notification-service-group] Bootstrap broker localhost:9092 (id: -1 rack: null) disconnected
2026-07-27T00:54:43.538+05:30  INFO 3640 --- [notification-service] [ntainer#1-0-C-1] org.apache.kafka.clients.NetworkClient   : [Consumer clientId=consumer-notification-service-group-2, groupId=notification-service-group] Node -1 disconnected.
2026-07-27T00:54:43.540+05:30  WARN 3640 --- [notification-service] [ntainer#1-0-C-1] org.apache.kafka.clients.NetworkClient   : [Consumer clientId=consumer-notification-service-group-2, groupId=notification-service-group] Connection to node -1 (localhost/127.0.0.1:9092) could not be established. Node may not be available.
2026-07-27T00:54:43.540+05:30  WARN 3640 --- [notification-service] [ntainer#1-0-C-1] org.apache.kafka.clients.NetworkClient   : [Consumer clientId=consumer-notification-service-group-2, groupId=notification-service-group] Bootstrap broker localhost:9092 (id: -1 rack: null) disconnected
2026-07-27T00:54:44.130+05:30  INFO 3640 --- [notification-service] [ntainer#0-0-C-1] org.apache.kafka.clients.NetworkClient   : [Consumer clientId=consumer-notification-service-group-1, groupId=notification-service-group] Node -1 disconnected.
2026-07-27T00:54:44.130+05:30  WARN 3640 --- [notification-service] [ntainer#0-0-C-1] org.apache.kafka.clients.NetworkClient   : [Consumer clientId=consumer-notification-service-group-1, groupId=notification-service-group] Connection to node -1 (localhost/127.0.0.1:9092) could not be established. Node may not be available.
2026-07-27T00:54:44.130+05:30  WARN 3640 --- [notification-service] [ntainer#0-0-C-1] org.apache.kafka.clients.NetworkClient   : [Consumer clientId=consumer-notification-service-group-1, groupId=notification-service-group] Bootstrap broker localhost:9092 (id: -1 rack: null) disconnected
2026-07-27T00:54:44.543+05:30  INFO 3640 --- [notification-service] [ntainer#1-0-C-1] org.apache.kafka.clients.NetworkClient   : [Consumer clientId=consumer-notification-service-group-2, groupId=notification-service-group] Node -1 disconnected.
2026-07-27T00:54:44.543+05:30  WARN 3640 --- [notification-service] [ntainer#1-0-C-1] org.apache.kafka.clients.NetworkClient   : [Consumer clientId=consumer-notification-service-group-2, groupId=notification-service-group] Connection to node -1 (localhost/127.0.0.1:9092) could not be established. Node may not be available.
2026-07-27T00:54:44.543+05:30  WARN 3640 --- [notification-service] [ntainer#1-0-C-1] org.apache.kafka.clients.NetworkClient   : [Consumer clientId=consumer-notification-service-group-2, groupId=notification-service-group] Bootstrap broker localhost:9092 (id: -1 rack: null) disconnected
2026-07-27T00:54:45.093+05:30  INFO 3640 --- [notification-service] [ntainer#0-0-C-1] org.apache.kafka.clients.NetworkClient   : [Consumer clientId=consumer-notification-service-group-1, groupId=notification-service-group] Node -1 disconnected.
2026-07-27T00:54:45.093+05:30  WARN 3640 --- [notification-service] [ntainer#0-0-C-1] org.apache.kafka.clients.NetworkClient   : [Consumer clientId=consumer-notification-service-group-1, groupId=notification-service-group] Connection to node -1 (localhost/127.0.0.1:9092) could not be established. Node may not be available.
2026-07-27T00:54:45.093+05:30  WARN 3640 --- [notification-service] [ntainer#0-0-C-1] org.apache.kafka.clients.NetworkClient   : [Consumer clientId=consumer-notification-service-group-1, groupId=notification-service-group] Bootstrap broker localhost:9092 (id: -1 rack: null) disconnected
2026-07-27T00:54:45.511+05:30  INFO 3640 --- [notification-service] [ntainer#1-0-C-1] org.apache.kafka.clients.NetworkClient   : [Consumer clientId=consumer-notification-service-group-2, groupId=notification-service-group] Node -1 disconnected.
2026-07-27T00:54:45.511+05:30  WARN 3640 --- [notification-service] [ntainer#1-0-C-1] org.apache.kafka.clients.NetworkClient   : [Consumer clientId=consumer-notification-service-group-2, groupId=notification-service-group] Connection to node -1 (localhost/127.0.0.1:9092) could not be established. Node may not be available.
2026-07-27T00:54:45.511+05:30  WARN 3640 --- [notification-service] [ntainer#1-0-C-1] org.apache.kafka.clients.NetworkClient   : [Consumer clientId=consumer-notification-service-group-2, groupId=notification-service-group] Bootstrap broker localhost:9092 (id: -1 rack: null) disconnected
2026-07-27T00:54:45.982+05:30  INFO 3640 --- [notification-service] [ntainer#0-0-C-1] org.apache.kafka.clients.NetworkClient   : [Consumer clientId=consumer-notification-service-group-1, groupId=notification-service-group] Node -1 disconnected.
2026-07-27T00:54:45.982+05:30  WARN 3640 --- [notification-service] [ntainer#0-0-C-1] org.apache.kafka.clients.NetworkClient   : [Consumer clientId=consumer-notification-service-group-1, groupId=notification-service-group] Connection to node -1 (localhost/127.0.0.1:9092) could not be established. Node may not be available.
2026-07-27T00:54:45.982+05:30  WARN 3640 --- [notification-service] [ntainer#0-0-C-1] org.apache.kafka.clients.NetworkClient   : [Consumer clientId=consumer-notification-service-group-1, groupId=notification-service-group] Bootstrap broker localhost:9092 (id: -1 rack: null) disconnected
2026-07-27T00:54:46.419+05:30  INFO 3640 --- [notification-service] [ntainer#1-0-C-1] org.apache.kafka.clients.NetworkClient   : [Consumer clientId=consumer-notification-service-group-2, groupId=notification-service-group] Node -1 disconnected.
2026-07-27T00:54:46.419+05:30  WARN 3640 --- [notification-service] [ntainer#1-0-C-1] org.apache.kafka.clients.NetworkClient   : [Consumer clientId=consumer-notification-service-group-2, groupId=notification-service-group] Connection to node -1 (localhost/127.0.0.1:9092) could not be established. Node may not be available.
2026-07-27T00:54:46.419+05:30  WARN 3640 --- [notification-service] [ntainer#1-0-C-1] org.apache.kafka.clients.NetworkClient   : [Consumer clientId=consumer-notification-service-group-2, groupId=notification-service-group] Bootstrap broker localhost:9092 (id: -1 rack: null) disconnected
2026-07-27T00:54:47.002+05:30  INFO 3640 --- [notification-service] [ntainer#0-0-C-1] org.apache.kafka.clients.NetworkClient   : [Consumer clientId=consumer-notification-service-group-1, groupId=notification-service-group] Node -1 disconnected.
2026-07-27T00:54:47.002+05:30  WARN 3640 --- [notification-service] [ntainer#0-0-C-1] org.apache.kafka.clients.NetworkClient   : [Consumer clientId=consumer-notification-service-group-1, groupId=notification-service-group] Connection to node -1 (localhost/127.0.0.1:9092) could not be established. Node may not be available.
2026-07-27T00:54:47.002+05:30  WARN 3640 --- [notification-service] [ntainer#0-0-C-1] org.apache.kafka.clients.NetworkClient   : [Consumer clientId=consumer-notification-service-group-1, groupId=notification-service-group] Bootstrap broker localhost:9092 (id: -1 rack: null) disconnected
2026-07-27T00:54:47.431+05:30  INFO 3640 --- [notification-service] [ntainer#1-0-C-1] org.apache.kafka.clients.NetworkClient   : [Consumer clientId=consumer-notification-service-group-2, groupId=notification-service-group] Node -1 disconnected.
2026-07-27T00:54:47.431+05:30  WARN 3640 --- [notification-service] [ntainer#1-0-C-1] org.apache.kafka.clients.NetworkClient   : [Consumer clientId=consumer-notification-service-group-2, groupId=notification-service-group] Connection to node -1 (localhost/127.0.0.1:9092) could not be established. Node may not be available.
2026-07-27T00:54:47.431+05:30  WARN 3640 --- [notification-service] [ntainer#1-0-C-1] org.apache.kafka.clients.NetworkClient   : [Consumer clientId=consumer-notification-service-group-2, groupId=notification-service-group] Bootstrap broker localhost:9092 (id: -1 rack: null) disconnected
2026-07-27T00:54:47.861+05:30  INFO 3640 --- [notification-service] [ntainer#0-0-C-1] org.apache.kafka.clients.NetworkClient   : [Consumer clientId=consumer-notification-service-group-1, groupId=notification-service-group] Node -1 disconnected.
2026-07-27T00:54:47.861+05:30  WARN 3640 --- [notification-service] [ntainer#0-0-C-1] org.apache.kafka.clients.NetworkClient   : [Consumer clientId=consumer-notification-service-group-1, groupId=notification-service-group] Connection to node -1 (localhost/127.0.0.1:9092) could not be established. Node may not be available.
2026-07-27T00:54:47.861+05:30  WARN 3640 --- [notification-service] [ntainer#0-0-C-1] org.apache.kafka.clients.NetworkClient   : [Consumer clientId=consumer-notification-service-group-1, groupId=notification-service-group] Bootstrap broker localhost:9092 (id: -1 rack: null) disconnected
2026-07-27T00:54:48.432+05:30  INFO 3640 --- [notification-service] [ntainer#1-0-C-1] org.apache.kafka.clients.NetworkClient   : [Consumer clientId=consumer-notification-service-group-2, groupId=notification-service-group] Node -1 disconnected.
2026-07-27T00:54:48.432+05:30  WARN 3640 --- [notification-service] [ntainer#1-0-C-1] org.apache.kafka.clients.NetworkClient   : [Consumer clientId=consumer-notification-service-group-2, groupId=notification-service-group] Connection to node -1 (localhost/127.0.0.1:9092) could not be established. Node may not be available.
2026-07-27T00:54:48.432+05:30  WARN 3640 --- [notification-service] [ntainer#1-0-C-1] org.apache.kafka.clients.NetworkClient   : [Consumer clientId=consumer-notification-service-group-2, groupId=notification-service-group] Bootstrap broker localhost:9092 (id: -1 rack: null) disconnected
2026-07-27T00:54:48.871+05:30  INFO 3640 --- [notification-service] [ntainer#0-0-C-1] org.apache.kafka.clients.NetworkClient   : [Consumer clientId=consumer-notification-service-group-1, groupId=notification-service-group] Node -1 disconnected.
2026-07-27T00:54:48.871+05:30  WARN 3640 --- [notification-service] [ntainer#0-0-C-1] org.apache.kafka.clients.NetworkClient   : [Consumer clientId=consumer-notification-service-group-1, groupId=notification-service-group] Connection to node -1 (localhost/127.0.0.1:9092) could not be established. Node may not be available.
2026-07-27T00:54:48.871+05:30  WARN 3640 --- [notification-service] [ntainer#0-0-C-1] org.apache.kafka.clients.NetworkClient   : [Consumer clientId=consumer-notification-service-group-1, groupId=notification-service-group] Bootstrap broker localhost:9092 (id: -1 rack: null) disconnected
2026-07-27T00:54:49.294+05:30  INFO 3640 --- [notification-service] [ntainer#1-0-C-1] org.apache.kafka.clients.NetworkClient   : [Consumer clientId=consumer-notification-service-group-2, groupId=notification-service-group] Node -1 disconnected.
2026-07-27T00:54:49.294+05:30  WARN 3640 --- [notification-service] [ntainer#1-0-C-1] org.apache.kafka.clients.NetworkClient   : [Consumer clientId=consumer-notification-service-group-2, groupId=notification-service-group] Connection to node -1 (localhost/127.0.0.1:9092) could not be established. Node may not be available.
2026-07-27T00:54:49.294+05:30  WARN 3640 --- [notification-service] [ntainer#1-0-C-1] org.apache.kafka.clients.NetworkClient   : [Consumer clientId=consumer-notification-service-group-2, groupId=notification-service-group] Bootstrap broker localhost:9092 (id: -1 rack: null) disconnected
2026-07-27T00:54:49.841+05:30  INFO 3640 --- [notification-service] [ntainer#0-0-C-1] org.apache.kafka.clients.NetworkClient   : [Consumer clientId=consumer-notification-service-group-1, groupId=notification-service-group] Node -1 disconnected.
2026-07-27T00:54:49.841+05:30  WARN 3640 --- [notification-service] [ntainer#0-0-C-1] org.apache.kafka.clients.NetworkClient   : [Consumer clientId=consumer-notification-service-group-1, groupId=notification-service-group] Connection to node -1 (localhost/127.0.0.1:9092) could not be established. Node may not be available.
2026-07-27T00:54:49.841+05:30  WARN 3640 --- [notification-service] [ntainer#0-0-C-1] org.apache.kafka.clients.NetworkClient   : [Consumer clientId=consumer-notification-service-group-1, groupId=notification-service-group] Bootstrap broker localhost:9092 (id: -1 rack: null) disconnected
2026-07-27T00:54:50.282+05:30  INFO 3640 --- [notification-service] [ntainer#1-0-C-1] org.apache.kafka.clients.NetworkClient   : [Consumer clientId=consumer-notification-service-group-2, groupId=notification-service-group] Node -1 disconnected.
2026-07-27T00:54:50.283+05:30  WARN 3640 --- [notification-service] [ntainer#1-0-C-1] org.apache.kafka.clients.NetworkClient   : [Consumer clientId=consumer-notification-service-group-2, groupId=notification-service-group] Connection to node -1 (localhost/127.0.0.1:9092) could not be established. Node may not be available.
2026-07-27T00:54:50.283+05:30  WARN 3640 --- [notification-service] [ntainer#1-0-C-1] org.apache.kafka.clients.NetworkClient   : [Consumer clientId=consumer-notification-service-group-2, groupId=notification-service-group] Bootstrap broker localhost:9092 (id: -1 rack: null) disconnected
2026-07-27T00:54:50.763+05:30  INFO 3640 --- [notification-service] [ntainer#0-0-C-1] org.apache.kafka.clients.NetworkClient   : [Consumer clientId=consumer-notification-service-group-1, groupId=notification-service-group] Node -1 disconnected.
2026-07-27T00:54:50.764+05:30  WARN 3640 --- [notification-service] [ntainer#0-0-C-1] org.apache.kafka.clients.NetworkClient   : [Consumer clientId=consumer-notification-service-group-1, groupId=notification-service-group] Connection to node -1 (localhost/127.0.0.1:9092) could not be established. Node may not be available.
2026-07-27T00:54:50.764+05:30  WARN 3640 --- [notification-service] [ntainer#0-0-C-1] org.apache.kafka.clients.NetworkClient   : [Consumer clientId=consumer-notification-service-group-1, groupId=notification-service-group] Bootstrap broker localhost:9092 (id: -1 rack: null) disconnected
2026-07-27T00:54:51.134+05:30  INFO 3640 --- [notification-service] [ntainer#1-0-C-1] org.apache.kafka.clients.NetworkClient   : [Consumer clientId=consumer-notification-service-group-2, groupId=notification-service-group] Node -1 disconnected.
2026-07-27T00:54:51.134+05:30  WARN 3640 --- [notification-service] [ntainer#1-0-C-1] org.apache.kafka.clients.NetworkClient   : [Consumer clientId=consumer-notification-service-group-2, groupId=notification-service-group] Connection to node -1 (localhost/127.0.0.1:9092) could not be established. Node may not be available.
2026-07-27T00:54:51.134+05:30  WARN 3640 --- [notification-service] [ntainer#1-0-C-1] org.apache.kafka.clients.NetworkClient   : [Consumer clientId=consumer-notification-service-group-2, groupId=notification-service-group] Bootstrap broker localhost:9092 (id: -1 rack: null) disconnected
2026-07-27T00:54:51.776+05:30  INFO 3640 --- [notification-service] [ntainer#0-0-C-1] org.apache.kafka.clients.NetworkClient   : [Consumer clientId=consumer-notification-service-group-1, groupId=notification-service-group] Node -1 disconnected.
2026-07-27T00:54:51.776+05:30  WARN 3640 --- [notification-service] [ntainer#0-0-C-1] org.apache.kafka.clients.NetworkClient   : [Consumer clientId=consumer-notification-service-group-1, groupId=notification-service-group] Connection to node -1 (localhost/127.0.0.1:9092) could not be established. Node may not be available.
2026-07-27T00:54:51.776+05:30  WARN 3640 --- [notification-service] [ntainer#0-0-C-1] org.apache.kafka.clients.NetworkClient   : [Consumer clientId=consumer-notification-service-group-1, groupId=notification-service-group] Bootstrap broker localhost:9092 (id: -1 rack: null) disconnected
2026-07-27T00:54:52.148+05:30  INFO 3640 --- [notification-service] [ntainer#1-0-C-1] org.apache.kafka.clients.NetworkClient   : [Consumer clientId=consumer-notification-service-group-2, groupId=notification-service-group] Node -1 disconnected.
2026-07-27T00:54:52.148+05:30  WARN 3640 --- [notification-service] [ntainer#1-0-C-1] org.apache.kafka.clients.NetworkClient   : [Consumer clientId=consumer-notification-service-group-2, groupId=notification-service-group] Connection to node -1 (localhost/127.0.0.1:9092) could not be established. Node may not be available.
2026-07-27T00:54:52.148+05:30  WARN 3640 --- [notification-service] [ntainer#1-0-C-1] org.apache.kafka.clients.NetworkClient   : [Consumer clientId=consumer-notification-service-group-2, groupId=notification-service-group] Bootstrap broker localhost:9092 (id: -1 rack: null) disconnected
2026-07-27T00:54:52.678+05:30  INFO 3640 --- [notification-service] [ntainer#0-0-C-1] org.apache.kafka.clients.NetworkClient   : [Consumer clientId=consumer-notification-service-group-1, groupId=notification-service-group] Node -1 disconnected.
2026-07-27T00:54:52.679+05:30  WARN 3640 --- [notification-service] [ntainer#0-0-C-1] org.apache.kafka.clients.NetworkClient   : [Consumer clientId=consumer-notification-service-group-1, groupId=notification-service-group] Connection to node -1 (localhost/127.0.0.1:9092) could not be established. Node may not be available.
2026-07-27T00:54:52.679+05:30  WARN 3640 --- [notification-service] [ntainer#0-0-C-1] org.apache.kafka.clients.NetworkClient   : [Consumer clientId=consumer-notification-service-group-1, groupId=notification-service-group] Bootstrap broker localhost:9092 (id: -1 rack: null) disconnected
2026-07-27T00:54:53.108+05:30  INFO 3640 --- [notification-service] [ntainer#1-0-C-1] org.apache.kafka.clients.NetworkClient   : [Consumer clientId=consumer-notification-service-group-2, groupId=notification-service-group] Node -1 disconnected.
2026-07-27T00:54:53.108+05:30  WARN 3640 --- [notification-service] [ntainer#1-0-C-1] org.apache.kafka.clients.NetworkClient   : [Consumer clientId=consumer-notification-service-group-2, groupId=notification-service-group] Connection to node -1 (localhost/127.0.0.1:9092) could not be established. Node may not be available.
2026-07-27T00:54:53.108+05:30  WARN 3640 --- [notification-service] [ntainer#1-0-C-1] org.apache.kafka.clients.NetworkClient   : [Consumer clientId=consumer-notification-service-group-2, groupId=notification-service-group] Bootstrap broker localhost:9092 (id: -1 rack: null) disconnected
2026-07-27T00:54:53.692+05:30  INFO 3640 --- [notification-service] [ntainer#0-0-C-1] org.apache.kafka.clients.NetworkClient   : [Consumer clientId=consumer-notification-service-group-1, groupId=notification-service-group] Node -1 disconnected.
2026-07-27T00:54:53.692+05:30  WARN 3640 --- [notification-service] [ntainer#0-0-C-1] org.apache.kafka.clients.NetworkClient   : [Consumer clientId=consumer-notification-service-group-1, groupId=notification-service-group] Connection to node -1 (localhost/127.0.0.1:9092) could not be established. Node may not be available.
2026-07-27T00:54:53.692+05:30  WARN 3640 --- [notification-service] [ntainer#0-0-C-1] org.apache.kafka.clients.NetworkClient   : [Consumer clientId=consumer-notification-service-group-1, groupId=notification-service-group] Bootstrap broker localhost:9092 (id: -1 rack: null) disconnected
2026-07-27T00:54:54.122+05:30  INFO 3640 --- [notification-service] [ntainer#1-0-C-1] org.apache.kafka.clients.NetworkClient   : [Consumer clientId=consumer-notification-service-group-2, groupId=notification-service-group] Node -1 disconnected.
2026-07-27T00:54:54.122+05:30  WARN 3640 --- [notification-service] [ntainer#1-0-C-1] org.apache.kafka.clients.NetworkClient   : [Consumer clientId=consumer-notification-service-group-2, groupId=notification-service-group] Connection to node -1 (localhost/127.0.0.1:9092) could not be established. Node may not be available.
2026-07-27T00:54:54.122+05:30  WARN 3640 --- [notification-service] [ntainer#1-0-C-1] org.apache.kafka.clients.NetworkClient   : [Consumer clientId=consumer-notification-service-group-2, groupId=notification-service-group] Bootstrap broker localhost:9092 (id: -1 rack: null) disconnected
2026-07-27T00:54:54.694+05:30  INFO 3640 --- [notification-service] [ntainer#0-0-C-1] org.apache.kafka.clients.NetworkClient   : [Consumer clientId=consumer-notification-service-group-1, groupId=notification-service-group] Node -1 disconnected.
2026-07-27T00:54:54.694+05:30  WARN 3640 --- [notification-service] [ntainer#0-0-C-1] org.apache.kafka.clients.NetworkClient   : [Consumer clientId=consumer-notification-service-group-1, groupId=notification-service-group] Connection to node -1 (localhost/127.0.0.1:9092) could not be established. Node may not be available.
2026-07-27T00:54:54.694+05:30  WARN 3640 --- [notification-service] [ntainer#0-0-C-1] org.apache.kafka.clients.NetworkClient   : [Consumer clientId=consumer-notification-service-group-1, groupId=notification-service-group] Bootstrap broker localhost:9092 (id: -1 rack: null) disconnected
2026-07-27T00:54:55.122+05:30  INFO 3640 --- [notification-service] [ntainer#1-0-C-1] org.apache.kafka.clients.NetworkClient   : [Consumer clientId=consumer-notification-service-group-2, groupId=notification-service-group] Node -1 disconnected.
2026-07-27T00:54:55.123+05:30  WARN 3640 --- [notification-service] [ntainer#1-0-C-1] org.apache.kafka.clients.NetworkClient   : [Consumer clientId=consumer-notification-service-group-2, groupId=notification-service-group] Connection to node -1 (localhost/127.0.0.1:9092) could not be established. Node may not be available.
2026-07-27T00:54:55.123+05:30  WARN 3640 --- [notification-service] [ntainer#1-0-C-1] org.apache.kafka.clients.NetworkClient   : [Consumer clientId=consumer-notification-service-group-2, groupId=notification-service-group] Bootstrap broker localhost:9092 (id: -1 rack: null) disconnected
2026-07-27T00:54:55.697+05:30  INFO 3640 --- [notification-service] [ntainer#0-0-C-1] org.apache.kafka.clients.NetworkClient   : [Consumer clientId=consumer-notification-service-group-1, groupId=notification-service-group] Node -1 disconnected.
2026-07-27T00:54:55.697+05:30  WARN 3640 --- [notification-service] [ntainer#0-0-C-1] org.apache.kafka.clients.NetworkClient   : [Consumer clientId=consumer-notification-service-group-1, groupId=notification-service-group] Connection to node -1 (localhost/127.0.0.1:9092) could not be established. Node may not be available.
2026-07-27T00:54:55.697+05:30  WARN 3640 --- [notification-service] [ntainer#0-0-C-1] org.apache.kafka.clients.NetworkClient   : [Consumer clientId=consumer-notification-service-group-1, groupId=notification-service-group] Bootstrap broker localhost:9092 (id: -1 rack: null) disconnected
2026-07-27T00:54:56.160+05:30  INFO 3640 --- [notification-service] [ntainer#1-0-C-1] org.apache.kafka.clients.NetworkClient   : [Consumer clientId=consumer-notification-service-group-2, groupId=notification-service-group] Node -1 disconnected.
2026-07-27T00:54:56.160+05:30  WARN 3640 --- [notification-service] [ntainer#1-0-C-1] org.apache.kafka.clients.NetworkClient   : [Consumer clientId=consumer-notification-service-group-2, groupId=notification-service-group] Connection to node -1 (localhost/127.0.0.1:9092) could not be established. Node may not be available.
2026-07-27T00:54:56.160+05:30  WARN 3640 --- [notification-service] [ntainer#1-0-C-1] org.apache.kafka.clients.NetworkClient   : [Consumer clientId=consumer-notification-service-group-2, groupId=notification-service-group] Bootstrap broker localhost:9092 (id: -1 rack: null) disconnected
2026-07-27T00:54:56.712+05:30  INFO 3640 --- [notification-service] [ntainer#0-0-C-1] org.apache.kafka.clients.NetworkClient   : [Consumer clientId=consumer-notification-service-group-1, groupId=notification-service-group] Node -1 disconnected.
2026-07-27T00:54:56.712+05:30  WARN 3640 --- [notification-service] [ntainer#0-0-C-1] org.apache.kafka.clients.NetworkClient   : [Consumer clientId=consumer-notification-service-group-1, groupId=notification-service-group] Connection to node -1 (localhost/127.0.0.1:9092) could not be established. Node may not be available.
2026-07-27T00:54:56.712+05:30  WARN 3640 --- [notification-service] [ntainer#0-0-C-1] org.apache.kafka.clients.NetworkClient   : [Consumer clientId=consumer-notification-service-group-1, groupId=notification-service-group] Bootstrap broker localhost:9092 (id: -1 rack: null) disconnected
2026-07-27T00:54:57.123+05:30  INFO 3640 --- [notification-service] [ntainer#1-0-C-1] org.apache.kafka.clients.NetworkClient   : [Consumer clientId=consumer-notification-service-group-2, groupId=notification-service-group] Node -1 disconnected.
2026-07-27T00:54:57.123+05:30  WARN 3640 --- [notification-service] [ntainer#1-0-C-1] org.apache.kafka.clients.NetworkClient   : [Consumer clientId=consumer-notification-service-group-2, groupId=notification-service-group] Connection to node -1 (localhost/127.0.0.1:9092) could not be established. Node may not be available.
2026-07-27T00:54:57.123+05:30  WARN 3640 --- [notification-service] [ntainer#1-0-C-1] org.apache.kafka.clients.NetworkClient   : [Consumer clientId=consumer-notification-service-group-2, groupId=notification-service-group] Bootstrap broker localhost:9092 (id: -1 rack: null) disconnected
2026-07-27T00:54:57.572+05:30  INFO 3640 --- [notification-service] [ntainer#0-0-C-1] org.apache.kafka.clients.NetworkClient   : [Consumer clientId=consumer-notification-service-group-1, groupId=notification-service-group] Node -1 disconnected.
2026-07-27T00:54:57.572+05:30  WARN 3640 --- [notification-service] [ntainer#0-0-C-1] org.apache.kafka.clients.NetworkClient   : [Consumer clientId=consumer-notification-service-group-1, groupId=notification-service-group] Connection to node -1 (localhost/127.0.0.1:9092) could not be established. Node may not be available.
2026-07-27T00:54:57.572+05:30  WARN 3640 --- [notification-service] [ntainer#0-0-C-1] org.apache.kafka.clients.NetworkClient   : [Consumer clientId=consumer-notification-service-group-1, groupId=notification-service-group] Bootstrap broker localhost:9092 (id: -1 rack: null) disconnected
2026-07-27T00:54:58.100+05:30  INFO 3640 --- [notification-service] [ntainer#1-0-C-1] org.apache.kafka.clients.NetworkClient   : [Consumer clientId=consumer-notification-service-group-2, groupId=notification-service-group] Node -1 disconnected.
2026-07-27T00:54:58.102+05:30  WARN 3640 --- [notification-service] [ntainer#1-0-C-1] org.apache.kafka.clients.NetworkClient   : [Consumer clientId=consumer-notification-service-group-2, groupId=notification-service-group] Connection to node -1 (localhost/127.0.0.1:9092) could not be established. Node may not be available.
2026-07-27T00:54:58.102+05:30  WARN 3640 --- [notification-service] [ntainer#1-0-C-1] org.apache.kafka.clients.NetworkClient   : [Consumer clientId=consumer-notification-service-group-2, groupId=notification-service-group] Bootstrap broker localhost:9092 (id: -1 rack: null) disconnected
2026-07-27T00:54:58.624+05:30  INFO 3640 --- [notification-service] [ntainer#0-0-C-1] org.apache.kafka.clients.NetworkClient   : [Consumer clientId=consumer-notification-service-group-1, groupId=notification-service-group] Node -1 disconnected.
2026-07-27T00:54:58.624+05:30  WARN 3640 --- [notification-service] [ntainer#0-0-C-1] org.apache.kafka.clients.NetworkClient   : [Consumer clientId=consumer-notification-service-group-1, groupId=notification-service-group] Connection to node -1 (localhost/127.0.0.1:9092) could not be established. Node may not be available.
2026-07-27T00:54:58.624+05:30  WARN 3640 --- [notification-service] [ntainer#0-0-C-1] org.apache.kafka.clients.NetworkClient   : [Consumer clientId=consumer-notification-service-group-1, groupId=notification-service-group] Bootstrap broker localhost:9092 (id: -1 rack: null) disconnected
2026-07-27T00:54:59.102+05:30  INFO 3640 --- [notification-service] [ntainer#1-0-C-1] org.apache.kafka.clients.NetworkClient   : [Consumer clientId=consumer-notification-service-group-2, groupId=notification-service-group] Node -1 disconnected.
2026-07-27T00:54:59.102+05:30  WARN 3640 --- [notification-service] [ntainer#1-0-C-1] org.apache.kafka.clients.NetworkClient   : [Consumer clientId=consumer-notification-service-group-2, groupId=notification-service-group] Connection to node -1 (localhost/127.0.0.1:9092) could not be established. Node may not be available.
2026-07-27T00:54:59.102+05:30  WARN 3640 --- [notification-service] [ntainer#1-0-C-1] org.apache.kafka.clients.NetworkClient   : [Consumer clientId=consumer-notification-service-group-2, groupId=notification-service-group] Bootstrap broker localhost:9092 (id: -1 rack: null) disconnected
2026-07-27T00:54:59.625+05:30  INFO 3640 --- [notification-service] [ntainer#0-0-C-1] org.apache.kafka.clients.NetworkClient   : [Consumer clientId=consumer-notification-service-group-1, groupId=notification-service-group] Node -1 disconnected.
2026-07-27T00:54:59.625+05:30  WARN 3640 --- [notification-service] [ntainer#0-0-C-1] org.apache.kafka.clients.NetworkClient   : [Consumer clientId=consumer-notification-service-group-1, groupId=notification-service-group] Connection to node -1 (localhost/127.0.0.1:9092) could not be established. Node may not be available.
2026-07-27T00:54:59.625+05:30  WARN 3640 --- [notification-service] [ntainer#0-0-C-1] org.apache.kafka.clients.NetworkClient   : [Consumer clientId=consumer-notification-service-group-1, groupId=notification-service-group] Bootstrap broker localhost:9092 (id: -1 rack: null) disconnected
2026-07-27T00:55:00.104+05:30  INFO 3640 --- [notification-service] [ntainer#1-0-C-1] org.apache.kafka.clients.NetworkClient   : [Consumer clientId=consumer-notification-service-group-2, groupId=notification-service-group] Node -1 disconnected.
2026-07-27T00:55:00.104+05:30  WARN 3640 --- [notification-service] [ntainer#1-0-C-1] org.apache.kafka.clients.NetworkClient   : [Consumer clientId=consumer-notification-service-group-2, groupId=notification-service-group] Connection to node -1 (localhost/127.0.0.1:9092) could not be established. Node may not be available.
2026-07-27T00:55:00.104+05:30  WARN 3640 --- [notification-service] [ntainer#1-0-C-1] org.apache.kafka.clients.NetworkClient   : [Consumer clientId=consumer-notification-service-group-2, groupId=notification-service-group] Bootstrap broker localhost:9092 (id: -1 rack: null) disconnected
2026-07-27T00:55:00.654+05:30  INFO 3640 --- [notification-service] [ntainer#0-0-C-1] org.apache.kafka.clients.NetworkClient   : [Consumer clientId=consumer-notification-service-group-1, groupId=notification-service-group] Node -1 disconnected.
2026-07-27T00:55:00.654+05:30  WARN 3640 --- [notification-service] [ntainer#0-0-C-1] org.apache.kafka.clients.NetworkClient   : [Consumer clientId=consumer-notification-service-group-1, groupId=notification-service-group] Connection to node -1 (localhost/127.0.0.1:9092) could not be established. Node may not be available.
2026-07-27T00:55:00.654+05:30  WARN 3640 --- [notification-service] [ntainer#0-0-C-1] org.apache.kafka.clients.NetworkClient   : [Consumer clientId=consumer-notification-service-group-1, groupId=notification-service-group] Bootstrap broker localhost:9092 (id: -1 rack: null) disconnected
2026-07-27T00:55:01.106+05:30  INFO 3640 --- [notification-service] [ntainer#1-0-C-1] org.apache.kafka.clients.NetworkClient   : [Consumer clientId=consumer-notification-service-group-2, groupId=notification-service-group] Node -1 disconnected.
2026-07-27T00:55:01.106+05:30  WARN 3640 --- [notification-service] [ntainer#1-0-C-1] org.apache.kafka.clients.NetworkClient   : [Consumer clientId=consumer-notification-service-group-2, groupId=notification-service-group] Connection to node -1 (localhost/127.0.0.1:9092) could not be established. Node may not be available.
2026-07-27T00:55:01.106+05:30  WARN 3640 --- [notification-service] [ntainer#1-0-C-1] org.apache.kafka.clients.NetworkClient   : [Consumer clientId=consumer-notification-service-group-2, groupId=notification-service-group] Bootstrap broker localhost:9092 (id: -1 rack: null) disconnected
2026-07-27T00:55:01.616+05:30  INFO 3640 --- [notification-service] [ntainer#0-0-C-1] org.apache.kafka.clients.NetworkClient   : [Consumer clientId=consumer-notification-service-group-1, groupId=notification-service-group] Node -1 disconnected.
2026-07-27T00:55:01.616+05:30  WARN 3640 --- [notification-service] [ntainer#0-0-C-1] org.apache.kafka.clients.NetworkClient   : [Consumer clientId=consumer-notification-service-group-1, groupId=notification-service-group] Connection to node -1 (localhost/127.0.0.1:9092) could not be established. Node may not be available.
2026-07-27T00:55:01.616+05:30  WARN 3640 --- [notification-service] [ntainer#0-0-C-1] org.apache.kafka.clients.NetworkClient   : [Consumer clientId=consumer-notification-service-group-1, groupId=notification-service-group] Bootstrap broker localhost:9092 (id: -1 rack: null) disconnected
2026-07-27T00:55:02.118+05:30  INFO 3640 --- [notification-service] [ntainer#1-0-C-1] org.apache.kafka.clients.NetworkClient   : [Consumer clientId=consumer-notification-service-group-2, groupId=notification-service-group] Node -1 disconnected.
2026-07-27T00:55:02.118+05:30  WARN 3640 --- [notification-service] [ntainer#1-0-C-1] org.apache.kafka.clients.NetworkClient   : [Consumer clientId=consumer-notification-service-group-2, groupId=notification-service-group] Connection to node -1 (localhost/127.0.0.1:9092) could not be established. Node may not be available.
2026-07-27T00:55:02.118+05:30  WARN 3640 --- [notification-service] [ntainer#1-0-C-1] org.apache.kafka.clients.NetworkClient   : [Consumer clientId=consumer-notification-service-group-2, groupId=notification-service-group] Bootstrap broker localhost:9092 (id: -1 rack: null) disconnected
2026-07-27T00:55:02.664+05:30  INFO 3640 --- [notification-service] [ntainer#0-0-C-1] org.apache.kafka.clients.NetworkClient   : [Consumer clientId=consumer-notification-service-group-1, groupId=notification-service-group] Node -1 disconnected.
2026-07-27T00:55:02.664+05:30  WARN 3640 --- [notification-service] [ntainer#0-0-C-1] org.apache.kafka.clients.NetworkClient   : [Consumer clientId=consumer-notification-service-group-1, groupId=notification-service-group] Connection to node -1 (localhost/127.0.0.1:9092) could not be established. Node may not be available.
2026-07-27T00:55:02.664+05:30  WARN 3640 --- [notification-service] [ntainer#0-0-C-1] org.apache.kafka.clients.NetworkClient   : [Consumer clientId=consumer-notification-service-group-1, groupId=notification-service-group] Bootstrap broker localhost:9092 (id: -1 rack: null) disconnected
2026-07-27T00:55:03.130+05:30  INFO 3640 --- [notification-service] [ntainer#1-0-C-1] org.apache.kafka.clients.NetworkClient   : [Consumer clientId=consumer-notification-service-group-2, groupId=notification-service-group] Node -1 disconnected.
2026-07-27T00:55:03.130+05:30  WARN 3640 --- [notification-service] [ntainer#1-0-C-1] org.apache.kafka.clients.NetworkClient   : [Consumer clientId=consumer-notification-service-group-2, groupId=notification-service-group] Connection to node -1 (localhost/127.0.0.1:9092) could not be established. Node may not be available.
2026-07-27T00:55:03.130+05:30  WARN 3640 --- [notification-service] [ntainer#1-0-C-1] org.apache.kafka.clients.NetworkClient   : [Consumer clientId=consumer-notification-service-group-2, groupId=notification-service-group] Bootstrap broker localhost:9092 (id: -1 rack: null) disconnected
2026-07-27T00:55:03.671+05:30  INFO 3640 --- [notification-service] [ntainer#0-0-C-1] org.apache.kafka.clients.NetworkClient   : [Consumer clientId=consumer-notification-service-group-1, groupId=notification-service-group] Node -1 disconnected.
2026-07-27T00:55:03.671+05:30  WARN 3640 --- [notification-service] [ntainer#0-0-C-1] org.apache.kafka.clients.NetworkClient   : [Consumer clientId=consumer-notification-service-group-1, groupId=notification-service-group] Connection to node -1 (localhost/127.0.0.1:9092) could not be established. Node may not be available.
2026-07-27T00:55:03.671+05:30  WARN 3640 --- [notification-service] [ntainer#0-0-C-1] org.apache.kafka.clients.NetworkClient   : [Consumer clientId=consumer-notification-service-group-1, groupId=notification-service-group] Bootstrap broker localhost:9092 (id: -1 rack: null) disconnected
2026-07-27T00:55:03.939+05:30  INFO 3640 --- [notification-service] [ntainer#1-0-C-1] org.apache.kafka.clients.NetworkClient   : [Consumer clientId=consumer-notification-service-group-2, groupId=notification-service-group] Node -1 disconnected.
2026-07-27T00:55:03.939+05:30  WARN 3640 --- [notification-service] [ntainer#1-0-C-1] org.apache.kafka.clients.NetworkClient   : [Consumer clientId=consumer-notification-service-group-2, groupId=notification-service-group] Connection to node -1 (localhost/127.0.0.1:9092) could not be established. Node may not be available.
2026-07-27T00:55:03.939+05:30  WARN 3640 --- [notification-service] [ntainer#1-0-C-1] org.apache.kafka.clients.NetworkClient   : [Consumer clientId=consumer-notification-service-group-2, groupId=notification-service-group] Bootstrap broker localhost:9092 (id: -1 rack: null) disconnected
2026-07-27T00:55:04.672+05:30  INFO 3640 --- [notification-service] [ntainer#0-0-C-1] org.apache.kafka.clients.NetworkClient   : [Consumer clientId=consumer-notification-service-group-1, groupId=notification-service-group] Node -1 disconnected.
2026-07-27T00:55:04.672+05:30  WARN 3640 --- [notification-service] [ntainer#0-0-C-1] org.apache.kafka.clients.NetworkClient   : [Consumer clientId=consumer-notification-service-group-1, groupId=notification-service-group] Connection to node -1 (localhost/127.0.0.1:9092) could not be established. Node may not be available.
2026-07-27T00:55:04.672+05:30  WARN 3640 --- [notification-service] [ntainer#0-0-C-1] org.apache.kafka.clients.NetworkClient   : [Consumer clientId=consumer-notification-service-group-1, groupId=notification-service-group] Bootstrap broker localhost:9092 (id: -1 rack: null) disconnected
2026-07-27T00:55:04.787+05:30  INFO 3640 --- [notification-service] [ntainer#1-0-C-1] org.apache.kafka.clients.NetworkClient   : [Consumer clientId=consumer-notification-service-group-2, groupId=notification-service-group] Node -1 disconnected.
2026-07-27T00:55:04.787+05:30  WARN 3640 --- [notification-service] [ntainer#1-0-C-1] org.apache.kafka.clients.NetworkClient   : [Consumer clientId=consumer-notification-service-group-2, groupId=notification-service-group] Connection to node -1 (localhost/127.0.0.1:9092) could not be established. Node may not be available.
2026-07-27T00:55:04.787+05:30  WARN 3640 --- [notification-service] [ntainer#1-0-C-1] org.apache.kafka.clients.NetworkClient   : [Consumer clientId=consumer-notification-service-group-2, groupId=notification-service-group] Bootstrap broker localhost:9092 (id: -1 rack: null) disconnected
2026-07-27T00:55:05.517+05:30  INFO 3640 --- [notification-service] [ntainer#0-0-C-1] org.apache.kafka.clients.NetworkClient   : [Consumer clientId=consumer-notification-service-group-1, groupId=notification-service-group] Node -1 disconnected.
2026-07-27T00:55:05.517+05:30  WARN 3640 --- [notification-service] [ntainer#0-0-C-1] org.apache.kafka.clients.NetworkClient   : [Consumer clientId=consumer-notification-service-group-1, groupId=notification-service-group] Connection to node -1 (localhost/127.0.0.1:9092) could not be established. Node may not be available.
2026-07-27T00:55:05.517+05:30  WARN 3640 --- [notification-service] [ntainer#0-0-C-1] org.apache.kafka.clients.NetworkClient   : [Consumer clientId=consumer-notification-service-group-1, groupId=notification-service-group] Bootstrap broker localhost:9092 (id: -1 rack: null) disconnected
2026-07-27T00:55:05.720+05:30  INFO 3640 --- [notification-service] [ntainer#1-0-C-1] org.apache.kafka.clients.NetworkClient   : [Consumer clientId=consumer-notification-service-group-2, groupId=notification-service-group] Node -1 disconnected.
2026-07-27T00:55:05.720+05:30  WARN 3640 --- [notification-service] [ntainer#1-0-C-1] org.apache.kafka.clients.NetworkClient   : [Consumer clientId=consumer-notification-service-group-2, groupId=notification-service-group] Connection to node -1 (localhost/127.0.0.1:9092) could not be established. Node may not be available.
2026-07-27T00:55:05.720+05:30  WARN 3640 --- [notification-service] [ntainer#1-0-C-1] org.apache.kafka.clients.NetworkClient   : [Consumer clientId=consumer-notification-service-group-2, groupId=notification-service-group] Bootstrap broker localhost:9092 (id: -1 rack: null) disconnected
2026-07-27T00:55:06.552+05:30  INFO 3640 --- [notification-service] [ntainer#0-0-C-1] org.apache.kafka.clients.NetworkClient   : [Consumer clientId=consumer-notification-service-group-1, groupId=notification-service-group] Node -1 disconnected.
2026-07-27T00:55:06.552+05:30  WARN 3640 --- [notification-service] [ntainer#0-0-C-1] org.apache.kafka.clients.NetworkClient   : [Consumer clientId=consumer-notification-service-group-1, groupId=notification-service-group] Connection to node -1 (localhost/127.0.0.1:9092) could not be established. Node may not be available.
2026-07-27T00:55:06.552+05:30  WARN 3640 --- [notification-service] [ntainer#0-0-C-1] org.apache.kafka.clients.NetworkClient   : [Consumer clientId=consumer-notification-service-group-1, groupId=notification-service-group] Bootstrap broker localhost:9092 (id: -1 rack: null) disconnected
2026-07-27T00:55:06.735+05:30  INFO 3640 --- [notification-service] [ntainer#1-0-C-1] org.apache.kafka.clients.NetworkClient   : [Consumer clientId=consumer-notification-service-group-2, groupId=notification-service-group] Node -1 disconnected.
2026-07-27T00:55:06.735+05:30  WARN 3640 --- [notification-service] [ntainer#1-0-C-1] org.apache.kafka.clients.NetworkClient   : [Consumer clientId=consumer-notification-service-group-2, groupId=notification-service-group] Connection to node -1 (localhost/127.0.0.1:9092) could not be established. Node may not be available.
2026-07-27T00:55:06.735+05:30  WARN 3640 --- [notification-service] [ntainer#1-0-C-1] org.apache.kafka.clients.NetworkClient   : [Consumer clientId=consumer-notification-service-group-2, groupId=notification-service-group] Bootstrap broker localhost:9092 (id: -1 rack: null) disconnected
2026-07-27T00:55:07.534+05:30  INFO 3640 --- [notification-service] [ntainer#0-0-C-1] org.apache.kafka.clients.NetworkClient   : [Consumer clientId=consumer-notification-service-group-1, groupId=notification-service-group] Node -1 disconnected.
2026-07-27T00:55:07.534+05:30  WARN 3640 --- [notification-service] [ntainer#0-0-C-1] org.apache.kafka.clients.NetworkClient   : [Consumer clientId=consumer-notification-service-group-1, groupId=notification-service-group] Connection to node -1 (localhost/127.0.0.1:9092) could not be established. Node may not be available.
2026-07-27T00:55:07.534+05:30  WARN 3640 --- [notification-service] [ntainer#0-0-C-1] org.apache.kafka.clients.NetworkClient   : [Consumer clientId=consumer-notification-service-group-1, groupId=notification-service-group] Bootstrap broker localhost:9092 (id: -1 rack: null) disconnected
2026-07-27T00:55:07.646+05:30  INFO 3640 --- [notification-service] [ntainer#1-0-C-1] org.apache.kafka.clients.NetworkClient   : [Consumer clientId=consumer-notification-service-group-2, groupId=notification-service-group] Node -1 disconnected.
2026-07-27T00:55:07.646+05:30  WARN 3640 --- [notification-service] [ntainer#1-0-C-1] org.apache.kafka.clients.NetworkClient   : [Consumer clientId=consumer-notification-service-group-2, groupId=notification-service-group] Connection to node -1 (localhost/127.0.0.1:9092) could not be established. Node may not be available.
2026-07-27T00:55:07.646+05:30  WARN 3640 --- [notification-service] [ntainer#1-0-C-1] org.apache.kafka.clients.NetworkClient   : [Consumer clientId=consumer-notification-service-group-2, groupId=notification-service-group] Bootstrap broker localhost:9092 (id: -1 rack: null) disconnected
2026-07-27T00:55:08.504+05:30  INFO 3640 --- [notification-service] [ntainer#1-0-C-1] org.apache.kafka.clients.NetworkClient   : [Consumer clientId=consumer-notification-service-group-2, groupId=notification-service-group] Node -1 disconnected.
2026-07-27T00:55:08.504+05:30  WARN 3640 --- [notification-service] [ntainer#1-0-C-1] org.apache.kafka.clients.NetworkClient   : [Consumer clientId=consumer-notification-service-group-2, groupId=notification-service-group] Connection to node -1 (localhost/127.0.0.1:9092) could not be established. Node may not be available.
2026-07-27T00:55:08.504+05:30  WARN 3640 --- [notification-service] [ntainer#1-0-C-1] org.apache.kafka.clients.NetworkClient   : [Consumer clientId=consumer-notification-service-group-2, groupId=notification-service-group] Bootstrap broker localhost:9092 (id: -1 rack: null) disconnected
2026-07-27T00:55:08.548+05:30  INFO 3640 --- [notification-service] [ntainer#0-0-C-1] org.apache.kafka.clients.NetworkClient   : [Consumer clientId=consumer-notification-service-group-1, groupId=notification-service-group] Node -1 disconnected.
2026-07-27T00:55:08.548+05:30  WARN 3640 --- [notification-service] [ntainer#0-0-C-1] org.apache.kafka.clients.NetworkClient   : [Consumer clientId=consumer-notification-service-group-1, groupId=notification-service-group] Connection to node -1 (localhost/127.0.0.1:9092) could not be established. Node may not be available.
2026-07-27T00:55:08.548+05:30  WARN 3640 --- [notification-service] [ntainer#0-0-C-1] org.apache.kafka.clients.NetworkClient   : [Consumer clientId=consumer-notification-service-group-1, groupId=notification-service-group] Bootstrap broker localhost:9092 (id: -1 rack: null) disconnected
2026-07-27T00:55:09.497+05:30  INFO 3640 --- [notification-service] [ntainer#1-0-C-1] org.apache.kafka.clients.NetworkClient   : [Consumer clientId=consumer-notification-service-group-2, groupId=notification-service-group] Node -1 disconnected.
2026-07-27T00:55:09.497+05:30  WARN 3640 --- [notification-service] [ntainer#1-0-C-1] org.apache.kafka.clients.NetworkClient   : [Consumer clientId=consumer-notification-service-group-2, groupId=notification-service-group] Connection to node -1 (localhost/127.0.0.1:9092) could not be established. Node may not be available.
2026-07-27T00:55:09.497+05:30  WARN 3640 --- [notification-service] [ntainer#1-0-C-1] org.apache.kafka.clients.NetworkClient   : [Consumer clientId=consumer-notification-service-group-2, groupId=notification-service-group] Bootstrap broker localhost:9092 (id: -1 rack: null) disconnected
2026-07-27T00:55:09.549+05:30  INFO 3640 --- [notification-service] [ntainer#0-0-C-1] org.apache.kafka.clients.NetworkClient   : [Consumer clientId=consumer-notification-service-group-1, groupId=notification-service-group] Node -1 disconnected.
2026-07-27T00:55:09.549+05:30  WARN 3640 --- [notification-service] [ntainer#0-0-C-1] org.apache.kafka.clients.NetworkClient   : [Consumer clientId=consumer-notification-service-group-1, groupId=notification-service-group] Connection to node -1 (localhost/127.0.0.1:9092) could not be established. Node may not be available.
2026-07-27T00:55:09.549+05:30  WARN 3640 --- [notification-service] [ntainer#0-0-C-1] org.apache.kafka.clients.NetworkClient   : [Consumer clientId=consumer-notification-service-group-1, groupId=notification-service-group] Bootstrap broker localhost:9092 (id: -1 rack: null) disconnected
2026-07-27T00:55:10.537+05:30  INFO 3640 --- [notification-service] [ntainer#1-0-C-1] org.apache.kafka.clients.NetworkClient   : [Consumer clientId=consumer-notification-service-group-2, groupId=notification-service-group] Node -1 disconnected.
2026-07-27T00:55:10.537+05:30  WARN 3640 --- [notification-service] [ntainer#1-0-C-1] org.apache.kafka.clients.NetworkClient   : [Consumer clientId=consumer-notification-service-group-2, groupId=notification-service-group] Connection to node -1 (localhost/127.0.0.1:9092) could not be established. Node may not be available.
2026-07-27T00:55:10.537+05:30  WARN 3640 --- [notification-service] [ntainer#1-0-C-1] org.apache.kafka.clients.NetworkClient   : [Consumer clientId=consumer-notification-service-group-2, groupId=notification-service-group] Bootstrap broker localhost:9092 (id: -1 rack: null) disconnected
2026-07-27T00:55:10.551+05:30  INFO 3640 --- [notification-service] [ntainer#0-0-C-1] org.apache.kafka.clients.NetworkClient   : [Consumer clientId=consumer-notification-service-group-1, groupId=notification-service-group] Node -1 disconnected.
2026-07-27T00:55:10.551+05:30  WARN 3640 --- [notification-service] [ntainer#0-0-C-1] org.apache.kafka.clients.NetworkClient   : [Consumer clientId=consumer-notification-service-group-1, groupId=notification-service-group] Connection to node -1 (localhost/127.0.0.1:9092) could not be established. Node may not be available.
2026-07-27T00:55:10.551+05:30  WARN 3640 --- [notification-service] [ntainer#0-0-C-1] org.apache.kafka.clients.NetworkClient   : [Consumer clientId=consumer-notification-service-group-1, groupId=notification-service-group] Bootstrap broker localhost:9092 (id: -1 rack: null) disconnected
2026-07-27T00:55:11.534+05:30  INFO 3640 --- [notification-service] [ntainer#1-0-C-1] org.apache.kafka.clients.NetworkClient   : [Consumer clientId=consumer-notification-service-group-2, groupId=notification-service-group] Node -1 disconnected.
2026-07-27T00:55:11.535+05:30  WARN 3640 --- [notification-service] [ntainer#1-0-C-1] org.apache.kafka.clients.NetworkClient   : [Consumer clientId=consumer-notification-service-group-2, groupId=notification-service-group] Connection to node -1 (localhost/127.0.0.1:9092) could not be established. Node may not be available.
2026-07-27T00:55:11.535+05:30  WARN 3640 --- [notification-service] [ntainer#1-0-C-1] org.apache.kafka.clients.NetworkClient   : [Consumer clientId=consumer-notification-service-group-2, groupId=notification-service-group] Bootstrap broker localhost:9092 (id: -1 rack: null) disconnected
2026-07-27T00:55:11.561+05:30  INFO 3640 --- [notification-service] [ntainer#0-0-C-1] org.apache.kafka.clients.NetworkClient   : [Consumer clientId=consumer-notification-service-group-1, groupId=notification-service-group] Node -1 disconnected.
2026-07-27T00:55:11.561+05:30  WARN 3640 --- [notification-service] [ntainer#0-0-C-1] org.apache.kafka.clients.NetworkClient   : [Consumer clientId=consumer-notification-service-group-1, groupId=notification-service-group] Connection to node -1 (localhost/127.0.0.1:9092) could not be established. Node may not be available.
2026-07-27T00:55:11.561+05:30  WARN 3640 --- [notification-service] [ntainer#0-0-C-1] org.apache.kafka.clients.NetworkClient   : [Consumer clientId=consumer-notification-service-group-1, groupId=notification-service-group] Bootstrap broker localhost:9092 (id: -1 rack: null) disconnected
2026-07-27T00:55:12.545+05:30  INFO 3640 --- [notification-service] [ntainer#1-0-C-1] org.apache.kafka.clients.NetworkClient   : [Consumer clientId=consumer-notification-service-group-2, groupId=notification-service-group] Node -1 disconnected.
2026-07-27T00:55:12.546+05:30  WARN 3640 --- [notification-service] [ntainer#1-0-C-1] org.apache.kafka.clients.NetworkClient   : [Consumer clientId=consumer-notification-service-group-2, groupId=notification-service-group] Connection to node -1 (localhost/127.0.0.1:9092) could not be established. Node may not be available.
2026-07-27T00:55:12.546+05:30  WARN 3640 --- [notification-service] [ntainer#1-0-C-1] org.apache.kafka.clients.NetworkClient   : [Consumer clientId=consumer-notification-service-group-2, groupId=notification-service-group] Bootstrap broker localhost:9092 (id: -1 rack: null) disconnected
2026-07-27T00:55:12.576+05:30  INFO 3640 --- [notification-service] [ntainer#0-0-C-1] org.apache.kafka.clients.NetworkClient   : [Consumer clientId=consumer-notification-service-group-1, groupId=notification-service-group] Node -1 disconnected.
2026-07-27T00:55:12.576+05:30  WARN 3640 --- [notification-service] [ntainer#0-0-C-1] org.apache.kafka.clients.NetworkClient   : [Consumer clientId=consumer-notification-service-group-1, groupId=notification-service-group] Connection to node -1 (localhost/127.0.0.1:9092) could not be established. Node may not be available.
2026-07-27T00:55:12.576+05:30  WARN 3640 --- [notification-service] [ntainer#0-0-C-1] org.apache.kafka.clients.NetworkClient   : [Consumer clientId=consumer-notification-service-group-1, groupId=notification-service-group] Bootstrap broker localhost:9092 (id: -1 rack: null) disconnected
2026-07-27T00:55:13.439+05:30  INFO 3640 --- [notification-service] [ntainer#0-0-C-1] org.apache.kafka.clients.NetworkClient   : [Consumer clientId=consumer-notification-service-group-1, groupId=notification-service-group] Node -1 disconnected.
2026-07-27T00:55:13.439+05:30  WARN 3640 --- [notification-service] [ntainer#0-0-C-1] org.apache.kafka.clients.NetworkClient   : [Consumer clientId=consumer-notification-service-group-1, groupId=notification-service-group] Connection to node -1 (localhost/127.0.0.1:9092) could not be established. Node may not be available.
2026-07-27T00:55:13.439+05:30  WARN 3640 --- [notification-service] [ntainer#0-0-C-1] org.apache.kafka.clients.NetworkClient   : [Consumer clientId=consumer-notification-service-group-1, groupId=notification-service-group] Bootstrap broker localhost:9092 (id: -1 rack: null) disconnected
2026-07-27T00:55:13.548+05:30  INFO 3640 --- [notification-service] [ntainer#1-0-C-1] org.apache.kafka.clients.NetworkClient   : [Consumer clientId=consumer-notification-service-group-2, groupId=notification-service-group] Node -1 disconnected.
2026-07-27T00:55:13.548+05:30  WARN 3640 --- [notification-service] [ntainer#1-0-C-1] org.apache.kafka.clients.NetworkClient   : [Consumer clientId=consumer-notification-service-group-2, groupId=notification-service-group] Connection to node -1 (localhost/127.0.0.1:9092) could not be established. Node may not be available.
2026-07-27T00:55:13.548+05:30  WARN 3640 --- [notification-service] [ntainer#1-0-C-1] org.apache.kafka.clients.NetworkClient   : [Consumer clientId=consumer-notification-service-group-2, groupId=notification-service-group] Bootstrap broker localhost:9092 (id: -1 rack: null) disconnected
2026-07-27T00:55:14.452+05:30  INFO 3640 --- [notification-service] [ntainer#0-0-C-1] org.apache.kafka.clients.NetworkClient   : [Consumer clientId=consumer-notification-service-group-1, groupId=notification-service-group] Node -1 disconnected.
2026-07-27T00:55:14.452+05:30  WARN 3640 --- [notification-service] [ntainer#0-0-C-1] org.apache.kafka.clients.NetworkClient   : [Consumer clientId=consumer-notification-service-group-1, groupId=notification-service-group] Connection to node -1 (localhost/127.0.0.1:9092) could not be established. Node may not be available.
2026-07-27T00:55:14.452+05:30  WARN 3640 --- [notification-service] [ntainer#0-0-C-1] org.apache.kafka.clients.NetworkClient   : [Consumer clientId=consumer-notification-service-group-1, groupId=notification-service-group] Bootstrap broker localhost:9092 (id: -1 rack: null) disconnected
2026-07-27T00:55:14.531+05:30  INFO 3640 --- [notification-service] [ntainer#1-0-C-1] org.apache.kafka.clients.NetworkClient   : [Consumer clientId=consumer-notification-service-group-2, groupId=notification-service-group] Node -1 disconnected.
2026-07-27T00:55:14.531+05:30  WARN 3640 --- [notification-service] [ntainer#1-0-C-1] org.apache.kafka.clients.NetworkClient   : [Consumer clientId=consumer-notification-service-group-2, groupId=notification-service-group] Connection to node -1 (localhost/127.0.0.1:9092) could not be established. Node may not be available.
2026-07-27T00:55:14.531+05:30  WARN 3640 --- [notification-service] [ntainer#1-0-C-1] org.apache.kafka.clients.NetworkClient   : [Consumer clientId=consumer-notification-service-group-2, groupId=notification-service-group] Bootstrap broker localhost:9092 (id: -1 rack: null) disconnected
2026-07-27T00:55:15.337+05:30  INFO 3640 --- [notification-service] [ntainer#0-0-C-1] org.apache.kafka.clients.NetworkClient   : [Consumer clientId=consumer-notification-service-group-1, groupId=notification-service-group] Node -1 disconnected.
2026-07-27T00:55:15.337+05:30  WARN 3640 --- [notification-service] [ntainer#0-0-C-1] org.apache.kafka.clients.NetworkClient   : [Consumer clientId=consumer-notification-service-group-1, groupId=notification-service-group] Connection to node -1 (localhost/127.0.0.1:9092) could not be established. Node may not be available.
2026-07-27T00:55:15.337+05:30  WARN 3640 --- [notification-service] [ntainer#0-0-C-1] org.apache.kafka.clients.NetworkClient   : [Consumer clientId=consumer-notification-service-group-1, groupId=notification-service-group] Bootstrap broker localhost:9092 (id: -1 rack: null) disconnected
2026-07-27T00:55:15.414+05:30  INFO 3640 --- [notification-service] [ntainer#1-0-C-1] org.apache.kafka.clients.NetworkClient   : [Consumer clientId=consumer-notification-service-group-2, groupId=notification-service-group] Node -1 disconnected.
2026-07-27T00:55:15.414+05:30  WARN 3640 --- [notification-service] [ntainer#1-0-C-1] org.apache.kafka.clients.NetworkClient   : [Consumer clientId=consumer-notification-service-group-2, groupId=notification-service-group] Connection to node -1 (localhost/127.0.0.1:9092) could not be established. Node may not be available.
2026-07-27T00:55:15.414+05:30  WARN 3640 --- [notification-service] [ntainer#1-0-C-1] org.apache.kafka.clients.NetworkClient   : [Consumer clientId=consumer-notification-service-group-2, groupId=notification-service-group] Bootstrap broker localhost:9092 (id: -1 rack: null) disconnected
2026-07-27T00:55:16.326+05:30  INFO 3640 --- [notification-service] [ntainer#0-0-C-1] org.apache.kafka.clients.NetworkClient   : [Consumer clientId=consumer-notification-service-group-1, groupId=notification-service-group] Node -1 disconnected.
2026-07-27T00:55:16.326+05:30  WARN 3640 --- [notification-service] [ntainer#0-0-C-1] org.apache.kafka.clients.NetworkClient   : [Consumer clientId=consumer-notification-service-group-1, groupId=notification-service-group] Connection to node -1 (localhost/127.0.0.1:9092) could not be established. Node may not be available.
2026-07-27T00:55:16.326+05:30  WARN 3640 --- [notification-service] [ntainer#0-0-C-1] org.apache.kafka.clients.NetworkClient   : [Consumer clientId=consumer-notification-service-group-1, groupId=notification-service-group] Bootstrap broker localhost:9092 (id: -1 rack: null) disconnected
2026-07-27T00:55:16.442+05:30  INFO 3640 --- [notification-service] [ntainer#1-0-C-1] org.apache.kafka.clients.NetworkClient   : [Consumer clientId=consumer-notification-service-group-2, groupId=notification-service-group] Node -1 disconnected.
2026-07-27T00:55:16.442+05:30  WARN 3640 --- [notification-service] [ntainer#1-0-C-1] org.apache.kafka.clients.NetworkClient   : [Consumer clientId=consumer-notification-service-group-2, groupId=notification-service-group] Connection to node -1 (localhost/127.0.0.1:9092) could not be established. Node may not be available.
2026-07-27T00:55:16.442+05:30  WARN 3640 --- [notification-service] [ntainer#1-0-C-1] org.apache.kafka.clients.NetworkClient   : [Consumer clientId=consumer-notification-service-group-2, groupId=notification-service-group] Bootstrap broker localhost:9092 (id: -1 rack: null) disconnected
2026-07-27T00:55:17.302+05:30  INFO 3640 --- [notification-service] [ntainer#1-0-C-1] org.apache.kafka.clients.NetworkClient   : [Consumer clientId=consumer-notification-service-group-2, groupId=notification-service-group] Node -1 disconnected.
2026-07-27T00:55:17.302+05:30  WARN 3640 --- [notification-service] [ntainer#1-0-C-1] org.apache.kafka.clients.NetworkClient   : [Consumer clientId=consumer-notification-service-group-2, groupId=notification-service-group] Connection to node -1 (localhost/127.0.0.1:9092) could not be established. Node may not be available.
2026-07-27T00:55:17.302+05:30  WARN 3640 --- [notification-service] [ntainer#1-0-C-1] org.apache.kafka.clients.NetworkClient   : [Consumer clientId=consumer-notification-service-group-2, groupId=notification-service-group] Bootstrap broker localhost:9092 (id: -1 rack: null) disconnected
2026-07-27T00:55:17.328+05:30  INFO 3640 --- [notification-service] [ntainer#0-0-C-1] org.apache.kafka.clients.NetworkClient   : [Consumer clientId=consumer-notification-service-group-1, groupId=notification-service-group] Node -1 disconnected.
2026-07-27T00:55:17.328+05:30  WARN 3640 --- [notification-service] [ntainer#0-0-C-1] org.apache.kafka.clients.NetworkClient   : [Consumer clientId=consumer-notification-service-group-1, groupId=notification-service-group] Connection to node -1 (localhost/127.0.0.1:9092) could not be established. Node may not be available.
2026-07-27T00:55:17.328+05:30  WARN 3640 --- [notification-service] [ntainer#0-0-C-1] org.apache.kafka.clients.NetworkClient   : [Consumer clientId=consumer-notification-service-group-1, groupId=notification-service-group] Bootstrap broker localhost:9092 (id: -1 rack: null) disconnected
2026-07-27T00:55:18.333+05:30  INFO 3640 --- [notification-service] [ntainer#0-0-C-1] org.apache.kafka.clients.NetworkClient   : [Consumer clientId=consumer-notification-service-group-1, groupId=notification-service-group] Node -1 disconnected.
2026-07-27T00:55:18.334+05:30  WARN 3640 --- [notification-service] [ntainer#0-0-C-1] org.apache.kafka.clients.NetworkClient   : [Consumer clientId=consumer-notification-service-group-1, groupId=notification-service-group] Connection to node -1 (localhost/127.0.0.1:9092) could not be established. Node may not be available.
2026-07-27T00:55:18.334+05:30  WARN 3640 --- [notification-service] [ntainer#0-0-C-1] org.apache.kafka.clients.NetworkClient   : [Consumer clientId=consumer-notification-service-group-1, groupId=notification-service-group] Bootstrap broker localhost:9092 (id: -1 rack: null) disconnected
2026-07-27T00:55:18.350+05:30  INFO 3640 --- [notification-service] [ntainer#1-0-C-1] org.apache.kafka.clients.NetworkClient   : [Consumer clientId=consumer-notification-service-group-2, groupId=notification-service-group] Node -1 disconnected.
2026-07-27T00:55:18.350+05:30  WARN 3640 --- [notification-service] [ntainer#1-0-C-1] org.apache.kafka.clients.NetworkClient   : [Consumer clientId=consumer-notification-service-group-2, groupId=notification-service-group] Connection to node -1 (localhost/127.0.0.1:9092) could not be established. Node may not be available.
2026-07-27T00:55:18.350+05:30  WARN 3640 --- [notification-service] [ntainer#1-0-C-1] org.apache.kafka.clients.NetworkClient   : [Consumer clientId=consumer-notification-service-group-2, groupId=notification-service-group] Bootstrap broker localhost:9092 (id: -1 rack: null) disconnected
2026-07-27T00:55:19.326+05:30  INFO 3640 --- [notification-service] [ntainer#1-0-C-1] org.apache.kafka.clients.NetworkClient   : [Consumer clientId=consumer-notification-service-group-2, groupId=notification-service-group] Node -1 disconnected.
2026-07-27T00:55:19.326+05:30  WARN 3640 --- [notification-service] [ntainer#1-0-C-1] org.apache.kafka.clients.NetworkClient   : [Consumer clientId=consumer-notification-service-group-2, groupId=notification-service-group] Connection to node -1 (localhost/127.0.0.1:9092) could not be established. Node may not be available.
2026-07-27T00:55:19.326+05:30  WARN 3640 --- [notification-service] [ntainer#1-0-C-1] org.apache.kafka.clients.NetworkClient   : [Consumer clientId=consumer-notification-service-group-2, groupId=notification-service-group] Bootstrap broker localhost:9092 (id: -1 rack: null) disconnected
2026-07-27T00:55:19.334+05:30  INFO 3640 --- [notification-service] [ntainer#0-0-C-1] org.apache.kafka.clients.NetworkClient   : [Consumer clientId=consumer-notification-service-group-1, groupId=notification-service-group] Node -1 disconnected.
2026-07-27T00:55:19.334+05:30  WARN 3640 --- [notification-service] [ntainer#0-0-C-1] org.apache.kafka.clients.NetworkClient   : [Consumer clientId=consumer-notification-service-group-1, groupId=notification-service-group] Connection to node -1 (localhost/127.0.0.1:9092) could not be established. Node may not be available.
2026-07-27T00:55:19.334+05:30  WARN 3640 --- [notification-service] [ntainer#0-0-C-1] org.apache.kafka.clients.NetworkClient   : [Consumer clientId=consumer-notification-service-group-1, groupId=notification-service-group] Bootstrap broker localhost:9092 (id: -1 rack: null) disconnected
2026-07-27T00:55:20.187+05:30  INFO 3640 --- [notification-service] [ntainer#1-0-C-1] org.apache.kafka.clients.NetworkClient   : [Consumer clientId=consumer-notification-service-group-2, groupId=notification-service-group] Node -1 disconnected.
2026-07-27T00:55:20.187+05:30  WARN 3640 --- [notification-service] [ntainer#1-0-C-1] org.apache.kafka.clients.NetworkClient   : [Consumer clientId=consumer-notification-service-group-2, groupId=notification-service-group] Connection to node -1 (localhost/127.0.0.1:9092) could not be established. Node may not be available.
2026-07-27T00:55:20.187+05:30  WARN 3640 --- [notification-service] [ntainer#1-0-C-1] org.apache.kafka.clients.NetworkClient   : [Consumer clientId=consumer-notification-service-group-2, groupId=notification-service-group] Bootstrap broker localhost:9092 (id: -1 rack: null) disconnected
2026-07-27T00:55:20.367+05:30  INFO 3640 --- [notification-service] [ntainer#0-0-C-1] org.apache.kafka.clients.NetworkClient   : [Consumer clientId=consumer-notification-service-group-1, groupId=notification-service-group] Node -1 disconnected.
2026-07-27T00:55:20.368+05:30  WARN 3640 --- [notification-service] [ntainer#0-0-C-1] org.apache.kafka.clients.NetworkClient   : [Consumer clientId=consumer-notification-service-group-1, groupId=notification-service-group] Connection to node -1 (localhost/127.0.0.1:9092) could not be established. Node may not be available.
2026-07-27T00:55:20.368+05:30  WARN 3640 --- [notification-service] [ntainer#0-0-C-1] org.apache.kafka.clients.NetworkClient   : [Consumer clientId=consumer-notification-service-group-1, groupId=notification-service-group] Bootstrap broker localhost:9092 (id: -1 rack: null) disconnected
2026-07-27T00:55:21.230+05:30  INFO 3640 --- [notification-service] [ntainer#1-0-C-1] org.apache.kafka.clients.NetworkClient   : [Consumer clientId=consumer-notification-service-group-2, groupId=notification-service-group] Node -1 disconnected.
2026-07-27T00:55:21.230+05:30  WARN 3640 --- [notification-service] [ntainer#1-0-C-1] org.apache.kafka.clients.NetworkClient   : [Consumer clientId=consumer-notification-service-group-2, groupId=notification-service-group] Connection to node -1 (localhost/127.0.0.1:9092) could not be established. Node may not be available.
2026-07-27T00:55:21.230+05:30  WARN 3640 --- [notification-service] [ntainer#1-0-C-1] org.apache.kafka.clients.NetworkClient   : [Consumer clientId=consumer-notification-service-group-2, groupId=notification-service-group] Bootstrap broker localhost:9092 (id: -1 rack: null) disconnected
2026-07-27T00:55:21.284+05:30  INFO 3640 --- [notification-service] [ntainer#0-0-C-1] org.apache.kafka.clients.NetworkClient   : [Consumer clientId=consumer-notification-service-group-1, groupId=notification-service-group] Node -1 disconnected.
2026-07-27T00:55:21.284+05:30  WARN 3640 --- [notification-service] [ntainer#0-0-C-1] org.apache.kafka.clients.NetworkClient   : [Consumer clientId=consumer-notification-service-group-1, groupId=notification-service-group] Connection to node -1 (localhost/127.0.0.1:9092) could not be established. Node may not be available.
2026-07-27T00:55:21.284+05:30  WARN 3640 --- [notification-service] [ntainer#0-0-C-1] org.apache.kafka.clients.NetworkClient   : [Consumer clientId=consumer-notification-service-group-1, groupId=notification-service-group] Bootstrap broker localhost:9092 (id: -1 rack: null) disconnected
2026-07-27T00:55:22.265+05:30  INFO 3640 --- [notification-service] [ntainer#1-0-C-1] org.apache.kafka.clients.NetworkClient   : [Consumer clientId=consumer-notification-service-group-2, groupId=notification-service-group] Node -1 disconnected.
2026-07-27T00:55:22.265+05:30  WARN 3640 --- [notification-service] [ntainer#1-0-C-1] org.apache.kafka.clients.NetworkClient   : [Consumer clientId=consumer-notification-service-group-2, groupId=notification-service-group] Connection to node -1 (localhost/127.0.0.1:9092) could not be established. Node may not be available.
2026-07-27T00:55:22.265+05:30  WARN 3640 --- [notification-service] [ntainer#1-0-C-1] org.apache.kafka.clients.NetworkClient   : [Consumer clientId=consumer-notification-service-group-2, groupId=notification-service-group] Bootstrap broker localhost:9092 (id: -1 rack: null) disconnected
2026-07-27T00:55:22.303+05:30  INFO 3640 --- [notification-service] [ntainer#0-0-C-1] org.apache.kafka.clients.NetworkClient   : [Consumer clientId=consumer-notification-service-group-1, groupId=notification-service-group] Node -1 disconnected.
2026-07-27T00:55:22.303+05:30  WARN 3640 --- [notification-service] [ntainer#0-0-C-1] org.apache.kafka.clients.NetworkClient   : [Consumer clientId=consumer-notification-service-group-1, groupId=notification-service-group] Connection to node -1 (localhost/127.0.0.1:9092) could not be established. Node may not be available.
2026-07-27T00:55:22.303+05:30  WARN 3640 --- [notification-service] [ntainer#0-0-C-1] org.apache.kafka.clients.NetworkClient   : [Consumer clientId=consumer-notification-service-group-1, groupId=notification-service-group] Bootstrap broker localhost:9092 (id: -1 rack: null) disconnected
2026-07-27T00:55:23.182+05:30  INFO 3640 --- [notification-service] [ntainer#1-0-C-1] org.apache.kafka.clients.NetworkClient   : [Consumer clientId=consumer-notification-service-group-2, groupId=notification-service-group] Node -1 disconnected.
2026-07-27T00:55:23.182+05:30  WARN 3640 --- [notification-service] [ntainer#1-0-C-1] org.apache.kafka.clients.NetworkClient   : [Consumer clientId=consumer-notification-service-group-2, groupId=notification-service-group] Connection to node -1 (localhost/127.0.0.1:9092) could not be established. Node may not be available.
2026-07-27T00:55:23.182+05:30  WARN 3640 --- [notification-service] [ntainer#1-0-C-1] org.apache.kafka.clients.NetworkClient   : [Consumer clientId=consumer-notification-service-group-2, groupId=notification-service-group] Bootstrap broker localhost:9092 (id: -1 rack: null) disconnected
2026-07-27T00:55:23.217+05:30  INFO 3640 --- [notification-service] [ntainer#0-0-C-1] org.apache.kafka.clients.NetworkClient   : [Consumer clientId=consumer-notification-service-group-1, groupId=notification-service-group] Node -1 disconnected.
2026-07-27T00:55:23.218+05:30  WARN 3640 --- [notification-service] [ntainer#0-0-C-1] org.apache.kafka.clients.NetworkClient   : [Consumer clientId=consumer-notification-service-group-1, groupId=notification-service-group] Connection to node -1 (localhost/127.0.0.1:9092) could not be established. Node may not be available.
2026-07-27T00:55:23.218+05:30  WARN 3640 --- [notification-service] [ntainer#0-0-C-1] org.apache.kafka.clients.NetworkClient   : [Consumer clientId=consumer-notification-service-group-1, groupId=notification-service-group] Bootstrap broker localhost:9092 (id: -1 rack: null) disconnected
2026-07-27T00:55:24.043+05:30  INFO 3640 --- [notification-service] [ntainer#1-0-C-1] org.apache.kafka.clients.NetworkClient   : [Consumer clientId=consumer-notification-service-group-2, groupId=notification-service-group] Node -1 disconnected.
2026-07-27T00:55:24.043+05:30  WARN 3640 --- [notification-service] [ntainer#1-0-C-1] org.apache.kafka.clients.NetworkClient   : [Consumer clientId=consumer-notification-service-group-2, groupId=notification-service-group] Connection to node -1 (localhost/127.0.0.1:9092) could not be established. Node may not be available.
2026-07-27T00:55:24.043+05:30  WARN 3640 --- [notification-service] [ntainer#1-0-C-1] org.apache.kafka.clients.NetworkClient   : [Consumer clientId=consumer-notification-service-group-2, groupId=notification-service-group] Bootstrap broker localhost:9092 (id: -1 rack: null) disconnected
2026-07-27T00:55:24.258+05:30  INFO 3640 --- [notification-service] [ntainer#0-0-C-1] org.apache.kafka.clients.NetworkClient   : [Consumer clientId=consumer-notification-service-group-1, groupId=notification-service-group] Node -1 disconnected.
2026-07-27T00:55:24.259+05:30  WARN 3640 --- [notification-service] [ntainer#0-0-C-1] org.apache.kafka.clients.NetworkClient   : [Consumer clientId=consumer-notification-service-group-1, groupId=notification-service-group] Connection to node -1 (localhost/127.0.0.1:9092) could not be established. Node may not be available.
2026-07-27T00:55:24.260+05:30  WARN 3640 --- [notification-service] [ntainer#0-0-C-1] org.apache.kafka.clients.NetworkClient   : [Consumer clientId=consumer-notification-service-group-1, groupId=notification-service-group] Bootstrap broker localhost:9092 (id: -1 rack: null) disconnected
2026-07-27T00:55:25.029+05:30  INFO 3640 --- [notification-service] [ntainer#1-0-C-1] org.apache.kafka.clients.NetworkClient   : [Consumer clientId=consumer-notification-service-group-2, groupId=notification-service-group] Node -1 disconnected.
2026-07-27T00:55:25.029+05:30  WARN 3640 --- [notification-service] [ntainer#1-0-C-1] org.apache.kafka.clients.NetworkClient   : [Consumer clientId=consumer-notification-service-group-2, groupId=notification-service-group] Connection to node -1 (localhost/127.0.0.1:9092) could not be established. Node may not be available.
2026-07-27T00:55:25.029+05:30  WARN 3640 --- [notification-service] [ntainer#1-0-C-1] org.apache.kafka.clients.NetworkClient   : [Consumer clientId=consumer-notification-service-group-2, groupId=notification-service-group] Bootstrap broker localhost:9092 (id: -1 rack: null) disconnected
2026-07-27T00:55:25.092+05:30  INFO 3640 --- [notification-service] [ntainer#0-0-C-1] org.apache.kafka.clients.NetworkClient   : [Consumer clientId=consumer-notification-service-group-1, groupId=notification-service-group] Node -1 disconnected.
2026-07-27T00:55:25.092+05:30  WARN 3640 --- [notification-service] [ntainer#0-0-C-1] org.apache.kafka.clients.NetworkClient   : [Consumer clientId=consumer-notification-service-group-1, groupId=notification-service-group] Connection to node -1 (localhost/127.0.0.1:9092) could not be established. Node may not be available.
2026-07-27T00:55:25.092+05:30  WARN 3640 --- [notification-service] [ntainer#0-0-C-1] org.apache.kafka.clients.NetworkClient   : [Consumer clientId=consumer-notification-service-group-1, groupId=notification-service-group] Bootstrap broker localhost:9092 (id: -1 rack: null) disconnected
2026-07-27T00:55:26.030+05:30  INFO 3640 --- [notification-service] [ntainer#1-0-C-1] org.apache.kafka.clients.NetworkClient   : [Consumer clientId=consumer-notification-service-group-2, groupId=notification-service-group] Node -1 disconnected.
2026-07-27T00:55:26.030+05:30  WARN 3640 --- [notification-service] [ntainer#1-0-C-1] org.apache.kafka.clients.NetworkClient   : [Consumer clientId=consumer-notification-service-group-2, groupId=notification-service-group] Connection to node -1 (localhost/127.0.0.1:9092) could not be established. Node may not be available.
2026-07-27T00:55:26.030+05:30  WARN 3640 --- [notification-service] [ntainer#1-0-C-1] org.apache.kafka.clients.NetworkClient   : [Consumer clientId=consumer-notification-service-group-2, groupId=notification-service-group] Bootstrap broker localhost:9092 (id: -1 rack: null) disconnected
2026-07-27T00:55:26.095+05:30  INFO 3640 --- [notification-service] [ntainer#0-0-C-1] org.apache.kafka.clients.NetworkClient   : [Consumer clientId=consumer-notification-service-group-1, groupId=notification-service-group] Node -1 disconnected.
2026-07-27T00:55:26.097+05:30  WARN 3640 --- [notification-service] [ntainer#0-0-C-1] org.apache.kafka.clients.NetworkClient   : [Consumer clientId=consumer-notification-service-group-1, groupId=notification-service-group] Connection to node -1 (localhost/127.0.0.1:9092) could not be established. Node may not be available.
2026-07-27T00:55:26.097+05:30  WARN 3640 --- [notification-service] [ntainer#0-0-C-1] org.apache.kafka.clients.NetworkClient   : [Consumer clientId=consumer-notification-service-group-1, groupId=notification-service-group] Bootstrap broker localhost:9092 (id: -1 rack: null) disconnected
2026-07-27T00:55:26.992+05:30  INFO 3640 --- [notification-service] [ntainer#1-0-C-1] org.apache.kafka.clients.NetworkClient   : [Consumer clientId=consumer-notification-service-group-2, groupId=notification-service-group] Node -1 disconnected.
2026-07-27T00:55:26.992+05:30  WARN 3640 --- [notification-service] [ntainer#1-0-C-1] org.apache.kafka.clients.NetworkClient   : [Consumer clientId=consumer-notification-service-group-2, groupId=notification-service-group] Connection to node -1 (localhost/127.0.0.1:9092) could not be established. Node may not be available.
2026-07-27T00:55:26.992+05:30  WARN 3640 --- [notification-service] [ntainer#1-0-C-1] org.apache.kafka.clients.NetworkClient   : [Consumer clientId=consumer-notification-service-group-2, groupId=notification-service-group] Bootstrap broker localhost:9092 (id: -1 rack: null) disconnected
2026-07-27T00:55:27.097+05:30  INFO 3640 --- [notification-service] [ntainer#0-0-C-1] org.apache.kafka.clients.NetworkClient   : [Consumer clientId=consumer-notification-service-group-1, groupId=notification-service-group] Node -1 disconnected.
2026-07-27T00:55:27.097+05:30  WARN 3640 --- [notification-service] [ntainer#0-0-C-1] org.apache.kafka.clients.NetworkClient   : [Consumer clientId=consumer-notification-service-group-1, groupId=notification-service-group] Connection to node -1 (localhost/127.0.0.1:9092) could not be established. Node may not be available.
2026-07-27T00:55:27.097+05:30  WARN 3640 --- [notification-service] [ntainer#0-0-C-1] org.apache.kafka.clients.NetworkClient   : [Consumer clientId=consumer-notification-service-group-1, groupId=notification-service-group] Bootstrap broker localhost:9092 (id: -1 rack: null) disconnected
2026-07-27T00:55:28.002+05:30  INFO 3640 --- [notification-service] [ntainer#1-0-C-1] org.apache.kafka.clients.NetworkClient   : [Consumer clientId=consumer-notification-service-group-2, groupId=notification-service-group] Node -1 disconnected.
2026-07-27T00:55:28.002+05:30  WARN 3640 --- [notification-service] [ntainer#1-0-C-1] org.apache.kafka.clients.NetworkClient   : [Consumer clientId=consumer-notification-service-group-2, groupId=notification-service-group] Connection to node -1 (localhost/127.0.0.1:9092) could not be established. Node may not be available.
2026-07-27T00:55:28.002+05:30  WARN 3640 --- [notification-service] [ntainer#1-0-C-1] org.apache.kafka.clients.NetworkClient   : [Consumer clientId=consumer-notification-service-group-2, groupId=notification-service-group] Bootstrap broker localhost:9092 (id: -1 rack: null) disconnected
2026-07-27T00:55:28.033+05:30  INFO 3640 --- [notification-service] [ntainer#0-0-C-1] org.apache.kafka.clients.NetworkClient   : [Consumer clientId=consumer-notification-service-group-1, groupId=notification-service-group] Node -1 disconnected.
2026-07-27T00:55:28.033+05:30  WARN 3640 --- [notification-service] [ntainer#0-0-C-1] org.apache.kafka.clients.NetworkClient   : [Consumer clientId=consumer-notification-service-group-1, groupId=notification-service-group] Connection to node -1 (localhost/127.0.0.1:9092) could not be established. Node may not be available.
2026-07-27T00:55:28.033+05:30  WARN 3640 --- [notification-service] [ntainer#0-0-C-1] org.apache.kafka.clients.NetworkClient   : [Consumer clientId=consumer-notification-service-group-1, groupId=notification-service-group] Bootstrap broker localhost:9092 (id: -1 rack: null) disconnected
2026-07-27T00:55:28.998+05:30  INFO 3640 --- [notification-service] [ntainer#1-0-C-1] org.apache.kafka.clients.NetworkClient   : [Consumer clientId=consumer-notification-service-group-2, groupId=notification-service-group] Node -1 disconnected.
2026-07-27T00:55:28.998+05:30  WARN 3640 --- [notification-service] [ntainer#1-0-C-1] org.apache.kafka.clients.NetworkClient   : [Consumer clientId=consumer-notification-service-group-2, groupId=notification-service-group] Connection to node -1 (localhost/127.0.0.1:9092) could not be established. Node may not be available.
2026-07-27T00:55:28.998+05:30  WARN 3640 --- [notification-service] [ntainer#1-0-C-1] org.apache.kafka.clients.NetworkClient   : [Consumer clientId=consumer-notification-service-group-2, groupId=notification-service-group] Bootstrap broker localhost:9092 (id: -1 rack: null) disconnected
2026-07-27T00:55:29.046+05:30  INFO 3640 --- [notification-service] [ntainer#0-0-C-1] org.apache.kafka.clients.NetworkClient   : [Consumer clientId=consumer-notification-service-group-1, groupId=notification-service-group] Node -1 disconnected.
2026-07-27T00:55:29.046+05:30  WARN 3640 --- [notification-service] [ntainer#0-0-C-1] org.apache.kafka.clients.NetworkClient   : [Consumer clientId=consumer-notification-service-group-1, groupId=notification-service-group] Connection to node -1 (localhost/127.0.0.1:9092) could not be established. Node may not be available.
2026-07-27T00:55:29.046+05:30  WARN 3640 --- [notification-service] [ntainer#0-0-C-1] org.apache.kafka.clients.NetworkClient   : [Consumer clientId=consumer-notification-service-group-1, groupId=notification-service-group] Bootstrap broker localhost:9092 (id: -1 rack: null) disconnected
2026-07-27T00:55:29.919+05:30  INFO 3640 --- [notification-service] [ntainer#0-0-C-1] org.apache.kafka.clients.NetworkClient   : [Consumer clientId=consumer-notification-service-group-1, groupId=notification-service-group] Node -1 disconnected.
2026-07-27T00:55:29.919+05:30  WARN 3640 --- [notification-service] [ntainer#0-0-C-1] org.apache.kafka.clients.NetworkClient   : [Consumer clientId=consumer-notification-service-group-1, groupId=notification-service-group] Connection to node -1 (localhost/127.0.0.1:9092) could not be established. Node may not be available.
2026-07-27T00:55:29.919+05:30  WARN 3640 --- [notification-service] [ntainer#0-0-C-1] org.apache.kafka.clients.NetworkClient   : [Consumer clientId=consumer-notification-service-group-1, groupId=notification-service-group] Bootstrap broker localhost:9092 (id: -1 rack: null) disconnected
2026-07-27T00:55:30.060+05:30  INFO 3640 --- [notification-service] [ntainer#1-0-C-1] org.apache.kafka.clients.NetworkClient   : [Consumer clientId=consumer-notification-service-group-2, groupId=notification-service-group] Node -1 disconnected.
2026-07-27T00:55:30.060+05:30  WARN 3640 --- [notification-service] [ntainer#1-0-C-1] org.apache.kafka.clients.NetworkClient   : [Consumer clientId=consumer-notification-service-group-2, groupId=notification-service-group] Connection to node -1 (localhost/127.0.0.1:9092) could not be established. Node may not be available.
2026-07-27T00:55:30.060+05:30  WARN 3640 --- [notification-service] [ntainer#1-0-C-1] org.apache.kafka.clients.NetworkClient   : [Consumer clientId=consumer-notification-service-group-2, groupId=notification-service-group] Bootstrap broker localhost:9092 (id: -1 rack: null) disconnected
2026-07-27T00:55:30.808+05:30  INFO 3640 --- [notification-service] [ntainer#0-0-C-1] org.apache.kafka.clients.NetworkClient   : [Consumer clientId=consumer-notification-service-group-1, groupId=notification-service-group] Node -1 disconnected.
2026-07-27T00:55:30.808+05:30  WARN 3640 --- [notification-service] [ntainer#0-0-C-1] org.apache.kafka.clients.NetworkClient   : [Consumer clientId=consumer-notification-service-group-1, groupId=notification-service-group] Connection to node -1 (localhost/127.0.0.1:9092) could not be established. Node may not be available.
2026-07-27T00:55:30.808+05:30  WARN 3640 --- [notification-service] [ntainer#0-0-C-1] org.apache.kafka.clients.NetworkClient   : [Consumer clientId=consumer-notification-service-group-1, groupId=notification-service-group] Bootstrap broker localhost:9092 (id: -1 rack: null) disconnected
2026-07-27T00:55:30.977+05:30  INFO 3640 --- [notification-service] [ntainer#1-0-C-1] org.apache.kafka.clients.NetworkClient   : [Consumer clientId=consumer-notification-service-group-2, groupId=notification-service-group] Node -1 disconnected.
2026-07-27T00:55:30.977+05:30  WARN 3640 --- [notification-service] [ntainer#1-0-C-1] org.apache.kafka.clients.NetworkClient   : [Consumer clientId=consumer-notification-service-group-2, groupId=notification-service-group] Connection to node -1 (localhost/127.0.0.1:9092) could not be established. Node may not be available.
2026-07-27T00:55:30.977+05:30  WARN 3640 --- [notification-service] [ntainer#1-0-C-1] org.apache.kafka.clients.NetworkClient   : [Consumer clientId=consumer-notification-service-group-2, groupId=notification-service-group] Bootstrap broker localhost:9092 (id: -1 rack: null) disconnected
2026-07-27T00:55:31.740+05:30  INFO 3640 --- [notification-service] [ntainer#0-0-C-1] org.apache.kafka.clients.NetworkClient   : [Consumer clientId=consumer-notification-service-group-1, groupId=notification-service-group] Node -1 disconnected.
2026-07-27T00:55:31.740+05:30  WARN 3640 --- [notification-service] [ntainer#0-0-C-1] org.apache.kafka.clients.NetworkClient   : [Consumer clientId=consumer-notification-service-group-1, groupId=notification-service-group] Connection to node -1 (localhost/127.0.0.1:9092) could not be established. Node may not be available.
2026-07-27T00:55:31.740+05:30  WARN 3640 --- [notification-service] [ntainer#0-0-C-1] org.apache.kafka.clients.NetworkClient   : [Consumer clientId=consumer-notification-service-group-1, groupId=notification-service-group] Bootstrap broker localhost:9092 (id: -1 rack: null) disconnected
2026-07-27T00:55:31.882+05:30  INFO 3640 --- [notification-service] [ntainer#1-0-C-1] org.apache.kafka.clients.NetworkClient   : [Consumer clientId=consumer-notification-service-group-2, groupId=notification-service-group] Node -1 disconnected.
2026-07-27T00:55:31.882+05:30  WARN 3640 --- [notification-service] [ntainer#1-0-C-1] org.apache.kafka.clients.NetworkClient   : [Consumer clientId=consumer-notification-service-group-2, groupId=notification-service-group] Connection to node -1 (localhost/127.0.0.1:9092) could not be established. Node may not be available.
2026-07-27T00:55:31.882+05:30  WARN 3640 --- [notification-service] [ntainer#1-0-C-1] org.apache.kafka.clients.NetworkClient   : [Consumer clientId=consumer-notification-service-group-2, groupId=notification-service-group] Bootstrap broker localhost:9092 (id: -1 rack: null) disconnected
2026-07-27T00:55:32.692+05:30  INFO 3640 --- [notification-service] [ntainer#0-0-C-1] org.apache.kafka.clients.NetworkClient   : [Consumer clientId=consumer-notification-service-group-1, groupId=notification-service-group] Node -1 disconnected.
2026-07-27T00:55:32.692+05:30  WARN 3640 --- [notification-service] [ntainer#0-0-C-1] org.apache.kafka.clients.NetworkClient   : [Consumer clientId=consumer-notification-service-group-1, groupId=notification-service-group] Connection to node -1 (localhost/127.0.0.1:9092) could not be established. Node may not be available.
2026-07-27T00:55:32.692+05:30  WARN 3640 --- [notification-service] [ntainer#0-0-C-1] org.apache.kafka.clients.NetworkClient   : [Consumer clientId=consumer-notification-service-group-1, groupId=notification-service-group] Bootstrap broker localhost:9092 (id: -1 rack: null) disconnected
2026-07-27T00:55:32.911+05:30  INFO 3640 --- [notification-service] [ntainer#1-0-C-1] org.apache.kafka.clients.NetworkClient   : [Consumer clientId=consumer-notification-service-group-2, groupId=notification-service-group] Node -1 disconnected.
2026-07-27T00:55:32.911+05:30  WARN 3640 --- [notification-service] [ntainer#1-0-C-1] org.apache.kafka.clients.NetworkClient   : [Consumer clientId=consumer-notification-service-group-2, groupId=notification-service-group] Connection to node -1 (localhost/127.0.0.1:9092) could not be established. Node may not be available.
2026-07-27T00:55:32.911+05:30  WARN 3640 --- [notification-service] [ntainer#1-0-C-1] org.apache.kafka.clients.NetworkClient   : [Consumer clientId=consumer-notification-service-group-2, groupId=notification-service-group] Bootstrap broker localhost:9092 (id: -1 rack: null) disconnected
2026-07-27T00:55:33.722+05:30  INFO 3640 --- [notification-service] [ntainer#0-0-C-1] org.apache.kafka.clients.NetworkClient   : [Consumer clientId=consumer-notification-service-group-1, groupId=notification-service-group] Node -1 disconnected.
2026-07-27T00:55:33.722+05:30  WARN 3640 --- [notification-service] [ntainer#0-0-C-1] org.apache.kafka.clients.NetworkClient   : [Consumer clientId=consumer-notification-service-group-1, groupId=notification-service-group] Connection to node -1 (localhost/127.0.0.1:9092) could not be established. Node may not be available.
2026-07-27T00:55:33.722+05:30  WARN 3640 --- [notification-service] [ntainer#0-0-C-1] org.apache.kafka.clients.NetworkClient   : [Consumer clientId=consumer-notification-service-group-1, groupId=notification-service-group] Bootstrap broker localhost:9092 (id: -1 rack: null) disconnected
2026-07-27T00:55:33.923+05:30  INFO 3640 --- [notification-service] [ntainer#1-0-C-1] org.apache.kafka.clients.NetworkClient   : [Consumer clientId=consumer-notification-service-group-2, groupId=notification-service-group] Node -1 disconnected.
2026-07-27T00:55:33.923+05:30  WARN 3640 --- [notification-service] [ntainer#1-0-C-1] org.apache.kafka.clients.NetworkClient   : [Consumer clientId=consumer-notification-service-group-2, groupId=notification-service-group] Connection to node -1 (localhost/127.0.0.1:9092) could not be established. Node may not be available.
2026-07-27T00:55:33.923+05:30  WARN 3640 --- [notification-service] [ntainer#1-0-C-1] org.apache.kafka.clients.NetworkClient   : [Consumer clientId=consumer-notification-service-group-2, groupId=notification-service-group] Bootstrap broker localhost:9092 (id: -1 rack: null) disconnected
2026-07-27T00:55:34.731+05:30  INFO 3640 --- [notification-service] [ntainer#0-0-C-1] org.apache.kafka.clients.NetworkClient   : [Consumer clientId=consumer-notification-service-group-1, groupId=notification-service-group] Node -1 disconnected.
2026-07-27T00:55:34.731+05:30  WARN 3640 --- [notification-service] [ntainer#0-0-C-1] org.apache.kafka.clients.NetworkClient   : [Consumer clientId=consumer-notification-service-group-1, groupId=notification-service-group] Connection to node -1 (localhost/127.0.0.1:9092) could not be established. Node may not be available.
2026-07-27T00:55:34.731+05:30  WARN 3640 --- [notification-service] [ntainer#0-0-C-1] org.apache.kafka.clients.NetworkClient   : [Consumer clientId=consumer-notification-service-group-1, groupId=notification-service-group] Bootstrap broker localhost:9092 (id: -1 rack: null) disconnected
2026-07-27T00:55:34.840+05:30  INFO 3640 --- [notification-service] [ntainer#1-0-C-1] org.apache.kafka.clients.NetworkClient   : [Consumer clientId=consumer-notification-service-group-2, groupId=notification-service-group] Node -1 disconnected.
2026-07-27T00:55:34.840+05:30  WARN 3640 --- [notification-service] [ntainer#1-0-C-1] org.apache.kafka.clients.NetworkClient   : [Consumer clientId=consumer-notification-service-group-2, groupId=notification-service-group] Connection to node -1 (localhost/127.0.0.1:9092) could not be established. Node may not be available.
2026-07-27T00:55:34.840+05:30  WARN 3640 --- [notification-service] [ntainer#1-0-C-1] org.apache.kafka.clients.NetworkClient   : [Consumer clientId=consumer-notification-service-group-2, groupId=notification-service-group] Bootstrap broker localhost:9092 (id: -1 rack: null) disconnected
2026-07-27T00:55:35.686+05:30  INFO 3640 --- [notification-service] [ntainer#0-0-C-1] org.apache.kafka.clients.NetworkClient   : [Consumer clientId=consumer-notification-service-group-1, groupId=notification-service-group] Node -1 disconnected.
2026-07-27T00:55:35.686+05:30  WARN 3640 --- [notification-service] [ntainer#0-0-C-1] org.apache.kafka.clients.NetworkClient   : [Consumer clientId=consumer-notification-service-group-1, groupId=notification-service-group] Connection to node -1 (localhost/127.0.0.1:9092) could not be established. Node may not be available.
2026-07-27T00:55:35.686+05:30  WARN 3640 --- [notification-service] [ntainer#0-0-C-1] org.apache.kafka.clients.NetworkClient   : [Consumer clientId=consumer-notification-service-group-1, groupId=notification-service-group] Bootstrap broker localhost:9092 (id: -1 rack: null) disconnected
2026-07-27T00:55:35.797+05:30  INFO 3640 --- [notification-service] [ntainer#1-0-C-1] org.apache.kafka.clients.NetworkClient   : [Consumer clientId=consumer-notification-service-group-2, groupId=notification-service-group] Node -1 disconnected.
2026-07-27T00:55:35.797+05:30  WARN 3640 --- [notification-service] [ntainer#1-0-C-1] org.apache.kafka.clients.NetworkClient   : [Consumer clientId=consumer-notification-service-group-2, groupId=notification-service-group] Connection to node -1 (localhost/127.0.0.1:9092) could not be established. Node may not be available.
2026-07-27T00:55:35.797+05:30  WARN 3640 --- [notification-service] [ntainer#1-0-C-1] org.apache.kafka.clients.NetworkClient   : [Consumer clientId=consumer-notification-service-group-2, groupId=notification-service-group] Bootstrap broker localhost:9092 (id: -1 rack: null) disconnected
2026-07-27T00:55:36.576+05:30  INFO 3640 --- [notification-service] [ntainer#0-0-C-1] org.apache.kafka.clients.NetworkClient   : [Consumer clientId=consumer-notification-service-group-1, groupId=notification-service-group] Node -1 disconnected.
2026-07-27T00:55:36.576+05:30  WARN 3640 --- [notification-service] [ntainer#0-0-C-1] org.apache.kafka.clients.NetworkClient   : [Consumer clientId=consumer-notification-service-group-1, groupId=notification-service-group] Connection to node -1 (localhost/127.0.0.1:9092) could not be established. Node may not be available.
2026-07-27T00:55:36.576+05:30  WARN 3640 --- [notification-service] [ntainer#0-0-C-1] org.apache.kafka.clients.NetworkClient   : [Consumer clientId=consumer-notification-service-group-1, groupId=notification-service-group] Bootstrap broker localhost:9092 (id: -1 rack: null) disconnected
2026-07-27T00:55:36.718+05:30  INFO 3640 --- [notification-service] [ntainer#1-0-C-1] org.apache.kafka.clients.NetworkClient   : [Consumer clientId=consumer-notification-service-group-2, groupId=notification-service-group] Node -1 disconnected.
2026-07-27T00:55:36.718+05:30  WARN 3640 --- [notification-service] [ntainer#1-0-C-1] org.apache.kafka.clients.NetworkClient   : [Consumer clientId=consumer-notification-service-group-2, groupId=notification-service-group] Connection to node -1 (localhost/127.0.0.1:9092) could not be established. Node may not be available.
2026-07-27T00:55:36.718+05:30  WARN 3640 --- [notification-service] [ntainer#1-0-C-1] org.apache.kafka.clients.NetworkClient   : [Consumer clientId=consumer-notification-service-group-2, groupId=notification-service-group] Bootstrap broker localhost:9092 (id: -1 rack: null) disconnected
2026-07-27T00:55:37.391+05:30  INFO 3640 --- [notification-service] [ntainer#0-0-C-1] org.apache.kafka.clients.NetworkClient   : [Consumer clientId=consumer-notification-service-group-1, groupId=notification-service-group] Node -1 disconnected.
2026-07-27T00:55:37.391+05:30  WARN 3640 --- [notification-service] [ntainer#0-0-C-1] org.apache.kafka.clients.NetworkClient   : [Consumer clientId=consumer-notification-service-group-1, groupId=notification-service-group] Connection to node -1 (localhost/127.0.0.1:9092) could not be established. Node may not be available.
2026-07-27T00:55:37.391+05:30  WARN 3640 --- [notification-service] [ntainer#0-0-C-1] org.apache.kafka.clients.NetworkClient   : [Consumer clientId=consumer-notification-service-group-1, groupId=notification-service-group] Bootstrap broker localhost:9092 (id: -1 rack: null) disconnected
2026-07-27T00:55:37.718+05:30  INFO 3640 --- [notification-service] [ntainer#1-0-C-1] org.apache.kafka.clients.NetworkClient   : [Consumer clientId=consumer-notification-service-group-2, groupId=notification-service-group] Node -1 disconnected.
2026-07-27T00:55:37.718+05:30  WARN 3640 --- [notification-service] [ntainer#1-0-C-1] org.apache.kafka.clients.NetworkClient   : [Consumer clientId=consumer-notification-service-group-2, groupId=notification-service-group] Connection to node -1 (localhost/127.0.0.1:9092) could not be established. Node may not be available.
2026-07-27T00:55:37.718+05:30  WARN 3640 --- [notification-service] [ntainer#1-0-C-1] org.apache.kafka.clients.NetworkClient   : [Consumer clientId=consumer-notification-service-group-2, groupId=notification-service-group] Bootstrap broker localhost:9092 (id: -1 rack: null) disconnected
2026-07-27T00:55:38.264+05:30  INFO 3640 --- [notification-service] [ntainer#0-0-C-1] org.apache.kafka.clients.NetworkClient   : [Consumer clientId=consumer-notification-service-group-1, groupId=notification-service-group] Node -1 disconnected.
2026-07-27T00:55:38.264+05:30  WARN 3640 --- [notification-service] [ntainer#0-0-C-1] org.apache.kafka.clients.NetworkClient   : [Consumer clientId=consumer-notification-service-group-1, groupId=notification-service-group] Connection to node -1 (localhost/127.0.0.1:9092) could not be established. Node may not be available.
2026-07-27T00:55:38.264+05:30  WARN 3640 --- [notification-service] [ntainer#0-0-C-1] org.apache.kafka.clients.NetworkClient   : [Consumer clientId=consumer-notification-service-group-1, groupId=notification-service-group] Bootstrap broker localhost:9092 (id: -1 rack: null) disconnected
2026-07-27T00:55:38.777+05:30  INFO 3640 --- [notification-service] [ntainer#1-0-C-1] org.apache.kafka.clients.NetworkClient   : [Consumer clientId=consumer-notification-service-group-2, groupId=notification-service-group] Node -1 disconnected.
2026-07-27T00:55:38.777+05:30  WARN 3640 --- [notification-service] [ntainer#1-0-C-1] org.apache.kafka.clients.NetworkClient   : [Consumer clientId=consumer-notification-service-group-2, groupId=notification-service-group] Connection to node -1 (localhost/127.0.0.1:9092) could not be established. Node may not be available.
2026-07-27T00:55:38.777+05:30  WARN 3640 --- [notification-service] [ntainer#1-0-C-1] org.apache.kafka.clients.NetworkClient   : [Consumer clientId=consumer-notification-service-group-2, groupId=notification-service-group] Bootstrap broker localhost:9092 (id: -1 rack: null) disconnected
2026-07-27T00:55:39.276+05:30  INFO 3640 --- [notification-service] [ntainer#0-0-C-1] org.apache.kafka.clients.NetworkClient   : [Consumer clientId=consumer-notification-service-group-1, groupId=notification-service-group] Node -1 disconnected.
2026-07-27T00:55:39.276+05:30  WARN 3640 --- [notification-service] [ntainer#0-0-C-1] org.apache.kafka.clients.NetworkClient   : [Consumer clientId=consumer-notification-service-group-1, groupId=notification-service-group] Connection to node -1 (localhost/127.0.0.1:9092) could not be established. Node may not be available.
2026-07-27T00:55:39.276+05:30  WARN 3640 --- [notification-service] [ntainer#0-0-C-1] org.apache.kafka.clients.NetworkClient   : [Consumer clientId=consumer-notification-service-group-1, groupId=notification-service-group] Bootstrap broker localhost:9092 (id: -1 rack: null) disconnected
2026-07-27T00:55:39.790+05:30  INFO 3640 --- [notification-service] [ntainer#1-0-C-1] org.apache.kafka.clients.NetworkClient   : [Consumer clientId=consumer-notification-service-group-2, groupId=notification-service-group] Node -1 disconnected.
2026-07-27T00:55:39.792+05:30  WARN 3640 --- [notification-service] [ntainer#1-0-C-1] org.apache.kafka.clients.NetworkClient   : [Consumer clientId=consumer-notification-service-group-2, groupId=notification-service-group] Connection to node -1 (localhost/127.0.0.1:9092) could not be established. Node may not be available.
2026-07-27T00:55:39.792+05:30  WARN 3640 --- [notification-service] [ntainer#1-0-C-1] org.apache.kafka.clients.NetworkClient   : [Consumer clientId=consumer-notification-service-group-2, groupId=notification-service-group] Bootstrap broker localhost:9092 (id: -1 rack: null) disconnected
2026-07-27T00:55:40.288+05:30  INFO 3640 --- [notification-service] [ntainer#0-0-C-1] org.apache.kafka.clients.NetworkClient   : [Consumer clientId=consumer-notification-service-group-1, groupId=notification-service-group] Node -1 disconnected.
2026-07-27T00:55:40.288+05:30  WARN 3640 --- [notification-service] [ntainer#0-0-C-1] org.apache.kafka.clients.NetworkClient   : [Consumer clientId=consumer-notification-service-group-1, groupId=notification-service-group] Connection to node -1 (localhost/127.0.0.1:9092) could not be established. Node may not be available.
2026-07-27T00:55:40.288+05:30  WARN 3640 --- [notification-service] [ntainer#0-0-C-1] org.apache.kafka.clients.NetworkClient   : [Consumer clientId=consumer-notification-service-group-1, groupId=notification-service-group] Bootstrap broker localhost:9092 (id: -1 rack: null) disconnected
2026-07-27T00:55:40.663+05:30  INFO 3640 --- [notification-service] [ntainer#1-0-C-1] org.apache.kafka.clients.NetworkClient   : [Consumer clientId=consumer-notification-service-group-2, groupId=notification-service-group] Node -1 disconnected.
2026-07-27T00:55:40.663+05:30  WARN 3640 --- [notification-service] [ntainer#1-0-C-1] org.apache.kafka.clients.NetworkClient   : [Consumer clientId=consumer-notification-service-group-2, groupId=notification-service-group] Connection to node -1 (localhost/127.0.0.1:9092) could not be established. Node may not be available.
2026-07-27T00:55:40.663+05:30  WARN 3640 --- [notification-service] [ntainer#1-0-C-1] org.apache.kafka.clients.NetworkClient   : [Consumer clientId=consumer-notification-service-group-2, groupId=notification-service-group] Bootstrap broker localhost:9092 (id: -1 rack: null) disconnected
2026-07-27T00:55:41.164+05:30  INFO 3640 --- [notification-service] [ntainer#0-0-C-1] org.apache.kafka.clients.NetworkClient   : [Consumer clientId=consumer-notification-service-group-1, groupId=notification-service-group] Node -1 disconnected.
2026-07-27T00:55:41.164+05:30  WARN 3640 --- [notification-service] [ntainer#0-0-C-1] org.apache.kafka.clients.NetworkClient   : [Consumer clientId=consumer-notification-service-group-1, groupId=notification-service-group] Connection to node -1 (localhost/127.0.0.1:9092) could not be established. Node may not be available.
2026-07-27T00:55:41.164+05:30  WARN 3640 --- [notification-service] [ntainer#0-0-C-1] org.apache.kafka.clients.NetworkClient   : [Consumer clientId=consumer-notification-service-group-1, groupId=notification-service-group] Bootstrap broker localhost:9092 (id: -1 rack: null) disconnected
2026-07-27T00:55:41.665+05:30  INFO 3640 --- [notification-service] [ntainer#1-0-C-1] org.apache.kafka.clients.NetworkClient   : [Consumer clientId=consumer-notification-service-group-2, groupId=notification-service-group] Node -1 disconnected.
2026-07-27T00:55:41.665+05:30  WARN 3640 --- [notification-service] [ntainer#1-0-C-1] org.apache.kafka.clients.NetworkClient   : [Consumer clientId=consumer-notification-service-group-2, groupId=notification-service-group] Connection to node -1 (localhost/127.0.0.1:9092) could not be established. Node may not be available.
2026-07-27T00:55:41.665+05:30  WARN 3640 --- [notification-service] [ntainer#1-0-C-1] org.apache.kafka.clients.NetworkClient   : [Consumer clientId=consumer-notification-service-group-2, groupId=notification-service-group] Bootstrap broker localhost:9092 (id: -1 rack: null) disconnected
2026-07-27T00:55:42.035+05:30  INFO 3640 --- [notification-service] [ntainer#0-0-C-1] org.apache.kafka.clients.NetworkClient   : [Consumer clientId=consumer-notification-service-group-1, groupId=notification-service-group] Node -1 disconnected.
2026-07-27T00:55:42.036+05:30  WARN 3640 --- [notification-service] [ntainer#0-0-C-1] org.apache.kafka.clients.NetworkClient   : [Consumer clientId=consumer-notification-service-group-1, groupId=notification-service-group] Connection to node -1 (localhost/127.0.0.1:9092) could not be established. Node may not be available.
2026-07-27T00:55:42.036+05:30  WARN 3640 --- [notification-service] [ntainer#0-0-C-1] org.apache.kafka.clients.NetworkClient   : [Consumer clientId=consumer-notification-service-group-1, groupId=notification-service-group] Bootstrap broker localhost:9092 (id: -1 rack: null) disconnected
2026-07-27T00:55:42.517+05:30  INFO 3640 --- [notification-service] [ntainer#1-0-C-1] org.apache.kafka.clients.NetworkClient   : [Consumer clientId=consumer-notification-service-group-2, groupId=notification-service-group] Node -1 disconnected.
2026-07-27T00:55:42.517+05:30  WARN 3640 --- [notification-service] [ntainer#1-0-C-1] org.apache.kafka.clients.NetworkClient   : [Consumer clientId=consumer-notification-service-group-2, groupId=notification-service-group] Connection to node -1 (localhost/127.0.0.1:9092) could not be established. Node may not be available.
2026-07-27T00:55:42.517+05:30  WARN 3640 --- [notification-service] [ntainer#1-0-C-1] org.apache.kafka.clients.NetworkClient   : [Consumer clientId=consumer-notification-service-group-2, groupId=notification-service-group] Bootstrap broker localhost:9092 (id: -1 rack: null) disconnected
2026-07-27T00:55:43.031+05:30  INFO 3640 --- [notification-service] [ntainer#0-0-C-1] org.apache.kafka.clients.NetworkClient   : [Consumer clientId=consumer-notification-service-group-1, groupId=notification-service-group] Node -1 disconnected.
2026-07-27T00:55:43.031+05:30  WARN 3640 --- [notification-service] [ntainer#0-0-C-1] org.apache.kafka.clients.NetworkClient   : [Consumer clientId=consumer-notification-service-group-1, groupId=notification-service-group] Connection to node -1 (localhost/127.0.0.1:9092) could not be established. Node may not be available.
2026-07-27T00:55:43.032+05:30  WARN 3640 --- [notification-service] [ntainer#0-0-C-1] org.apache.kafka.clients.NetworkClient   : [Consumer clientId=consumer-notification-service-group-1, groupId=notification-service-group] Bootstrap broker localhost:9092 (id: -1 rack: null) disconnected
2026-07-27T00:55:43.483+05:30  INFO 3640 --- [notification-service] [ntainer#1-0-C-1] org.apache.kafka.clients.NetworkClient   : [Consumer clientId=consumer-notification-service-group-2, groupId=notification-service-group] Node -1 disconnected.
2026-07-27T00:55:43.484+05:30  WARN 3640 --- [notification-service] [ntainer#1-0-C-1] org.apache.kafka.clients.NetworkClient   : [Consumer clientId=consumer-notification-service-group-2, groupId=notification-service-group] Connection to node -1 (localhost/127.0.0.1:9092) could not be established. Node may not be available.
2026-07-27T00:55:43.484+05:30  WARN 3640 --- [notification-service] [ntainer#1-0-C-1] org.apache.kafka.clients.NetworkClient   : [Consumer clientId=consumer-notification-service-group-2, groupId=notification-service-group] Bootstrap broker localhost:9092 (id: -1 rack: null) disconnected
2026-07-27T00:55:44.091+05:30  INFO 3640 --- [notification-service] [ntainer#0-0-C-1] org.apache.kafka.clients.NetworkClient   : [Consumer clientId=consumer-notification-service-group-1, groupId=notification-service-group] Node -1 disconnected.
2026-07-27T00:55:44.091+05:30  WARN 3640 --- [notification-service] [ntainer#0-0-C-1] org.apache.kafka.clients.NetworkClient   : [Consumer clientId=consumer-notification-service-group-1, groupId=notification-service-group] Connection to node -1 (localhost/127.0.0.1:9092) could not be established. Node may not be available.
2026-07-27T00:55:44.091+05:30  WARN 3640 --- [notification-service] [ntainer#0-0-C-1] org.apache.kafka.clients.NetworkClient   : [Consumer clientId=consumer-notification-service-group-1, groupId=notification-service-group] Bootstrap broker localhost:9092 (id: -1 rack: null) disconnected
2026-07-27T00:55:44.528+05:30  INFO 3640 --- [notification-service] [ntainer#1-0-C-1] org.apache.kafka.clients.NetworkClient   : [Consumer clientId=consumer-notification-service-group-2, groupId=notification-service-group] Node -1 disconnected.
2026-07-27T00:55:44.528+05:30  WARN 3640 --- [notification-service] [ntainer#1-0-C-1] org.apache.kafka.clients.NetworkClient   : [Consumer clientId=consumer-notification-service-group-2, groupId=notification-service-group] Connection to node -1 (localhost/127.0.0.1:9092) could not be established. Node may not be available.
2026-07-27T00:55:44.528+05:30  WARN 3640 --- [notification-service] [ntainer#1-0-C-1] org.apache.kafka.clients.NetworkClient   : [Consumer clientId=consumer-notification-service-group-2, groupId=notification-service-group] Bootstrap broker localhost:9092 (id: -1 rack: null) disconnected
2026-07-27T00:55:45.089+05:30  INFO 3640 --- [notification-service] [ntainer#0-0-C-1] org.apache.kafka.clients.NetworkClient   : [Consumer clientId=consumer-notification-service-group-1, groupId=notification-service-group] Node -1 disconnected.
2026-07-27T00:55:45.089+05:30  WARN 3640 --- [notification-service] [ntainer#0-0-C-1] org.apache.kafka.clients.NetworkClient   : [Consumer clientId=consumer-notification-service-group-1, groupId=notification-service-group] Connection to node -1 (localhost/127.0.0.1:9092) could not be established. Node may not be available.
2026-07-27T00:55:45.090+05:30  WARN 3640 --- [notification-service] [ntainer#0-0-C-1] org.apache.kafka.clients.NetworkClient   : [Consumer clientId=consumer-notification-service-group-1, groupId=notification-service-group] Bootstrap broker localhost:9092 (id: -1 rack: null) disconnected
2026-07-27T00:55:45.558+05:30  INFO 3640 --- [notification-service] [ntainer#1-0-C-1] org.apache.kafka.clients.NetworkClient   : [Consumer clientId=consumer-notification-service-group-2, groupId=notification-service-group] Node -1 disconnected.
2026-07-27T00:55:45.558+05:30  WARN 3640 --- [notification-service] [ntainer#1-0-C-1] org.apache.kafka.clients.NetworkClient   : [Consumer clientId=consumer-notification-service-group-2, groupId=notification-service-group] Connection to node -1 (localhost/127.0.0.1:9092) could not be established. Node may not be available.
2026-07-27T00:55:45.558+05:30  WARN 3640 --- [notification-service] [ntainer#1-0-C-1] org.apache.kafka.clients.NetworkClient   : [Consumer clientId=consumer-notification-service-group-2, groupId=notification-service-group] Bootstrap broker localhost:9092 (id: -1 rack: null) disconnected
2026-07-27T00:55:46.118+05:30  INFO 3640 --- [notification-service] [ntainer#0-0-C-1] org.apache.kafka.clients.NetworkClient   : [Consumer clientId=consumer-notification-service-group-1, groupId=notification-service-group] Node -1 disconnected.
2026-07-27T00:55:46.118+05:30  WARN 3640 --- [notification-service] [ntainer#0-0-C-1] org.apache.kafka.clients.NetworkClient   : [Consumer clientId=consumer-notification-service-group-1, groupId=notification-service-group] Connection to node -1 (localhost/127.0.0.1:9092) could not be established. Node may not be available.
2026-07-27T00:55:46.118+05:30  WARN 3640 --- [notification-service] [ntainer#0-0-C-1] org.apache.kafka.clients.NetworkClient   : [Consumer clientId=consumer-notification-service-group-1, groupId=notification-service-group] Bootstrap broker localhost:9092 (id: -1 rack: null) disconnected
2026-07-27T00:55:46.556+05:30  INFO 3640 --- [notification-service] [ntainer#1-0-C-1] org.apache.kafka.clients.NetworkClient   : [Consumer clientId=consumer-notification-service-group-2, groupId=notification-service-group] Node -1 disconnected.
2026-07-27T00:55:46.557+05:30  WARN 3640 --- [notification-service] [ntainer#1-0-C-1] org.apache.kafka.clients.NetworkClient   : [Consumer clientId=consumer-notification-service-group-2, groupId=notification-service-group] Connection to node -1 (localhost/127.0.0.1:9092) could not be established. Node may not be available.
2026-07-27T00:55:46.557+05:30  WARN 3640 --- [notification-service] [ntainer#1-0-C-1] org.apache.kafka.clients.NetworkClient   : [Consumer clientId=consumer-notification-service-group-2, groupId=notification-service-group] Bootstrap broker localhost:9092 (id: -1 rack: null) disconnected
2026-07-27T00:55:47.119+05:30  INFO 3640 --- [notification-service] [ntainer#0-0-C-1] org.apache.kafka.clients.NetworkClient   : [Consumer clientId=consumer-notification-service-group-1, groupId=notification-service-group] Node -1 disconnected.
2026-07-27T00:55:47.119+05:30  WARN 3640 --- [notification-service] [ntainer#0-0-C-1] org.apache.kafka.clients.NetworkClient   : [Consumer clientId=consumer-notification-service-group-1, groupId=notification-service-group] Connection to node -1 (localhost/127.0.0.1:9092) could not be established. Node may not be available.
2026-07-27T00:55:47.119+05:30  WARN 3640 --- [notification-service] [ntainer#0-0-C-1] org.apache.kafka.clients.NetworkClient   : [Consumer clientId=consumer-notification-service-group-1, groupId=notification-service-group] Bootstrap broker localhost:9092 (id: -1 rack: null) disconnected
2026-07-27T00:55:47.506+05:30  INFO 3640 --- [notification-service] [ntainer#1-0-C-1] org.apache.kafka.clients.NetworkClient   : [Consumer clientId=consumer-notification-service-group-2, groupId=notification-service-group] Node -1 disconnected.
2026-07-27T00:55:47.506+05:30  WARN 3640 --- [notification-service] [ntainer#1-0-C-1] org.apache.kafka.clients.NetworkClient   : [Consumer clientId=consumer-notification-service-group-2, groupId=notification-service-group] Connection to node -1 (localhost/127.0.0.1:9092) could not be established. Node may not be available.
2026-07-27T00:55:47.506+05:30  WARN 3640 --- [notification-service] [ntainer#1-0-C-1] org.apache.kafka.clients.NetworkClient   : [Consumer clientId=consumer-notification-service-group-2, groupId=notification-service-group] Bootstrap broker localhost:9092 (id: -1 rack: null) disconnected
2026-07-27T00:55:48.128+05:30  INFO 3640 --- [notification-service] [ntainer#0-0-C-1] org.apache.kafka.clients.NetworkClient   : [Consumer clientId=consumer-notification-service-group-1, groupId=notification-service-group] Node -1 disconnected.
2026-07-27T00:55:48.128+05:30  WARN 3640 --- [notification-service] [ntainer#0-0-C-1] org.apache.kafka.clients.NetworkClient   : [Consumer clientId=consumer-notification-service-group-1, groupId=notification-service-group] Connection to node -1 (localhost/127.0.0.1:9092) could not be established. Node may not be available.
2026-07-27T00:55:48.128+05:30  WARN 3640 --- [notification-service] [ntainer#0-0-C-1] org.apache.kafka.clients.NetworkClient   : [Consumer clientId=consumer-notification-service-group-1, groupId=notification-service-group] Bootstrap broker localhost:9092 (id: -1 rack: null) disconnected
2026-07-27T00:55:48.500+05:30  INFO 3640 --- [notification-service] [ntainer#1-0-C-1] org.apache.kafka.clients.NetworkClient   : [Consumer clientId=consumer-notification-service-group-2, groupId=notification-service-group] Node -1 disconnected.
2026-07-27T00:55:48.500+05:30  WARN 3640 --- [notification-service] [ntainer#1-0-C-1] org.apache.kafka.clients.NetworkClient   : [Consumer clientId=consumer-notification-service-group-2, groupId=notification-service-group] Connection to node -1 (localhost/127.0.0.1:9092) could not be established. Node may not be available.
2026-07-27T00:55:48.500+05:30  WARN 3640 --- [notification-service] [ntainer#1-0-C-1] org.apache.kafka.clients.NetworkClient   : [Consumer clientId=consumer-notification-service-group-2, groupId=notification-service-group] Bootstrap broker localhost:9092 (id: -1 rack: null) disconnected
2026-07-27T00:55:49.134+05:30  INFO 3640 --- [notification-service] [ntainer#0-0-C-1] org.apache.kafka.clients.NetworkClient   : [Consumer clientId=consumer-notification-service-group-1, groupId=notification-service-group] Node -1 disconnected.
2026-07-27T00:55:49.134+05:30  WARN 3640 --- [notification-service] [ntainer#0-0-C-1] org.apache.kafka.clients.NetworkClient   : [Consumer clientId=consumer-notification-service-group-1, groupId=notification-service-group] Connection to node -1 (localhost/127.0.0.1:9092) could not be established. Node may not be available.
2026-07-27T00:55:49.134+05:30  WARN 3640 --- [notification-service] [ntainer#0-0-C-1] org.apache.kafka.clients.NetworkClient   : [Consumer clientId=consumer-notification-service-group-1, groupId=notification-service-group] Bootstrap broker localhost:9092 (id: -1 rack: null) disconnected
2026-07-27T00:55:49.443+05:30  INFO 3640 --- [notification-service] [ntainer#1-0-C-1] org.apache.kafka.clients.NetworkClient   : [Consumer clientId=consumer-notification-service-group-2, groupId=notification-service-group] Node -1 disconnected.
2026-07-27T00:55:49.443+05:30  WARN 3640 --- [notification-service] [ntainer#1-0-C-1] org.apache.kafka.clients.NetworkClient   : [Consumer clientId=consumer-notification-service-group-2, groupId=notification-service-group] Connection to node -1 (localhost/127.0.0.1:9092) could not be established. Node may not be available.
2026-07-27T00:55:49.443+05:30  WARN 3640 --- [notification-service] [ntainer#1-0-C-1] org.apache.kafka.clients.NetworkClient   : [Consumer clientId=consumer-notification-service-group-2, groupId=notification-service-group] Bootstrap broker localhost:9092 (id: -1 rack: null) disconnected
2026-07-27T00:55:50.145+05:30  INFO 3640 --- [notification-service] [ntainer#0-0-C-1] org.apache.kafka.clients.NetworkClient   : [Consumer clientId=consumer-notification-service-group-1, groupId=notification-service-group] Node -1 disconnected.
2026-07-27T00:55:50.197+05:30  WARN 3640 --- [notification-service] [ntainer#0-0-C-1] org.apache.kafka.clients.NetworkClient   : [Consumer clientId=consumer-notification-service-group-1, groupId=notification-service-group] Connection to node -1 (localhost/127.0.0.1:9092) could not be established. Node may not be available.
2026-07-27T00:55:50.197+05:30  WARN 3640 --- [notification-service] [ntainer#0-0-C-1] org.apache.kafka.clients.NetworkClient   : [Consumer clientId=consumer-notification-service-group-1, groupId=notification-service-group] Bootstrap broker localhost:9092 (id: -1 rack: null) disconnected
2026-07-27T00:55:50.377+05:30  INFO 3640 --- [notification-service] [ntainer#1-0-C-1] org.apache.kafka.clients.NetworkClient   : [Consumer clientId=consumer-notification-service-group-2, groupId=notification-service-group] Node -1 disconnected.
2026-07-27T00:55:50.379+05:30  WARN 3640 --- [notification-service] [ntainer#1-0-C-1] org.apache.kafka.clients.NetworkClient   : [Consumer clientId=consumer-notification-service-group-2, groupId=notification-service-group] Connection to node -1 (localhost/127.0.0.1:9092) could not be established. Node may not be available.
2026-07-27T00:55:50.379+05:30  WARN 3640 --- [notification-service] [ntainer#1-0-C-1] org.apache.kafka.clients.NetworkClient   : [Consumer clientId=consumer-notification-service-group-2, groupId=notification-service-group] Bootstrap broker localhost:9092 (id: -1 rack: null) disconnected
2026-07-27T00:55:51.186+05:30  INFO 3640 --- [notification-service] [ntainer#0-0-C-1] org.apache.kafka.clients.NetworkClient   : [Consumer clientId=consumer-notification-service-group-1, groupId=notification-service-group] Node -1 disconnected.
2026-07-27T00:55:51.186+05:30  WARN 3640 --- [notification-service] [ntainer#0-0-C-1] org.apache.kafka.clients.NetworkClient   : [Consumer clientId=consumer-notification-service-group-1, groupId=notification-service-group] Connection to node -1 (localhost/127.0.0.1:9092) could not be established. Node may not be available.
2026-07-27T00:55:51.186+05:30  WARN 3640 --- [notification-service] [ntainer#0-0-C-1] org.apache.kafka.clients.NetworkClient   : [Consumer clientId=consumer-notification-service-group-1, groupId=notification-service-group] Bootstrap broker localhost:9092 (id: -1 rack: null) disconnected
2026-07-27T00:55:51.264+05:30  INFO 3640 --- [notification-service] [ntainer#1-0-C-1] org.apache.kafka.clients.NetworkClient   : [Consumer clientId=consumer-notification-service-group-2, groupId=notification-service-group] Node -1 disconnected.
2026-07-27T00:55:51.264+05:30  WARN 3640 --- [notification-service] [ntainer#1-0-C-1] org.apache.kafka.clients.NetworkClient   : [Consumer clientId=consumer-notification-service-group-2, groupId=notification-service-group] Connection to node -1 (localhost/127.0.0.1:9092) could not be established. Node may not be available.
2026-07-27T00:55:51.264+05:30  WARN 3640 --- [notification-service] [ntainer#1-0-C-1] org.apache.kafka.clients.NetworkClient   : [Consumer clientId=consumer-notification-service-group-2, groupId=notification-service-group] Bootstrap broker localhost:9092 (id: -1 rack: null) disconnected
2026-07-27T00:55:52.192+05:30  INFO 3640 --- [notification-service] [ntainer#0-0-C-1] org.apache.kafka.clients.NetworkClient   : [Consumer clientId=consumer-notification-service-group-1, groupId=notification-service-group] Node -1 disconnected.
2026-07-27T00:55:52.192+05:30  WARN 3640 --- [notification-service] [ntainer#0-0-C-1] org.apache.kafka.clients.NetworkClient   : [Consumer clientId=consumer-notification-service-group-1, groupId=notification-service-group] Connection to node -1 (localhost/127.0.0.1:9092) could not be established. Node may not be available.
2026-07-27T00:55:52.192+05:30  WARN 3640 --- [notification-service] [ntainer#0-0-C-1] org.apache.kafka.clients.NetworkClient   : [Consumer clientId=consumer-notification-service-group-1, groupId=notification-service-group] Bootstrap broker localhost:9092 (id: -1 rack: null) disconnected
2026-07-27T00:55:52.265+05:30  INFO 3640 --- [notification-service] [ntainer#1-0-C-1] org.apache.kafka.clients.NetworkClient   : [Consumer clientId=consumer-notification-service-group-2, groupId=notification-service-group] Node -1 disconnected.
2026-07-27T00:55:52.265+05:30  WARN 3640 --- [notification-service] [ntainer#1-0-C-1] org.apache.kafka.clients.NetworkClient   : [Consumer clientId=consumer-notification-service-group-2, groupId=notification-service-group] Connection to node -1 (localhost/127.0.0.1:9092) could not be established. Node may not be available.
2026-07-27T00:55:52.265+05:30  WARN 3640 --- [notification-service] [ntainer#1-0-C-1] org.apache.kafka.clients.NetworkClient   : [Consumer clientId=consumer-notification-service-group-2, groupId=notification-service-group] Bootstrap broker localhost:9092 (id: -1 rack: null) disconnected
2026-07-27T00:55:53.122+05:30  INFO 3640 --- [notification-service] [ntainer#0-0-C-1] org.apache.kafka.clients.NetworkClient   : [Consumer clientId=consumer-notification-service-group-1, groupId=notification-service-group] Node -1 disconnected.
2026-07-27T00:55:53.122+05:30  WARN 3640 --- [notification-service] [ntainer#0-0-C-1] org.apache.kafka.clients.NetworkClient   : [Consumer clientId=consumer-notification-service-group-1, groupId=notification-service-group] Connection to node -1 (localhost/127.0.0.1:9092) could not be established. Node may not be available.
2026-07-27T00:55:53.122+05:30  WARN 3640 --- [notification-service] [ntainer#0-0-C-1] org.apache.kafka.clients.NetworkClient   : [Consumer clientId=consumer-notification-service-group-1, groupId=notification-service-group] Bootstrap broker localhost:9092 (id: -1 rack: null) disconnected
2026-07-27T00:55:53.324+05:30  INFO 3640 --- [notification-service] [ntainer#1-0-C-1] org.apache.kafka.clients.NetworkClient   : [Consumer clientId=consumer-notification-service-group-2, groupId=notification-service-group] Node -1 disconnected.
2026-07-27T00:55:53.324+05:30  WARN 3640 --- [notification-service] [ntainer#1-0-C-1] org.apache.kafka.clients.NetworkClient   : [Consumer clientId=consumer-notification-service-group-2, groupId=notification-service-group] Connection to node -1 (localhost/127.0.0.1:9092) could not be established. Node may not be available.
2026-07-27T00:55:53.324+05:30  WARN 3640 --- [notification-service] [ntainer#1-0-C-1] org.apache.kafka.clients.NetworkClient   : [Consumer clientId=consumer-notification-service-group-2, groupId=notification-service-group] Bootstrap broker localhost:9092 (id: -1 rack: null) disconnected
2026-07-27T00:55:54.135+05:30  INFO 3640 --- [notification-service] [ntainer#0-0-C-1] org.apache.kafka.clients.NetworkClient   : [Consumer clientId=consumer-notification-service-group-1, groupId=notification-service-group] Node -1 disconnected.
2026-07-27T00:55:54.135+05:30  WARN 3640 --- [notification-service] [ntainer#0-0-C-1] org.apache.kafka.clients.NetworkClient   : [Consumer clientId=consumer-notification-service-group-1, groupId=notification-service-group] Connection to node -1 (localhost/127.0.0.1:9092) could not be established. Node may not be available.
2026-07-27T00:55:54.135+05:30  WARN 3640 --- [notification-service] [ntainer#0-0-C-1] org.apache.kafka.clients.NetworkClient   : [Consumer clientId=consumer-notification-service-group-1, groupId=notification-service-group] Bootstrap broker localhost:9092 (id: -1 rack: null) disconnected
2026-07-27T00:55:54.383+05:30  INFO 3640 --- [notification-service] [ntainer#1-0-C-1] org.apache.kafka.clients.NetworkClient   : [Consumer clientId=consumer-notification-service-group-2, groupId=notification-service-group] Node -1 disconnected.
2026-07-27T00:55:54.383+05:30  WARN 3640 --- [notification-service] [ntainer#1-0-C-1] org.apache.kafka.clients.NetworkClient   : [Consumer clientId=consumer-notification-service-group-2, groupId=notification-service-group] Connection to node -1 (localhost/127.0.0.1:9092) could not be established. Node may not be available.
2026-07-27T00:55:54.383+05:30  WARN 3640 --- [notification-service] [ntainer#1-0-C-1] org.apache.kafka.clients.NetworkClient   : [Consumer clientId=consumer-notification-service-group-2, groupId=notification-service-group] Bootstrap broker localhost:9092 (id: -1 rack: null) disconnected
2026-07-27T00:55:55.160+05:30  INFO 3640 --- [notification-service] [ntainer#0-0-C-1] org.apache.kafka.clients.NetworkClient   : [Consumer clientId=consumer-notification-service-group-1, groupId=notification-service-group] Node -1 disconnected.
2026-07-27T00:55:55.160+05:30  WARN 3640 --- [notification-service] [ntainer#0-0-C-1] org.apache.kafka.clients.NetworkClient   : [Consumer clientId=consumer-notification-service-group-1, groupId=notification-service-group] Connection to node -1 (localhost/127.0.0.1:9092) could not be established. Node may not be available.
2026-07-27T00:55:55.160+05:30  WARN 3640 --- [notification-service] [ntainer#0-0-C-1] org.apache.kafka.clients.NetworkClient   : [Consumer clientId=consumer-notification-service-group-1, groupId=notification-service-group] Bootstrap broker localhost:9092 (id: -1 rack: null) disconnected
2026-07-27T00:55:55.346+05:30  INFO 3640 --- [notification-service] [ntainer#1-0-C-1] org.apache.kafka.clients.NetworkClient   : [Consumer clientId=consumer-notification-service-group-2, groupId=notification-service-group] Node -1 disconnected.
2026-07-27T00:55:55.346+05:30  WARN 3640 --- [notification-service] [ntainer#1-0-C-1] org.apache.kafka.clients.NetworkClient   : [Consumer clientId=consumer-notification-service-group-2, groupId=notification-service-group] Connection to node -1 (localhost/127.0.0.1:9092) could not be established. Node may not be available.
2026-07-27T00:55:55.346+05:30  WARN 3640 --- [notification-service] [ntainer#1-0-C-1] org.apache.kafka.clients.NetworkClient   : [Consumer clientId=consumer-notification-service-group-2, groupId=notification-service-group] Bootstrap broker localhost:9092 (id: -1 rack: null) disconnected
2026-07-27T00:55:56.170+05:30  INFO 3640 --- [notification-service] [ntainer#0-0-C-1] org.apache.kafka.clients.NetworkClient   : [Consumer clientId=consumer-notification-service-group-1, groupId=notification-service-group] Node -1 disconnected.
2026-07-27T00:55:56.171+05:30  WARN 3640 --- [notification-service] [ntainer#0-0-C-1] org.apache.kafka.clients.NetworkClient   : [Consumer clientId=consumer-notification-service-group-1, groupId=notification-service-group] Connection to node -1 (localhost/127.0.0.1:9092) could not be established. Node may not be available.
2026-07-27T00:55:56.171+05:30  WARN 3640 --- [notification-service] [ntainer#0-0-C-1] org.apache.kafka.clients.NetworkClient   : [Consumer clientId=consumer-notification-service-group-1, groupId=notification-service-group] Bootstrap broker localhost:9092 (id: -1 rack: null) disconnected
2026-07-27T00:55:56.374+05:30  INFO 3640 --- [notification-service] [ntainer#1-0-C-1] org.apache.kafka.clients.NetworkClient   : [Consumer clientId=consumer-notification-service-group-2, groupId=notification-service-group] Node -1 disconnected.
2026-07-27T00:55:56.375+05:30  WARN 3640 --- [notification-service] [ntainer#1-0-C-1] org.apache.kafka.clients.NetworkClient   : [Consumer clientId=consumer-notification-service-group-2, groupId=notification-service-group] Connection to node -1 (localhost/127.0.0.1:9092) could not be established. Node may not be available.
2026-07-27T00:55:56.375+05:30  WARN 3640 --- [notification-service] [ntainer#1-0-C-1] org.apache.kafka.clients.NetworkClient   : [Consumer clientId=consumer-notification-service-group-2, groupId=notification-service-group] Bootstrap broker localhost:9092 (id: -1 rack: null) disconnected
2026-07-27T00:55:57.183+05:30  INFO 3640 --- [notification-service] [ntainer#0-0-C-1] org.apache.kafka.clients.NetworkClient   : [Consumer clientId=consumer-notification-service-group-1, groupId=notification-service-group] Node -1 disconnected.
2026-07-27T00:55:57.183+05:30  WARN 3640 --- [notification-service] [ntainer#0-0-C-1] org.apache.kafka.clients.NetworkClient   : [Consumer clientId=consumer-notification-service-group-1, groupId=notification-service-group] Connection to node -1 (localhost/127.0.0.1:9092) could not be established. Node may not be available.
2026-07-27T00:55:57.183+05:30  WARN 3640 --- [notification-service] [ntainer#0-0-C-1] org.apache.kafka.clients.NetworkClient   : [Consumer clientId=consumer-notification-service-group-1, groupId=notification-service-group] Bootstrap broker localhost:9092 (id: -1 rack: null) disconnected
2026-07-27T00:55:57.246+05:30  INFO 3640 --- [notification-service] [ntainer#1-0-C-1] org.apache.kafka.clients.NetworkClient   : [Consumer clientId=consumer-notification-service-group-2, groupId=notification-service-group] Node -1 disconnected.
2026-07-27T00:55:57.246+05:30  WARN 3640 --- [notification-service] [ntainer#1-0-C-1] org.apache.kafka.clients.NetworkClient   : [Consumer clientId=consumer-notification-service-group-2, groupId=notification-service-group] Connection to node -1 (localhost/127.0.0.1:9092) could not be established. Node may not be available.
2026-07-27T00:55:57.246+05:30  WARN 3640 --- [notification-service] [ntainer#1-0-C-1] org.apache.kafka.clients.NetworkClient   : [Consumer clientId=consumer-notification-service-group-2, groupId=notification-service-group] Bootstrap broker localhost:9092 (id: -1 rack: null) disconnected
2026-07-27T00:55:58.133+05:30  INFO 3640 --- [notification-service] [ntainer#1-0-C-1] org.apache.kafka.clients.NetworkClient   : [Consumer clientId=consumer-notification-service-group-2, groupId=notification-service-group] Node -1 disconnected.
2026-07-27T00:55:58.133+05:30  WARN 3640 --- [notification-service] [ntainer#1-0-C-1] org.apache.kafka.clients.NetworkClient   : [Consumer clientId=consumer-notification-service-group-2, groupId=notification-service-group] Connection to node -1 (localhost/127.0.0.1:9092) could not be established. Node may not be available.
2026-07-27T00:55:58.133+05:30  WARN 3640 --- [notification-service] [ntainer#1-0-C-1] org.apache.kafka.clients.NetworkClient   : [Consumer clientId=consumer-notification-service-group-2, groupId=notification-service-group] Bootstrap broker localhost:9092 (id: -1 rack: null) disconnected
2026-07-27T00:55:58.194+05:30  INFO 3640 --- [notification-service] [ntainer#0-0-C-1] org.apache.kafka.clients.NetworkClient   : [Consumer clientId=consumer-notification-service-group-1, groupId=notification-service-group] Node -1 disconnected.
2026-07-27T00:55:58.194+05:30  WARN 3640 --- [notification-service] [ntainer#0-0-C-1] org.apache.kafka.clients.NetworkClient   : [Consumer clientId=consumer-notification-service-group-1, groupId=notification-service-group] Connection to node -1 (localhost/127.0.0.1:9092) could not be established. Node may not be available.
2026-07-27T00:55:58.194+05:30  WARN 3640 --- [notification-service] [ntainer#0-0-C-1] org.apache.kafka.clients.NetworkClient   : [Consumer clientId=consumer-notification-service-group-1, groupId=notification-service-group] Bootstrap broker localhost:9092 (id: -1 rack: null) disconnected
2026-07-27T00:55:59.128+05:30  INFO 3640 --- [notification-service] [ntainer#1-0-C-1] org.apache.kafka.clients.NetworkClient   : [Consumer clientId=consumer-notification-service-group-2, groupId=notification-service-group] Node -1 disconnected.
2026-07-27T00:55:59.128+05:30  INFO 3640 --- [notification-service] [ntainer#0-0-C-1] org.apache.kafka.clients.NetworkClient   : [Consumer clientId=consumer-notification-service-group-1, groupId=notification-service-group] Node -1 disconnected.
2026-07-27T00:55:59.128+05:30  WARN 3640 --- [notification-service] [ntainer#0-0-C-1] org.apache.kafka.clients.NetworkClient   : [Consumer clientId=consumer-notification-service-group-1, groupId=notification-service-group] Connection to node -1 (localhost/127.0.0.1:9092) could not be established. Node may not be available.
2026-07-27T00:55:59.128+05:30  WARN 3640 --- [notification-service] [ntainer#1-0-C-1] org.apache.kafka.clients.NetworkClient   : [Consumer clientId=consumer-notification-service-group-2, groupId=notification-service-group] Connection to node -1 (localhost/127.0.0.1:9092) could not be established. Node may not be available.
2026-07-27T00:55:59.128+05:30  WARN 3640 --- [notification-service] [ntainer#0-0-C-1] org.apache.kafka.clients.NetworkClient   : [Consumer clientId=consumer-notification-service-group-1, groupId=notification-service-group] Bootstrap broker localhost:9092 (id: -1 rack: null) disconnected
2026-07-27T00:55:59.128+05:30  WARN 3640 --- [notification-service] [ntainer#1-0-C-1] org.apache.kafka.clients.NetworkClient   : [Consumer clientId=consumer-notification-service-group-2, groupId=notification-service-group] Bootstrap broker localhost:9092 (id: -1 rack: null) disconnected
2026-07-27T00:56:00.124+05:30  INFO 3640 --- [notification-service] [ntainer#1-0-C-1] org.apache.kafka.clients.NetworkClient   : [Consumer clientId=consumer-notification-service-group-2, groupId=notification-service-group] Node -1 disconnected.
2026-07-27T00:56:00.124+05:30  WARN 3640 --- [notification-service] [ntainer#1-0-C-1] org.apache.kafka.clients.NetworkClient   : [Consumer clientId=consumer-notification-service-group-2, groupId=notification-service-group] Connection to node -1 (localhost/127.0.0.1:9092) could not be established. Node may not be available.
2026-07-27T00:56:00.124+05:30  WARN 3640 --- [notification-service] [ntainer#1-0-C-1] org.apache.kafka.clients.NetworkClient   : [Consumer clientId=consumer-notification-service-group-2, groupId=notification-service-group] Bootstrap broker localhost:9092 (id: -1 rack: null) disconnected
2026-07-27T00:56:00.140+05:30  INFO 3640 --- [notification-service] [ntainer#0-0-C-1] org.apache.kafka.clients.NetworkClient   : [Consumer clientId=consumer-notification-service-group-1, groupId=notification-service-group] Node -1 disconnected.
2026-07-27T00:56:00.141+05:30  WARN 3640 --- [notification-service] [ntainer#0-0-C-1] org.apache.kafka.clients.NetworkClient   : [Consumer clientId=consumer-notification-service-group-1, groupId=notification-service-group] Connection to node -1 (localhost/127.0.0.1:9092) could not be established. Node may not be available.
2026-07-27T00:56:00.141+05:30  WARN 3640 --- [notification-service] [ntainer#0-0-C-1] org.apache.kafka.clients.NetworkClient   : [Consumer clientId=consumer-notification-service-group-1, groupId=notification-service-group] Bootstrap broker localhost:9092 (id: -1 rack: null) disconnected
2026-07-27T00:56:01.152+05:30  INFO 3640 --- [notification-service] [ntainer#1-0-C-1] org.apache.kafka.clients.NetworkClient   : [Consumer clientId=consumer-notification-service-group-2, groupId=notification-service-group] Node -1 disconnected.
2026-07-27T00:56:01.152+05:30  WARN 3640 --- [notification-service] [ntainer#1-0-C-1] org.apache.kafka.clients.NetworkClient   : [Consumer clientId=consumer-notification-service-group-2, groupId=notification-service-group] Connection to node -1 (localhost/127.0.0.1:9092) could not be established. Node may not be available.
2026-07-27T00:56:01.152+05:30  WARN 3640 --- [notification-service] [ntainer#1-0-C-1] org.apache.kafka.clients.NetworkClient   : [Consumer clientId=consumer-notification-service-group-2, groupId=notification-service-group] Bootstrap broker localhost:9092 (id: -1 rack: null) disconnected
2026-07-27T00:56:01.166+05:30  INFO 3640 --- [notification-service] [ntainer#0-0-C-1] org.apache.kafka.clients.NetworkClient   : [Consumer clientId=consumer-notification-service-group-1, groupId=notification-service-group] Node -1 disconnected.
2026-07-27T00:56:01.168+05:30  WARN 3640 --- [notification-service] [ntainer#0-0-C-1] org.apache.kafka.clients.NetworkClient   : [Consumer clientId=consumer-notification-service-group-1, groupId=notification-service-group] Connection to node -1 (localhost/127.0.0.1:9092) could not be established. Node may not be available.
2026-07-27T00:56:01.168+05:30  WARN 3640 --- [notification-service] [ntainer#0-0-C-1] org.apache.kafka.clients.NetworkClient   : [Consumer clientId=consumer-notification-service-group-1, groupId=notification-service-group] Bootstrap broker localhost:9092 (id: -1 rack: null) disconnected
2026-07-27T00:56:02.020+05:30  INFO 3640 --- [notification-service] [ntainer#1-0-C-1] org.apache.kafka.clients.NetworkClient   : [Consumer clientId=consumer-notification-service-group-2, groupId=notification-service-group] Node -1 disconnected.
2026-07-27T00:56:02.021+05:30  WARN 3640 --- [notification-service] [ntainer#1-0-C-1] org.apache.kafka.clients.NetworkClient   : [Consumer clientId=consumer-notification-service-group-2, groupId=notification-service-group] Connection to node -1 (localhost/127.0.0.1:9092) could not be established. Node may not be available.
2026-07-27T00:56:02.021+05:30  WARN 3640 --- [notification-service] [ntainer#1-0-C-1] org.apache.kafka.clients.NetworkClient   : [Consumer clientId=consumer-notification-service-group-2, groupId=notification-service-group] Bootstrap broker localhost:9092 (id: -1 rack: null) disconnected
2026-07-27T00:56:02.190+05:30  INFO 3640 --- [notification-service] [ntainer#0-0-C-1] org.apache.kafka.clients.NetworkClient   : [Consumer clientId=consumer-notification-service-group-1, groupId=notification-service-group] Node -1 disconnected.
2026-07-27T00:56:02.190+05:30  WARN 3640 --- [notification-service] [ntainer#0-0-C-1] org.apache.kafka.clients.NetworkClient   : [Consumer clientId=consumer-notification-service-group-1, groupId=notification-service-group] Connection to node -1 (localhost/127.0.0.1:9092) could not be established. Node may not be available.
2026-07-27T00:56:02.190+05:30  WARN 3640 --- [notification-service] [ntainer#0-0-C-1] org.apache.kafka.clients.NetworkClient   : [Consumer clientId=consumer-notification-service-group-1, groupId=notification-service-group] Bootstrap broker localhost:9092 (id: -1 rack: null) disconnected
2026-07-27T00:56:03.034+05:30  INFO 3640 --- [notification-service] [ntainer#1-0-C-1] org.apache.kafka.clients.NetworkClient   : [Consumer clientId=consumer-notification-service-group-2, groupId=notification-service-group] Node -1 disconnected.
2026-07-27T00:56:03.034+05:30  WARN 3640 --- [notification-service] [ntainer#1-0-C-1] org.apache.kafka.clients.NetworkClient   : [Consumer clientId=consumer-notification-service-group-2, groupId=notification-service-group] Connection to node -1 (localhost/127.0.0.1:9092) could not be established. Node may not be available.
2026-07-27T00:56:03.034+05:30  WARN 3640 --- [notification-service] [ntainer#1-0-C-1] org.apache.kafka.clients.NetworkClient   : [Consumer clientId=consumer-notification-service-group-2, groupId=notification-service-group] Bootstrap broker localhost:9092 (id: -1 rack: null) disconnected
2026-07-27T00:56:03.128+05:30  INFO 3640 --- [notification-service] [ntainer#0-0-C-1] org.apache.kafka.clients.NetworkClient   : [Consumer clientId=consumer-notification-service-group-1, groupId=notification-service-group] Node -1 disconnected.
2026-07-27T00:56:03.128+05:30  WARN 3640 --- [notification-service] [ntainer#0-0-C-1] org.apache.kafka.clients.NetworkClient   : [Consumer clientId=consumer-notification-service-group-1, groupId=notification-service-group] Connection to node -1 (localhost/127.0.0.1:9092) could not be established. Node may not be available.
2026-07-27T00:56:03.128+05:30  WARN 3640 --- [notification-service] [ntainer#0-0-C-1] org.apache.kafka.clients.NetworkClient   : [Consumer clientId=consumer-notification-service-group-1, groupId=notification-service-group] Bootstrap broker localhost:9092 (id: -1 rack: null) disconnected
2026-07-27T00:56:04.046+05:30  INFO 3640 --- [notification-service] [ntainer#1-0-C-1] org.apache.kafka.clients.NetworkClient   : [Consumer clientId=consumer-notification-service-group-2, groupId=notification-service-group] Node -1 disconnected.
2026-07-27T00:56:04.046+05:30  WARN 3640 --- [notification-service] [ntainer#1-0-C-1] org.apache.kafka.clients.NetworkClient   : [Consumer clientId=consumer-notification-service-group-2, groupId=notification-service-group] Connection to node -1 (localhost/127.0.0.1:9092) could not be established. Node may not be available.
2026-07-27T00:56:04.046+05:30  WARN 3640 --- [notification-service] [ntainer#1-0-C-1] org.apache.kafka.clients.NetworkClient   : [Consumer clientId=consumer-notification-service-group-2, groupId=notification-service-group] Bootstrap broker localhost:9092 (id: -1 rack: null) disconnected
2026-07-27T00:56:04.140+05:30  INFO 3640 --- [notification-service] [ntainer#0-0-C-1] org.apache.kafka.clients.NetworkClient   : [Consumer clientId=consumer-notification-service-group-1, groupId=notification-service-group] Node -1 disconnected.
2026-07-27T00:56:04.140+05:30  WARN 3640 --- [notification-service] [ntainer#0-0-C-1] org.apache.kafka.clients.NetworkClient   : [Consumer clientId=consumer-notification-service-group-1, groupId=notification-service-group] Connection to node -1 (localhost/127.0.0.1:9092) could not be established. Node may not be available.
2026-07-27T00:56:04.140+05:30  WARN 3640 --- [notification-service] [ntainer#0-0-C-1] org.apache.kafka.clients.NetworkClient   : [Consumer clientId=consumer-notification-service-group-1, groupId=notification-service-group] Bootstrap broker localhost:9092 (id: -1 rack: null) disconnected
2026-07-27T00:56:04.983+05:30  INFO 3640 --- [notification-service] [ntainer#1-0-C-1] org.apache.kafka.clients.NetworkClient   : [Consumer clientId=consumer-notification-service-group-2, groupId=notification-service-group] Node -1 disconnected.
2026-07-27T00:56:04.983+05:30  WARN 3640 --- [notification-service] [ntainer#1-0-C-1] org.apache.kafka.clients.NetworkClient   : [Consumer clientId=consumer-notification-service-group-2, groupId=notification-service-group] Connection to node -1 (localhost/127.0.0.1:9092) could not be established. Node may not be available.
2026-07-27T00:56:04.983+05:30  WARN 3640 --- [notification-service] [ntainer#1-0-C-1] org.apache.kafka.clients.NetworkClient   : [Consumer clientId=consumer-notification-service-group-2, groupId=notification-service-group] Bootstrap broker localhost:9092 (id: -1 rack: null) disconnected
2026-07-27T00:56:05.199+05:30  INFO 3640 --- [notification-service] [ntainer#0-0-C-1] org.apache.kafka.clients.NetworkClient   : [Consumer clientId=consumer-notification-service-group-1, groupId=notification-service-group] Node -1 disconnected.
2026-07-27T00:56:05.199+05:30  WARN 3640 --- [notification-service] [ntainer#0-0-C-1] org.apache.kafka.clients.NetworkClient   : [Consumer clientId=consumer-notification-service-group-1, groupId=notification-service-group] Connection to node -1 (localhost/127.0.0.1:9092) could not be established. Node may not be available.
2026-07-27T00:56:05.199+05:30  WARN 3640 --- [notification-service] [ntainer#0-0-C-1] org.apache.kafka.clients.NetworkClient   : [Consumer clientId=consumer-notification-service-group-1, groupId=notification-service-group] Bootstrap broker localhost:9092 (id: -1 rack: null) disconnected
2026-07-27T00:56:06.027+05:30  INFO 3640 --- [notification-service] [ntainer#1-0-C-1] org.apache.kafka.clients.NetworkClient   : [Consumer clientId=consumer-notification-service-group-2, groupId=notification-service-group] Node -1 disconnected.
2026-07-27T00:56:06.027+05:30  WARN 3640 --- [notification-service] [ntainer#1-0-C-1] org.apache.kafka.clients.NetworkClient   : [Consumer clientId=consumer-notification-service-group-2, groupId=notification-service-group] Connection to node -1 (localhost/127.0.0.1:9092) could not be established. Node may not be available.
2026-07-27T00:56:06.027+05:30  WARN 3640 --- [notification-service] [ntainer#1-0-C-1] org.apache.kafka.clients.NetworkClient   : [Consumer clientId=consumer-notification-service-group-2, groupId=notification-service-group] Bootstrap broker localhost:9092 (id: -1 rack: null) disconnected
2026-07-27T00:56:06.103+05:30  INFO 3640 --- [notification-service] [ntainer#0-0-C-1] org.apache.kafka.clients.NetworkClient   : [Consumer clientId=consumer-notification-service-group-1, groupId=notification-service-group] Node -1 disconnected.
2026-07-27T00:56:06.105+05:30  WARN 3640 --- [notification-service] [ntainer#0-0-C-1] org.apache.kafka.clients.NetworkClient   : [Consumer clientId=consumer-notification-service-group-1, groupId=notification-service-group] Connection to node -1 (localhost/127.0.0.1:9092) could not be established. Node may not be available.
2026-07-27T00:56:06.105+05:30  WARN 3640 --- [notification-service] [ntainer#0-0-C-1] org.apache.kafka.clients.NetworkClient   : [Consumer clientId=consumer-notification-service-group-1, groupId=notification-service-group] Bootstrap broker localhost:9092 (id: -1 rack: null) disconnected
2026-07-27T00:56:07.083+05:30  INFO 3640 --- [notification-service] [ntainer#1-0-C-1] org.apache.kafka.clients.NetworkClient   : [Consumer clientId=consumer-notification-service-group-2, groupId=notification-service-group] Node -1 disconnected.
2026-07-27T00:56:07.084+05:30  WARN 3640 --- [notification-service] [ntainer#1-0-C-1] org.apache.kafka.clients.NetworkClient   : [Consumer clientId=consumer-notification-service-group-2, groupId=notification-service-group] Connection to node -1 (localhost/127.0.0.1:9092) could not be established. Node may not be available.
2026-07-27T00:56:07.084+05:30  WARN 3640 --- [notification-service] [ntainer#1-0-C-1] org.apache.kafka.clients.NetworkClient   : [Consumer clientId=consumer-notification-service-group-2, groupId=notification-service-group] Bootstrap broker localhost:9092 (id: -1 rack: null) disconnected
2026-07-27T00:56:07.162+05:30  INFO 3640 --- [notification-service] [ntainer#0-0-C-1] org.apache.kafka.clients.NetworkClient   : [Consumer clientId=consumer-notification-service-group-1, groupId=notification-service-group] Node -1 disconnected.
2026-07-27T00:56:07.162+05:30  WARN 3640 --- [notification-service] [ntainer#0-0-C-1] org.apache.kafka.clients.NetworkClient   : [Consumer clientId=consumer-notification-service-group-1, groupId=notification-service-group] Connection to node -1 (localhost/127.0.0.1:9092) could not be established. Node may not be available.
2026-07-27T00:56:07.163+05:30  WARN 3640 --- [notification-service] [ntainer#0-0-C-1] org.apache.kafka.clients.NetworkClient   : [Consumer clientId=consumer-notification-service-group-1, groupId=notification-service-group] Bootstrap broker localhost:9092 (id: -1 rack: null) disconnected
2026-07-27T00:56:08.021+05:30  INFO 3640 --- [notification-service] [ntainer#1-0-C-1] org.apache.kafka.clients.NetworkClient   : [Consumer clientId=consumer-notification-service-group-2, groupId=notification-service-group] Node -1 disconnected.
2026-07-27T00:56:08.021+05:30  WARN 3640 --- [notification-service] [ntainer#1-0-C-1] org.apache.kafka.clients.NetworkClient   : [Consumer clientId=consumer-notification-service-group-2, groupId=notification-service-group] Connection to node -1 (localhost/127.0.0.1:9092) could not be established. Node may not be available.
2026-07-27T00:56:08.022+05:30  WARN 3640 --- [notification-service] [ntainer#1-0-C-1] org.apache.kafka.clients.NetworkClient   : [Consumer clientId=consumer-notification-service-group-2, groupId=notification-service-group] Bootstrap broker localhost:9092 (id: -1 rack: null) disconnected
2026-07-27T00:56:08.177+05:30  INFO 3640 --- [notification-service] [ntainer#0-0-C-1] org.apache.kafka.clients.NetworkClient   : [Consumer clientId=consumer-notification-service-group-1, groupId=notification-service-group] Node -1 disconnected.
2026-07-27T00:56:08.177+05:30  WARN 3640 --- [notification-service] [ntainer#0-0-C-1] org.apache.kafka.clients.NetworkClient   : [Consumer clientId=consumer-notification-service-group-1, groupId=notification-service-group] Connection to node -1 (localhost/127.0.0.1:9092) could not be established. Node may not be available.
2026-07-27T00:56:08.177+05:30  WARN 3640 --- [notification-service] [ntainer#0-0-C-1] org.apache.kafka.clients.NetworkClient   : [Consumer clientId=consumer-notification-service-group-1, groupId=notification-service-group] Bootstrap broker localhost:9092 (id: -1 rack: null) disconnected
2026-07-27T00:56:09.033+05:30  INFO 3640 --- [notification-service] [ntainer#1-0-C-1] org.apache.kafka.clients.NetworkClient   : [Consumer clientId=consumer-notification-service-group-2, groupId=notification-service-group] Node -1 disconnected.
2026-07-27T00:56:09.033+05:30  WARN 3640 --- [notification-service] [ntainer#1-0-C-1] org.apache.kafka.clients.NetworkClient   : [Consumer clientId=consumer-notification-service-group-2, groupId=notification-service-group] Connection to node -1 (localhost/127.0.0.1:9092) could not be established. Node may not be available.
2026-07-27T00:56:09.033+05:30  WARN 3640 --- [notification-service] [ntainer#1-0-C-1] org.apache.kafka.clients.NetworkClient   : [Consumer clientId=consumer-notification-service-group-2, groupId=notification-service-group] Bootstrap broker localhost:9092 (id: -1 rack: null) disconnected
2026-07-27T00:56:09.111+05:30  INFO 3640 --- [notification-service] [ntainer#0-0-C-1] org.apache.kafka.clients.NetworkClient   : [Consumer clientId=consumer-notification-service-group-1, groupId=notification-service-group] Node -1 disconnected.
2026-07-27T00:56:09.112+05:30  WARN 3640 --- [notification-service] [ntainer#0-0-C-1] org.apache.kafka.clients.NetworkClient   : [Consumer clientId=consumer-notification-service-group-1, groupId=notification-service-group] Connection to node -1 (localhost/127.0.0.1:9092) could not be established. Node may not be available.
2026-07-27T00:56:09.112+05:30  WARN 3640 --- [notification-service] [ntainer#0-0-C-1] org.apache.kafka.clients.NetworkClient   : [Consumer clientId=consumer-notification-service-group-1, groupId=notification-service-group] Bootstrap broker localhost:9092 (id: -1 rack: null) disconnected
2026-07-27T00:56:10.030+05:30  INFO 3640 --- [notification-service] [ntainer#1-0-C-1] org.apache.kafka.clients.NetworkClient   : [Consumer clientId=consumer-notification-service-group-2, groupId=notification-service-group] Node -1 disconnected.
2026-07-27T00:56:10.030+05:30  WARN 3640 --- [notification-service] [ntainer#1-0-C-1] org.apache.kafka.clients.NetworkClient   : [Consumer clientId=consumer-notification-service-group-2, groupId=notification-service-group] Connection to node -1 (localhost/127.0.0.1:9092) could not be established. Node may not be available.
2026-07-27T00:56:10.030+05:30  WARN 3640 --- [notification-service] [ntainer#1-0-C-1] org.apache.kafka.clients.NetworkClient   : [Consumer clientId=consumer-notification-service-group-2, groupId=notification-service-group] Bootstrap broker localhost:9092 (id: -1 rack: null) disconnected
2026-07-27T00:56:10.123+05:30  INFO 3640 --- [notification-service] [ntainer#0-0-C-1] org.apache.kafka.clients.NetworkClient   : [Consumer clientId=consumer-notification-service-group-1, groupId=notification-service-group] Node -1 disconnected.
2026-07-27T00:56:10.123+05:30  WARN 3640 --- [notification-service] [ntainer#0-0-C-1] org.apache.kafka.clients.NetworkClient   : [Consumer clientId=consumer-notification-service-group-1, groupId=notification-service-group] Connection to node -1 (localhost/127.0.0.1:9092) could not be established. Node may not be available.
2026-07-27T00:56:10.123+05:30  WARN 3640 --- [notification-service] [ntainer#0-0-C-1] org.apache.kafka.clients.NetworkClient   : [Consumer clientId=consumer-notification-service-group-1, groupId=notification-service-group] Bootstrap broker localhost:9092 (id: -1 rack: null) disconnected
2026-07-27T00:56:11.046+05:30  INFO 3640 --- [notification-service] [ntainer#1-0-C-1] org.apache.kafka.clients.NetworkClient   : [Consumer clientId=consumer-notification-service-group-2, groupId=notification-service-group] Node -1 disconnected.
2026-07-27T00:56:11.046+05:30  WARN 3640 --- [notification-service] [ntainer#1-0-C-1] org.apache.kafka.clients.NetworkClient   : [Consumer clientId=consumer-notification-service-group-2, groupId=notification-service-group] Connection to node -1 (localhost/127.0.0.1:9092) could not be established. Node may not be available.
2026-07-27T00:56:11.046+05:30  WARN 3640 --- [notification-service] [ntainer#1-0-C-1] org.apache.kafka.clients.NetworkClient   : [Consumer clientId=consumer-notification-service-group-2, groupId=notification-service-group] Bootstrap broker localhost:9092 (id: -1 rack: null) disconnected
2026-07-27T00:56:11.137+05:30  INFO 3640 --- [notification-service] [ntainer#0-0-C-1] org.apache.kafka.clients.NetworkClient   : [Consumer clientId=consumer-notification-service-group-1, groupId=notification-service-group] Node -1 disconnected.
2026-07-27T00:56:11.137+05:30  WARN 3640 --- [notification-service] [ntainer#0-0-C-1] org.apache.kafka.clients.NetworkClient   : [Consumer clientId=consumer-notification-service-group-1, groupId=notification-service-group] Connection to node -1 (localhost/127.0.0.1:9092) could not be established. Node may not be available.
2026-07-27T00:56:11.137+05:30  WARN 3640 --- [notification-service] [ntainer#0-0-C-1] org.apache.kafka.clients.NetworkClient   : [Consumer clientId=consumer-notification-service-group-1, groupId=notification-service-group] Bootstrap broker localhost:9092 (id: -1 rack: null) disconnected
2026-07-27T00:56:12.062+05:30  INFO 3640 --- [notification-service] [ntainer#1-0-C-1] org.apache.kafka.clients.NetworkClient   : [Consumer clientId=consumer-notification-service-group-2, groupId=notification-service-group] Node -1 disconnected.
2026-07-27T00:56:12.062+05:30  WARN 3640 --- [notification-service] [ntainer#1-0-C-1] org.apache.kafka.clients.NetworkClient   : [Consumer clientId=consumer-notification-service-group-2, groupId=notification-service-group] Connection to node -1 (localhost/127.0.0.1:9092) could not be established. Node may not be available.
2026-07-27T00:56:12.062+05:30  WARN 3640 --- [notification-service] [ntainer#1-0-C-1] org.apache.kafka.clients.NetworkClient   : [Consumer clientId=consumer-notification-service-group-2, groupId=notification-service-group] Bootstrap broker localhost:9092 (id: -1 rack: null) disconnected
2026-07-27T00:56:12.153+05:30  INFO 3640 --- [notification-service] [ntainer#0-0-C-1] org.apache.kafka.clients.NetworkClient   : [Consumer clientId=consumer-notification-service-group-1, groupId=notification-service-group] Node -1 disconnected.
2026-07-27T00:56:12.153+05:30  WARN 3640 --- [notification-service] [ntainer#0-0-C-1] org.apache.kafka.clients.NetworkClient   : [Consumer clientId=consumer-notification-service-group-1, groupId=notification-service-group] Connection to node -1 (localhost/127.0.0.1:9092) could not be established. Node may not be available.
2026-07-27T00:56:12.153+05:30  WARN 3640 --- [notification-service] [ntainer#0-0-C-1] org.apache.kafka.clients.NetworkClient   : [Consumer clientId=consumer-notification-service-group-1, groupId=notification-service-group] Bootstrap broker localhost:9092 (id: -1 rack: null) disconnected
2026-07-27T00:56:12.936+05:30  INFO 3640 --- [notification-service] [ntainer#1-0-C-1] org.apache.kafka.clients.NetworkClient   : [Consumer clientId=consumer-notification-service-group-2, groupId=notification-service-group] Node -1 disconnected.
2026-07-27T00:56:12.936+05:30  WARN 3640 --- [notification-service] [ntainer#1-0-C-1] org.apache.kafka.clients.NetworkClient   : [Consumer clientId=consumer-notification-service-group-2, groupId=notification-service-group] Connection to node -1 (localhost/127.0.0.1:9092) could not be established. Node may not be available.
2026-07-27T00:56:12.936+05:30  WARN 3640 --- [notification-service] [ntainer#1-0-C-1] org.apache.kafka.clients.NetworkClient   : [Consumer clientId=consumer-notification-service-group-2, groupId=notification-service-group] Bootstrap broker localhost:9092 (id: -1 rack: null) disconnected
2026-07-27T00:56:13.155+05:30  INFO 3640 --- [notification-service] [ntainer#0-0-C-1] org.apache.kafka.clients.NetworkClient   : [Consumer clientId=consumer-notification-service-group-1, groupId=notification-service-group] Node -1 disconnected.
2026-07-27T00:56:13.155+05:30  WARN 3640 --- [notification-service] [ntainer#0-0-C-1] org.apache.kafka.clients.NetworkClient   : [Consumer clientId=consumer-notification-service-group-1, groupId=notification-service-group] Connection to node -1 (localhost/127.0.0.1:9092) could not be established. Node may not be available.
2026-07-27T00:56:13.155+05:30  WARN 3640 --- [notification-service] [ntainer#0-0-C-1] org.apache.kafka.clients.NetworkClient   : [Consumer clientId=consumer-notification-service-group-1, groupId=notification-service-group] Bootstrap broker localhost:9092 (id: -1 rack: null) disconnected
2026-07-27T00:56:13.951+05:30  INFO 3640 --- [notification-service] [ntainer#1-0-C-1] org.apache.kafka.clients.NetworkClient   : [Consumer clientId=consumer-notification-service-group-2, groupId=notification-service-group] Node -1 disconnected.
2026-07-27T00:56:13.952+05:30  WARN 3640 --- [notification-service] [ntainer#1-0-C-1] org.apache.kafka.clients.NetworkClient   : [Consumer clientId=consumer-notification-service-group-2, groupId=notification-service-group] Connection to node -1 (localhost/127.0.0.1:9092) could not be established. Node may not be available.
2026-07-27T00:56:13.952+05:30  WARN 3640 --- [notification-service] [ntainer#1-0-C-1] org.apache.kafka.clients.NetworkClient   : [Consumer clientId=consumer-notification-service-group-2, groupId=notification-service-group] Bootstrap broker localhost:9092 (id: -1 rack: null) disconnected
2026-07-27T00:56:14.151+05:30  INFO 3640 --- [notification-service] [ntainer#0-0-C-1] org.apache.kafka.clients.NetworkClient   : [Consumer clientId=consumer-notification-service-group-1, groupId=notification-service-group] Node -1 disconnected.
2026-07-27T00:56:14.151+05:30  WARN 3640 --- [notification-service] [ntainer#0-0-C-1] org.apache.kafka.clients.NetworkClient   : [Consumer clientId=consumer-notification-service-group-1, groupId=notification-service-group] Connection to node -1 (localhost/127.0.0.1:9092) could not be established. Node may not be available.
2026-07-27T00:56:14.151+05:30  WARN 3640 --- [notification-service] [ntainer#0-0-C-1] org.apache.kafka.clients.NetworkClient   : [Consumer clientId=consumer-notification-service-group-1, groupId=notification-service-group] Bootstrap broker localhost:9092 (id: -1 rack: null) disconnected
2026-07-27T00:56:14.963+05:30  INFO 3640 --- [notification-service] [ntainer#1-0-C-1] org.apache.kafka.clients.NetworkClient   : [Consumer clientId=consumer-notification-service-group-2, groupId=notification-service-group] Node -1 disconnected.
2026-07-27T00:56:14.963+05:30  WARN 3640 --- [notification-service] [ntainer#1-0-C-1] org.apache.kafka.clients.NetworkClient   : [Consumer clientId=consumer-notification-service-group-2, groupId=notification-service-group] Connection to node -1 (localhost/127.0.0.1:9092) could not be established. Node may not be available.
2026-07-27T00:56:14.963+05:30  WARN 3640 --- [notification-service] [ntainer#1-0-C-1] org.apache.kafka.clients.NetworkClient   : [Consumer clientId=consumer-notification-service-group-2, groupId=notification-service-group] Bootstrap broker localhost:9092 (id: -1 rack: null) disconnected
2026-07-27T00:56:15.182+05:30  INFO 3640 --- [notification-service] [ntainer#0-0-C-1] org.apache.kafka.clients.NetworkClient   : [Consumer clientId=consumer-notification-service-group-1, groupId=notification-service-group] Node -1 disconnected.
2026-07-27T00:56:15.183+05:30  WARN 3640 --- [notification-service] [ntainer#0-0-C-1] org.apache.kafka.clients.NetworkClient   : [Consumer clientId=consumer-notification-service-group-1, groupId=notification-service-group] Connection to node -1 (localhost/127.0.0.1:9092) could not be established. Node may not be available.
2026-07-27T00:56:15.183+05:30  WARN 3640 --- [notification-service] [ntainer#0-0-C-1] org.apache.kafka.clients.NetworkClient   : [Consumer clientId=consumer-notification-service-group-1, groupId=notification-service-group] Bootstrap broker localhost:9092 (id: -1 rack: null) disconnected
2026-07-27T00:56:15.805+05:30  INFO 3640 --- [notification-service] [ntainer#1-0-C-1] org.apache.kafka.clients.NetworkClient   : [Consumer clientId=consumer-notification-service-group-2, groupId=notification-service-group] Node -1 disconnected.
2026-07-27T00:56:15.806+05:30  WARN 3640 --- [notification-service] [ntainer#1-0-C-1] org.apache.kafka.clients.NetworkClient   : [Consumer clientId=consumer-notification-service-group-2, groupId=notification-service-group] Connection to node -1 (localhost/127.0.0.1:9092) could not be established. Node may not be available.
2026-07-27T00:56:15.806+05:30  WARN 3640 --- [notification-service] [ntainer#1-0-C-1] org.apache.kafka.clients.NetworkClient   : [Consumer clientId=consumer-notification-service-group-2, groupId=notification-service-group] Bootstrap broker localhost:9092 (id: -1 rack: null) disconnected
2026-07-27T00:56:16.194+05:30  INFO 3640 --- [notification-service] [ntainer#0-0-C-1] org.apache.kafka.clients.NetworkClient   : [Consumer clientId=consumer-notification-service-group-1, groupId=notification-service-group] Node -1 disconnected.
2026-07-27T00:56:16.194+05:30  WARN 3640 --- [notification-service] [ntainer#0-0-C-1] org.apache.kafka.clients.NetworkClient   : [Consumer clientId=consumer-notification-service-group-1, groupId=notification-service-group] Connection to node -1 (localhost/127.0.0.1:9092) could not be established. Node may not be available.
2026-07-27T00:56:16.194+05:30  WARN 3640 --- [notification-service] [ntainer#0-0-C-1] org.apache.kafka.clients.NetworkClient   : [Consumer clientId=consumer-notification-service-group-1, groupId=notification-service-group] Bootstrap broker localhost:9092 (id: -1 rack: null) disconnected
2026-07-27T00:56:16.864+05:30  INFO 3640 --- [notification-service] [ntainer#1-0-C-1] org.apache.kafka.clients.NetworkClient   : [Consumer clientId=consumer-notification-service-group-2, groupId=notification-service-group] Node -1 disconnected.
2026-07-27T00:56:16.864+05:30  WARN 3640 --- [notification-service] [ntainer#1-0-C-1] org.apache.kafka.clients.NetworkClient   : [Consumer clientId=consumer-notification-service-group-2, groupId=notification-service-group] Connection to node -1 (localhost/127.0.0.1:9092) could not be established. Node may not be available.
2026-07-27T00:56:16.867+05:30  WARN 3640 --- [notification-service] [ntainer#1-0-C-1] org.apache.kafka.clients.NetworkClient   : [Consumer clientId=consumer-notification-service-group-2, groupId=notification-service-group] Bootstrap broker localhost:9092 (id: -1 rack: null) disconnected
2026-07-27T00:56:17.208+05:30  INFO 3640 --- [notification-service] [ntainer#0-0-C-1] org.apache.kafka.clients.NetworkClient   : [Consumer clientId=consumer-notification-service-group-1, groupId=notification-service-group] Node -1 disconnected.
2026-07-27T00:56:17.209+05:30  WARN 3640 --- [notification-service] [ntainer#0-0-C-1] org.apache.kafka.clients.NetworkClient   : [Consumer clientId=consumer-notification-service-group-1, groupId=notification-service-group] Connection to node -1 (localhost/127.0.0.1:9092) could not be established. Node may not be available.
2026-07-27T00:56:17.209+05:30  WARN 3640 --- [notification-service] [ntainer#0-0-C-1] org.apache.kafka.clients.NetworkClient   : [Consumer clientId=consumer-notification-service-group-1, groupId=notification-service-group] Bootstrap broker localhost:9092 (id: -1 rack: null) disconnected
2026-07-27T00:56:17.862+05:30  INFO 3640 --- [notification-service] [ntainer#1-0-C-1] org.apache.kafka.clients.NetworkClient   : [Consumer clientId=consumer-notification-service-group-2, groupId=notification-service-group] Node -1 disconnected.
2026-07-27T00:56:17.862+05:30  WARN 3640 --- [notification-service] [ntainer#1-0-C-1] org.apache.kafka.clients.NetworkClient   : [Consumer clientId=consumer-notification-service-group-2, groupId=notification-service-group] Connection to node -1 (localhost/127.0.0.1:9092) could not be established. Node may not be available.
2026-07-27T00:56:17.863+05:30  WARN 3640 --- [notification-service] [ntainer#1-0-C-1] org.apache.kafka.clients.NetworkClient   : [Consumer clientId=consumer-notification-service-group-2, groupId=notification-service-group] Bootstrap broker localhost:9092 (id: -1 rack: null) disconnected
2026-07-27T00:56:18.208+05:30  INFO 3640 --- [notification-service] [ntainer#0-0-C-1] org.apache.kafka.clients.NetworkClient   : [Consumer clientId=consumer-notification-service-group-1, groupId=notification-service-group] Node -1 disconnected.
2026-07-27T00:56:18.208+05:30  WARN 3640 --- [notification-service] [ntainer#0-0-C-1] org.apache.kafka.clients.NetworkClient   : [Consumer clientId=consumer-notification-service-group-1, groupId=notification-service-group] Connection to node -1 (localhost/127.0.0.1:9092) could not be established. Node may not be available.
2026-07-27T00:56:18.208+05:30  WARN 3640 --- [notification-service] [ntainer#0-0-C-1] org.apache.kafka.clients.NetworkClient   : [Consumer clientId=consumer-notification-service-group-1, groupId=notification-service-group] Bootstrap broker localhost:9092 (id: -1 rack: null) disconnected
2026-07-27T00:56:18.862+05:30  INFO 3640 --- [notification-service] [ntainer#1-0-C-1] org.apache.kafka.clients.NetworkClient   : [Consumer clientId=consumer-notification-service-group-2, groupId=notification-service-group] Node -1 disconnected.
2026-07-27T00:56:18.862+05:30  WARN 3640 --- [notification-service] [ntainer#1-0-C-1] org.apache.kafka.clients.NetworkClient   : [Consumer clientId=consumer-notification-service-group-2, groupId=notification-service-group] Connection to node -1 (localhost/127.0.0.1:9092) could not be established. Node may not be available.
2026-07-27T00:56:18.862+05:30  WARN 3640 --- [notification-service] [ntainer#1-0-C-1] org.apache.kafka.clients.NetworkClient   : [Consumer clientId=consumer-notification-service-group-2, groupId=notification-service-group] Bootstrap broker localhost:9092 (id: -1 rack: null) disconnected
2026-07-27T00:56:19.142+05:30  INFO 3640 --- [notification-service] [ntainer#0-0-C-1] org.apache.kafka.clients.NetworkClient   : [Consumer clientId=consumer-notification-service-group-1, groupId=notification-service-group] Node -1 disconnected.
2026-07-27T00:56:19.142+05:30  WARN 3640 --- [notification-service] [ntainer#0-0-C-1] org.apache.kafka.clients.NetworkClient   : [Consumer clientId=consumer-notification-service-group-1, groupId=notification-service-group] Connection to node -1 (localhost/127.0.0.1:9092) could not be established. Node may not be available.
2026-07-27T00:56:19.142+05:30  WARN 3640 --- [notification-service] [ntainer#0-0-C-1] org.apache.kafka.clients.NetworkClient   : [Consumer clientId=consumer-notification-service-group-1, groupId=notification-service-group] Bootstrap broker localhost:9092 (id: -1 rack: null) disconnected
2026-07-27T00:56:19.872+05:30  INFO 3640 --- [notification-service] [ntainer#1-0-C-1] org.apache.kafka.clients.NetworkClient   : [Consumer clientId=consumer-notification-service-group-2, groupId=notification-service-group] Node -1 disconnected.
2026-07-27T00:56:19.872+05:30  WARN 3640 --- [notification-service] [ntainer#1-0-C-1] org.apache.kafka.clients.NetworkClient   : [Consumer clientId=consumer-notification-service-group-2, groupId=notification-service-group] Connection to node -1 (localhost/127.0.0.1:9092) could not be established. Node may not be available.
2026-07-27T00:56:19.872+05:30  WARN 3640 --- [notification-service] [ntainer#1-0-C-1] org.apache.kafka.clients.NetworkClient   : [Consumer clientId=consumer-notification-service-group-2, groupId=notification-service-group] Bootstrap broker localhost:9092 (id: -1 rack: null) disconnected
2026-07-27T00:56:20.154+05:30  INFO 3640 --- [notification-service] [ntainer#0-0-C-1] org.apache.kafka.clients.NetworkClient   : [Consumer clientId=consumer-notification-service-group-1, groupId=notification-service-group] Node -1 disconnected.
2026-07-27T00:56:20.154+05:30  WARN 3640 --- [notification-service] [ntainer#0-0-C-1] org.apache.kafka.clients.NetworkClient   : [Consumer clientId=consumer-notification-service-group-1, groupId=notification-service-group] Connection to node -1 (localhost/127.0.0.1:9092) could not be established. Node may not be available.
2026-07-27T00:56:20.154+05:30  WARN 3640 --- [notification-service] [ntainer#0-0-C-1] org.apache.kafka.clients.NetworkClient   : [Consumer clientId=consumer-notification-service-group-1, groupId=notification-service-group] Bootstrap broker localhost:9092 (id: -1 rack: null) disconnected
2026-07-27T00:56:20.884+05:30  INFO 3640 --- [notification-service] [ntainer#1-0-C-1] org.apache.kafka.clients.NetworkClient   : [Consumer clientId=consumer-notification-service-group-2, groupId=notification-service-group] Node -1 disconnected.
2026-07-27T00:56:20.884+05:30  WARN 3640 --- [notification-service] [ntainer#1-0-C-1] org.apache.kafka.clients.NetworkClient   : [Consumer clientId=consumer-notification-service-group-2, groupId=notification-service-group] Connection to node -1 (localhost/127.0.0.1:9092) could not be established. Node may not be available.
2026-07-27T00:56:20.884+05:30  WARN 3640 --- [notification-service] [ntainer#1-0-C-1] org.apache.kafka.clients.NetworkClient   : [Consumer clientId=consumer-notification-service-group-2, groupId=notification-service-group] Bootstrap broker localhost:9092 (id: -1 rack: null) disconnected
2026-07-27T00:56:21.166+05:30  INFO 3640 --- [notification-service] [ntainer#0-0-C-1] org.apache.kafka.clients.NetworkClient   : [Consumer clientId=consumer-notification-service-group-1, groupId=notification-service-group] Node -1 disconnected.
2026-07-27T00:56:21.166+05:30  WARN 3640 --- [notification-service] [ntainer#0-0-C-1] org.apache.kafka.clients.NetworkClient   : [Consumer clientId=consumer-notification-service-group-1, groupId=notification-service-group] Connection to node -1 (localhost/127.0.0.1:9092) could not be established. Node may not be available.
2026-07-27T00:56:21.166+05:30  WARN 3640 --- [notification-service] [ntainer#0-0-C-1] org.apache.kafka.clients.NetworkClient   : [Consumer clientId=consumer-notification-service-group-1, groupId=notification-service-group] Bootstrap broker localhost:9092 (id: -1 rack: null) disconnected
2026-07-27T00:56:21.958+05:30  INFO 3640 --- [notification-service] [ntainer#1-0-C-1] org.apache.kafka.clients.NetworkClient   : [Consumer clientId=consumer-notification-service-group-2, groupId=notification-service-group] Node -1 disconnected.
2026-07-27T00:56:21.958+05:30  WARN 3640 --- [notification-service] [ntainer#1-0-C-1] org.apache.kafka.clients.NetworkClient   : [Consumer clientId=consumer-notification-service-group-2, groupId=notification-service-group] Connection to node -1 (localhost/127.0.0.1:9092) could not be established. Node may not be available.
2026-07-27T00:56:21.958+05:30  WARN 3640 --- [notification-service] [ntainer#1-0-C-1] org.apache.kafka.clients.NetworkClient   : [Consumer clientId=consumer-notification-service-group-2, groupId=notification-service-group] Bootstrap broker localhost:9092 (id: -1 rack: null) disconnected
2026-07-27T00:56:22.144+05:30  INFO 3640 --- [notification-service] [ntainer#0-0-C-1] org.apache.kafka.clients.NetworkClient   : [Consumer clientId=consumer-notification-service-group-1, groupId=notification-service-group] Node -1 disconnected.
2026-07-27T00:56:22.144+05:30  WARN 3640 --- [notification-service] [ntainer#0-0-C-1] org.apache.kafka.clients.NetworkClient   : [Consumer clientId=consumer-notification-service-group-1, groupId=notification-service-group] Connection to node -1 (localhost/127.0.0.1:9092) could not be established. Node may not be available.
2026-07-27T00:56:22.144+05:30  WARN 3640 --- [notification-service] [ntainer#0-0-C-1] org.apache.kafka.clients.NetworkClient   : [Consumer clientId=consumer-notification-service-group-1, groupId=notification-service-group] Bootstrap broker localhost:9092 (id: -1 rack: null) disconnected
2026-07-27T00:56:22.973+05:30  INFO 3640 --- [notification-service] [ntainer#1-0-C-1] org.apache.kafka.clients.NetworkClient   : [Consumer clientId=consumer-notification-service-group-2, groupId=notification-service-group] Node -1 disconnected.
2026-07-27T00:56:22.973+05:30  WARN 3640 --- [notification-service] [ntainer#1-0-C-1] org.apache.kafka.clients.NetworkClient   : [Consumer clientId=consumer-notification-service-group-2, groupId=notification-service-group] Connection to node -1 (localhost/127.0.0.1:9092) could not be established. Node may not be available.
2026-07-27T00:56:22.973+05:30  WARN 3640 --- [notification-service] [ntainer#1-0-C-1] org.apache.kafka.clients.NetworkClient   : [Consumer clientId=consumer-notification-service-group-2, groupId=notification-service-group] Bootstrap broker localhost:9092 (id: -1 rack: null) disconnected
2026-07-27T00:56:23.068+05:30  INFO 3640 --- [notification-service] [ntainer#0-0-C-1] org.apache.kafka.clients.NetworkClient   : [Consumer clientId=consumer-notification-service-group-1, groupId=notification-service-group] Node -1 disconnected.
2026-07-27T00:56:23.068+05:30  WARN 3640 --- [notification-service] [ntainer#0-0-C-1] org.apache.kafka.clients.NetworkClient   : [Consumer clientId=consumer-notification-service-group-1, groupId=notification-service-group] Connection to node -1 (localhost/127.0.0.1:9092) could not be established. Node may not be available.
2026-07-27T00:56:23.068+05:30  WARN 3640 --- [notification-service] [ntainer#0-0-C-1] org.apache.kafka.clients.NetworkClient   : [Consumer clientId=consumer-notification-service-group-1, groupId=notification-service-group] Bootstrap broker localhost:9092 (id: -1 rack: null) disconnected
2026-07-27T00:56:23.785+05:30  INFO 3640 --- [notification-service] [ntainer#1-0-C-1] org.apache.kafka.clients.NetworkClient   : [Consumer clientId=consumer-notification-service-group-2, groupId=notification-service-group] Node -1 disconnected.
2026-07-27T00:56:23.785+05:30  WARN 3640 --- [notification-service] [ntainer#1-0-C-1] org.apache.kafka.clients.NetworkClient   : [Consumer clientId=consumer-notification-service-group-2, groupId=notification-service-group] Connection to node -1 (localhost/127.0.0.1:9092) could not be established. Node may not be available.
2026-07-27T00:56:23.785+05:30  WARN 3640 --- [notification-service] [ntainer#1-0-C-1] org.apache.kafka.clients.NetworkClient   : [Consumer clientId=consumer-notification-service-group-2, groupId=notification-service-group] Bootstrap broker localhost:9092 (id: -1 rack: null) disconnected
2026-07-27T00:56:24.098+05:30  INFO 3640 --- [notification-service] [ntainer#0-0-C-1] org.apache.kafka.clients.NetworkClient   : [Consumer clientId=consumer-notification-service-group-1, groupId=notification-service-group] Node -1 disconnected.
2026-07-27T00:56:24.098+05:30  WARN 3640 --- [notification-service] [ntainer#0-0-C-1] org.apache.kafka.clients.NetworkClient   : [Consumer clientId=consumer-notification-service-group-1, groupId=notification-service-group] Connection to node -1 (localhost/127.0.0.1:9092) could not be established. Node may not be available.
2026-07-27T00:56:24.098+05:30  WARN 3640 --- [notification-service] [ntainer#0-0-C-1] org.apache.kafka.clients.NetworkClient   : [Consumer clientId=consumer-notification-service-group-1, groupId=notification-service-group] Bootstrap broker localhost:9092 (id: -1 rack: null) disconnected
2026-07-27T00:56:24.676+05:30  INFO 3640 --- [notification-service] [ntainer#1-0-C-1] org.apache.kafka.clients.NetworkClient   : [Consumer clientId=consumer-notification-service-group-2, groupId=notification-service-group] Node -1 disconnected.
2026-07-27T00:56:24.676+05:30  WARN 3640 --- [notification-service] [ntainer#1-0-C-1] org.apache.kafka.clients.NetworkClient   : [Consumer clientId=consumer-notification-service-group-2, groupId=notification-service-group] Connection to node -1 (localhost/127.0.0.1:9092) could not be established. Node may not be available.
2026-07-27T00:56:24.677+05:30  WARN 3640 --- [notification-service] [ntainer#1-0-C-1] org.apache.kafka.clients.NetworkClient   : [Consumer clientId=consumer-notification-service-group-2, groupId=notification-service-group] Bootstrap broker localhost:9092 (id: -1 rack: null) disconnected
2026-07-27T00:56:25.159+05:30  INFO 3640 --- [notification-service] [ntainer#0-0-C-1] org.apache.kafka.clients.NetworkClient   : [Consumer clientId=consumer-notification-service-group-1, groupId=notification-service-group] Node -1 disconnected.
2026-07-27T00:56:25.160+05:30  WARN 3640 --- [notification-service] [ntainer#0-0-C-1] org.apache.kafka.clients.NetworkClient   : [Consumer clientId=consumer-notification-service-group-1, groupId=notification-service-group] Connection to node -1 (localhost/127.0.0.1:9092) could not be established. Node may not be available.
2026-07-27T00:56:25.160+05:30  WARN 3640 --- [notification-service] [ntainer#0-0-C-1] org.apache.kafka.clients.NetworkClient   : [Consumer clientId=consumer-notification-service-group-1, groupId=notification-service-group] Bootstrap broker localhost:9092 (id: -1 rack: null) disconnected
2026-07-27T00:56:25.626+05:30  INFO 3640 --- [notification-service] [ntainer#1-0-C-1] org.apache.kafka.clients.NetworkClient   : [Consumer clientId=consumer-notification-service-group-2, groupId=notification-service-group] Node -1 disconnected.
2026-07-27T00:56:25.626+05:30  WARN 3640 --- [notification-service] [ntainer#1-0-C-1] org.apache.kafka.clients.NetworkClient   : [Consumer clientId=consumer-notification-service-group-2, groupId=notification-service-group] Connection to node -1 (localhost/127.0.0.1:9092) could not be established. Node may not be available.
2026-07-27T00:56:25.626+05:30  WARN 3640 --- [notification-service] [ntainer#1-0-C-1] org.apache.kafka.clients.NetworkClient   : [Consumer clientId=consumer-notification-service-group-2, groupId=notification-service-group] Bootstrap broker localhost:9092 (id: -1 rack: null) disconnected
2026-07-27T00:56:26.169+05:30  INFO 3640 --- [notification-service] [ntainer#0-0-C-1] org.apache.kafka.clients.NetworkClient   : [Consumer clientId=consumer-notification-service-group-1, groupId=notification-service-group] Node -1 disconnected.
2026-07-27T00:56:26.169+05:30  WARN 3640 --- [notification-service] [ntainer#0-0-C-1] org.apache.kafka.clients.NetworkClient   : [Consumer clientId=consumer-notification-service-group-1, groupId=notification-service-group] Connection to node -1 (localhost/127.0.0.1:9092) could not be established. Node may not be available.
2026-07-27T00:56:26.169+05:30  WARN 3640 --- [notification-service] [ntainer#0-0-C-1] org.apache.kafka.clients.NetworkClient   : [Consumer clientId=consumer-notification-service-group-1, groupId=notification-service-group] Bootstrap broker localhost:9092 (id: -1 rack: null) disconnected
2026-07-27T00:56:26.561+05:30  INFO 3640 --- [notification-service] [ntainer#1-0-C-1] org.apache.kafka.clients.NetworkClient   : [Consumer clientId=consumer-notification-service-group-2, groupId=notification-service-group] Node -1 disconnected.
2026-07-27T00:56:26.561+05:30  WARN 3640 --- [notification-service] [ntainer#1-0-C-1] org.apache.kafka.clients.NetworkClient   : [Consumer clientId=consumer-notification-service-group-2, groupId=notification-service-group] Connection to node -1 (localhost/127.0.0.1:9092) could not be established. Node may not be available.
2026-07-27T00:56:26.561+05:30  WARN 3640 --- [notification-service] [ntainer#1-0-C-1] org.apache.kafka.clients.NetworkClient   : [Consumer clientId=consumer-notification-service-group-2, groupId=notification-service-group] Bootstrap broker localhost:9092 (id: -1 rack: null) disconnected
2026-07-27T00:56:27.184+05:30  INFO 3640 --- [notification-service] [ntainer#0-0-C-1] org.apache.kafka.clients.NetworkClient   : [Consumer clientId=consumer-notification-service-group-1, groupId=notification-service-group] Node -1 disconnected.
2026-07-27T00:56:27.184+05:30  WARN 3640 --- [notification-service] [ntainer#0-0-C-1] org.apache.kafka.clients.NetworkClient   : [Consumer clientId=consumer-notification-service-group-1, groupId=notification-service-group] Connection to node -1 (localhost/127.0.0.1:9092) could not be established. Node may not be available.
2026-07-27T00:56:27.184+05:30  WARN 3640 --- [notification-service] [ntainer#0-0-C-1] org.apache.kafka.clients.NetworkClient   : [Consumer clientId=consumer-notification-service-group-1, groupId=notification-service-group] Bootstrap broker localhost:9092 (id: -1 rack: null) disconnected
2026-07-27T00:56:27.573+05:30  INFO 3640 --- [notification-service] [ntainer#1-0-C-1] org.apache.kafka.clients.NetworkClient   : [Consumer clientId=consumer-notification-service-group-2, groupId=notification-service-group] Node -1 disconnected.
2026-07-27T00:56:27.573+05:30  WARN 3640 --- [notification-service] [ntainer#1-0-C-1] org.apache.kafka.clients.NetworkClient   : [Consumer clientId=consumer-notification-service-group-2, groupId=notification-service-group] Connection to node -1 (localhost/127.0.0.1:9092) could not be established. Node may not be available.
2026-07-27T00:56:27.573+05:30  WARN 3640 --- [notification-service] [ntainer#1-0-C-1] org.apache.kafka.clients.NetworkClient   : [Consumer clientId=consumer-notification-service-group-2, groupId=notification-service-group] Bootstrap broker localhost:9092 (id: -1 rack: null) disconnected
2026-07-27T00:56:28.055+05:30  INFO 3640 --- [notification-service] [ntainer#0-0-C-1] org.apache.kafka.clients.NetworkClient   : [Consumer clientId=consumer-notification-service-group-1, groupId=notification-service-group] Node -1 disconnected.
2026-07-27T00:56:28.055+05:30  WARN 3640 --- [notification-service] [ntainer#0-0-C-1] org.apache.kafka.clients.NetworkClient   : [Consumer clientId=consumer-notification-service-group-1, groupId=notification-service-group] Connection to node -1 (localhost/127.0.0.1:9092) could not be established. Node may not be available.
2026-07-27T00:56:28.055+05:30  WARN 3640 --- [notification-service] [ntainer#0-0-C-1] org.apache.kafka.clients.NetworkClient   : [Consumer clientId=consumer-notification-service-group-1, groupId=notification-service-group] Bootstrap broker localhost:9092 (id: -1 rack: null) disconnected
2026-07-27T00:56:28.636+05:30  INFO 3640 --- [notification-service] [ntainer#1-0-C-1] org.apache.kafka.clients.NetworkClient   : [Consumer clientId=consumer-notification-service-group-2, groupId=notification-service-group] Node -1 disconnected.
2026-07-27T00:56:28.636+05:30  WARN 3640 --- [notification-service] [ntainer#1-0-C-1] org.apache.kafka.clients.NetworkClient   : [Consumer clientId=consumer-notification-service-group-2, groupId=notification-service-group] Connection to node -1 (localhost/127.0.0.1:9092) could not be established. Node may not be available.
2026-07-27T00:56:28.636+05:30  WARN 3640 --- [notification-service] [ntainer#1-0-C-1] org.apache.kafka.clients.NetworkClient   : [Consumer clientId=consumer-notification-service-group-2, groupId=notification-service-group] Bootstrap broker localhost:9092 (id: -1 rack: null) disconnected
2026-07-27T00:56:29.056+05:30  INFO 3640 --- [notification-service] [ntainer#0-0-C-1] org.apache.kafka.clients.NetworkClient   : [Consumer clientId=consumer-notification-service-group-1, groupId=notification-service-group] Node -1 disconnected.
2026-07-27T00:56:29.056+05:30  WARN 3640 --- [notification-service] [ntainer#0-0-C-1] org.apache.kafka.clients.NetworkClient   : [Consumer clientId=consumer-notification-service-group-1, groupId=notification-service-group] Connection to node -1 (localhost/127.0.0.1:9092) could not be established. Node may not be available.
2026-07-27T00:56:29.056+05:30  WARN 3640 --- [notification-service] [ntainer#0-0-C-1] org.apache.kafka.clients.NetworkClient   : [Consumer clientId=consumer-notification-service-group-1, groupId=notification-service-group] Bootstrap broker localhost:9092 (id: -1 rack: null) disconnected
2026-07-27T00:56:29.694+05:30  INFO 3640 --- [notification-service] [ntainer#1-0-C-1] org.apache.kafka.clients.NetworkClient   : [Consumer clientId=consumer-notification-service-group-2, groupId=notification-service-group] Node -1 disconnected.
2026-07-27T00:56:29.694+05:30  WARN 3640 --- [notification-service] [ntainer#1-0-C-1] org.apache.kafka.clients.NetworkClient   : [Consumer clientId=consumer-notification-service-group-2, groupId=notification-service-group] Connection to node -1 (localhost/127.0.0.1:9092) could not be established. Node may not be available.
2026-07-27T00:56:29.695+05:30  WARN 3640 --- [notification-service] [ntainer#1-0-C-1] org.apache.kafka.clients.NetworkClient   : [Consumer clientId=consumer-notification-service-group-2, groupId=notification-service-group] Bootstrap broker localhost:9092 (id: -1 rack: null) disconnected
2026-07-27T00:56:30.019+05:30  INFO 3640 --- [notification-service] [ntainer#0-0-C-1] org.apache.kafka.clients.NetworkClient   : [Consumer clientId=consumer-notification-service-group-1, groupId=notification-service-group] Node -1 disconnected.
2026-07-27T00:56:30.019+05:30  WARN 3640 --- [notification-service] [ntainer#0-0-C-1] org.apache.kafka.clients.NetworkClient   : [Consumer clientId=consumer-notification-service-group-1, groupId=notification-service-group] Connection to node -1 (localhost/127.0.0.1:9092) could not be established. Node may not be available.
2026-07-27T00:56:30.020+05:30  WARN 3640 --- [notification-service] [ntainer#0-0-C-1] org.apache.kafka.clients.NetworkClient   : [Consumer clientId=consumer-notification-service-group-1, groupId=notification-service-group] Bootstrap broker localhost:9092 (id: -1 rack: null) disconnected
2026-07-27T00:56:30.705+05:30  INFO 3640 --- [notification-service] [ntainer#1-0-C-1] org.apache.kafka.clients.NetworkClient   : [Consumer clientId=consumer-notification-service-group-2, groupId=notification-service-group] Node -1 disconnected.
2026-07-27T00:56:30.705+05:30  WARN 3640 --- [notification-service] [ntainer#1-0-C-1] org.apache.kafka.clients.NetworkClient   : [Consumer clientId=consumer-notification-service-group-2, groupId=notification-service-group] Connection to node -1 (localhost/127.0.0.1:9092) could not be established. Node may not be available.
2026-07-27T00:56:30.705+05:30  WARN 3640 --- [notification-service] [ntainer#1-0-C-1] org.apache.kafka.clients.NetworkClient   : [Consumer clientId=consumer-notification-service-group-2, groupId=notification-service-group] Bootstrap broker localhost:9092 (id: -1 rack: null) disconnected
2026-07-27T00:56:30.969+05:30  INFO 3640 --- [notification-service] [ntainer#0-0-C-1] org.apache.kafka.clients.NetworkClient   : [Consumer clientId=consumer-notification-service-group-1, groupId=notification-service-group] Node -1 disconnected.
2026-07-27T00:56:30.969+05:30  WARN 3640 --- [notification-service] [ntainer#0-0-C-1] org.apache.kafka.clients.NetworkClient   : [Consumer clientId=consumer-notification-service-group-1, groupId=notification-service-group] Connection to node -1 (localhost/127.0.0.1:9092) could not be established. Node may not be available.
2026-07-27T00:56:30.969+05:30  WARN 3640 --- [notification-service] [ntainer#0-0-C-1] org.apache.kafka.clients.NetworkClient   : [Consumer clientId=consumer-notification-service-group-1, groupId=notification-service-group] Bootstrap broker localhost:9092 (id: -1 rack: null) disconnected
2026-07-27T00:56:31.576+05:30  INFO 3640 --- [notification-service] [ntainer#1-0-C-1] org.apache.kafka.clients.NetworkClient   : [Consumer clientId=consumer-notification-service-group-2, groupId=notification-service-group] Node -1 disconnected.
2026-07-27T00:56:31.576+05:30  WARN 3640 --- [notification-service] [ntainer#1-0-C-1] org.apache.kafka.clients.NetworkClient   : [Consumer clientId=consumer-notification-service-group-2, groupId=notification-service-group] Connection to node -1 (localhost/127.0.0.1:9092) could not be established. Node may not be available.
2026-07-27T00:56:31.576+05:30  WARN 3640 --- [notification-service] [ntainer#1-0-C-1] org.apache.kafka.clients.NetworkClient   : [Consumer clientId=consumer-notification-service-group-2, groupId=notification-service-group] Bootstrap broker localhost:9092 (id: -1 rack: null) disconnected
2026-07-27T00:56:32.025+05:30  INFO 3640 --- [notification-service] [ntainer#0-0-C-1] org.apache.kafka.clients.NetworkClient   : [Consumer clientId=consumer-notification-service-group-1, groupId=notification-service-group] Node -1 disconnected.
2026-07-27T00:56:32.026+05:30  WARN 3640 --- [notification-service] [ntainer#0-0-C-1] org.apache.kafka.clients.NetworkClient   : [Consumer clientId=consumer-notification-service-group-1, groupId=notification-service-group] Connection to node -1 (localhost/127.0.0.1:9092) could not be established. Node may not be available.
2026-07-27T00:56:32.026+05:30  WARN 3640 --- [notification-service] [ntainer#0-0-C-1] org.apache.kafka.clients.NetworkClient   : [Consumer clientId=consumer-notification-service-group-1, groupId=notification-service-group] Bootstrap broker localhost:9092 (id: -1 rack: null) disconnected
2026-07-27T00:56:32.569+05:30  INFO 3640 --- [notification-service] [ntainer#1-0-C-1] org.apache.kafka.clients.NetworkClient   : [Consumer clientId=consumer-notification-service-group-2, groupId=notification-service-group] Node -1 disconnected.
2026-07-27T00:56:32.569+05:30  WARN 3640 --- [notification-service] [ntainer#1-0-C-1] org.apache.kafka.clients.NetworkClient   : [Consumer clientId=consumer-notification-service-group-2, groupId=notification-service-group] Connection to node -1 (localhost/127.0.0.1:9092) could not be established. Node may not be available.
2026-07-27T00:56:32.569+05:30  WARN 3640 --- [notification-service] [ntainer#1-0-C-1] org.apache.kafka.clients.NetworkClient   : [Consumer clientId=consumer-notification-service-group-2, groupId=notification-service-group] Bootstrap broker localhost:9092 (id: -1 rack: null) disconnected
2026-07-27T00:56:33.037+05:30  INFO 3640 --- [notification-service] [ntainer#0-0-C-1] org.apache.kafka.clients.NetworkClient   : [Consumer clientId=consumer-notification-service-group-1, groupId=notification-service-group] Node -1 disconnected.
2026-07-27T00:56:33.038+05:30  WARN 3640 --- [notification-service] [ntainer#0-0-C-1] org.apache.kafka.clients.NetworkClient   : [Consumer clientId=consumer-notification-service-group-1, groupId=notification-service-group] Connection to node -1 (localhost/127.0.0.1:9092) could not be established. Node may not be available.
2026-07-27T00:56:33.040+05:30  WARN 3640 --- [notification-service] [ntainer#0-0-C-1] org.apache.kafka.clients.NetworkClient   : [Consumer clientId=consumer-notification-service-group-1, groupId=notification-service-group] Bootstrap broker localhost:9092 (id: -1 rack: null) disconnected
2026-07-27T00:56:33.582+05:30  INFO 3640 --- [notification-service] [ntainer#1-0-C-1] org.apache.kafka.clients.NetworkClient   : [Consumer clientId=consumer-notification-service-group-2, groupId=notification-service-group] Node -1 disconnected.
2026-07-27T00:56:33.582+05:30  WARN 3640 --- [notification-service] [ntainer#1-0-C-1] org.apache.kafka.clients.NetworkClient   : [Consumer clientId=consumer-notification-service-group-2, groupId=notification-service-group] Connection to node -1 (localhost/127.0.0.1:9092) could not be established. Node may not be available.
2026-07-27T00:56:33.584+05:30  WARN 3640 --- [notification-service] [ntainer#1-0-C-1] org.apache.kafka.clients.NetworkClient   : [Consumer clientId=consumer-notification-service-group-2, groupId=notification-service-group] Bootstrap broker localhost:9092 (id: -1 rack: null) disconnected
2026-07-27T00:56:34.050+05:30  INFO 3640 --- [notification-service] [ntainer#0-0-C-1] org.apache.kafka.clients.NetworkClient   : [Consumer clientId=consumer-notification-service-group-1, groupId=notification-service-group] Node -1 disconnected.
2026-07-27T00:56:34.050+05:30  WARN 3640 --- [notification-service] [ntainer#0-0-C-1] org.apache.kafka.clients.NetworkClient   : [Consumer clientId=consumer-notification-service-group-1, groupId=notification-service-group] Connection to node -1 (localhost/127.0.0.1:9092) could not be established. Node may not be available.
2026-07-27T00:56:34.050+05:30  WARN 3640 --- [notification-service] [ntainer#0-0-C-1] org.apache.kafka.clients.NetworkClient   : [Consumer clientId=consumer-notification-service-group-1, groupId=notification-service-group] Bootstrap broker localhost:9092 (id: -1 rack: null) disconnected
2026-07-27T00:56:34.642+05:30  INFO 3640 --- [notification-service] [ntainer#1-0-C-1] org.apache.kafka.clients.NetworkClient   : [Consumer clientId=consumer-notification-service-group-2, groupId=notification-service-group] Node -1 disconnected.
2026-07-27T00:56:34.642+05:30  WARN 3640 --- [notification-service] [ntainer#1-0-C-1] org.apache.kafka.clients.NetworkClient   : [Consumer clientId=consumer-notification-service-group-2, groupId=notification-service-group] Connection to node -1 (localhost/127.0.0.1:9092) could not be established. Node may not be available.
2026-07-27T00:56:34.642+05:30  WARN 3640 --- [notification-service] [ntainer#1-0-C-1] org.apache.kafka.clients.NetworkClient   : [Consumer clientId=consumer-notification-service-group-2, groupId=notification-service-group] Bootstrap broker localhost:9092 (id: -1 rack: null) disconnected
2026-07-27T00:56:34.987+05:30  INFO 3640 --- [notification-service] [ntainer#0-0-C-1] org.apache.kafka.clients.NetworkClient   : [Consumer clientId=consumer-notification-service-group-1, groupId=notification-service-group] Node -1 disconnected.
2026-07-27T00:56:34.987+05:30  WARN 3640 --- [notification-service] [ntainer#0-0-C-1] org.apache.kafka.clients.NetworkClient   : [Consumer clientId=consumer-notification-service-group-1, groupId=notification-service-group] Connection to node -1 (localhost/127.0.0.1:9092) could not be established. Node may not be available.
2026-07-27T00:56:34.987+05:30  WARN 3640 --- [notification-service] [ntainer#0-0-C-1] org.apache.kafka.clients.NetworkClient   : [Consumer clientId=consumer-notification-service-group-1, groupId=notification-service-group] Bootstrap broker localhost:9092 (id: -1 rack: null) disconnected
2026-07-27T00:56:35.452+05:30  INFO 3640 --- [notification-service] [ntainer#1-0-C-1] org.apache.kafka.clients.NetworkClient   : [Consumer clientId=consumer-notification-service-group-2, groupId=notification-service-group] Node -1 disconnected.
2026-07-27T00:56:35.452+05:30  WARN 3640 --- [notification-service] [ntainer#1-0-C-1] org.apache.kafka.clients.NetworkClient   : [Consumer clientId=consumer-notification-service-group-2, groupId=notification-service-group] Connection to node -1 (localhost/127.0.0.1:9092) could not be established. Node may not be available.
2026-07-27T00:56:35.452+05:30  WARN 3640 --- [notification-service] [ntainer#1-0-C-1] org.apache.kafka.clients.NetworkClient   : [Consumer clientId=consumer-notification-service-group-2, groupId=notification-service-group] Bootstrap broker localhost:9092 (id: -1 rack: null) disconnected
