WARNING: A restricted method in java.lang.System has been called
WARNING: java.lang.System::load has been called by org.fusesource.jansi.internal.JansiLoader in an unnamed module (file:/C:/Users/ADMIN/.m2/wrapper/dists/apache-maven-3.9.9/8e74001100ff70d6af083c5511fcc5ec49282d7017cde82c3698eee8fdf86698/lib/jansi-2.4.1.jar)
WARNING: Use --enable-native-access=ALL-UNNAMED to avoid a warning for callers in this module
WARNING: Restricted methods will be blocked in a future release unless native access is enabled

WARNING: A terminally deprecated method in sun.misc.Unsafe has been called
WARNING: sun.misc.Unsafe::objectFieldOffset has been called by com.google.common.util.concurrent.AbstractFuture$UnsafeAtomicHelper (file:/C:/Users/ADMIN/.m2/wrapper/dists/apache-maven-3.9.9/8e74001100ff70d6af083c5511fcc5ec49282d7017cde82c3698eee8fdf86698/lib/guava-33.2.1-jre.jar)
WARNING: Please consider reporting this to the maintainers of class com.google.common.util.concurrent.AbstractFuture$UnsafeAtomicHelper
WARNING: sun.misc.Unsafe::objectFieldOffset will be removed in a future release
[INFO] Scanning for projects...
[INFO] 
[INFO] ---------------------< com.shubham:order-service >----------------------
[INFO] Building order-service 1.0.0
[INFO]   from pom.xml
[INFO] --------------------------------[ jar ]---------------------------------
[INFO] 
[INFO] >>> spring-boot:3.3.3:run (default-cli) > test-compile @ order-service >>>
[INFO] 
[INFO] --- resources:3.3.1:resources (default-resources) @ order-service ---
[INFO] Copying 1 resource from src\main\resources to target\classes
[INFO] Copying 0 resource from src\main\resources to target\classes
[INFO] 
[INFO] --- compiler:3.13.0:compile (default-compile) @ order-service ---
[INFO] Nothing to compile - all classes are up to date.
[INFO] 
[INFO] --- resources:3.3.1:testResources (default-testResources) @ order-service ---
[INFO] skip non existing resourceDirectory D:\OrderPulse\order-service\src\test\resources
[INFO] 
[INFO] --- compiler:3.13.0:testCompile (default-testCompile) @ order-service ---
[INFO] No sources to compile
[INFO] 
[INFO] <<< spring-boot:3.3.3:run (default-cli) < test-compile @ order-service <<<
[INFO] 
[INFO] 
[INFO] --- spring-boot:3.3.3:run (default-cli) @ order-service ---
[INFO] Attaching agents: []

  .   ____          _            __ _ _
 /\\ / ___'_ __ _ _(_)_ __  __ _ \ \ \ \
( ( )\___ | '_ | '_| | '_ \/ _` | \ \ \ \
 \\/  ___)| |_)| | | | | || (_| |  ) ) ) )
  '  |____| .__|_| |_|_| |_\__, | / / / /
 =========|_|==============|___/=/_/_/_/

 :: Spring Boot ::                (v3.3.3)

2026-07-27T00:51:07.296+05:30  INFO 13892 --- [order-service] [           main] c.s.o.OrderServiceApplication            : Starting OrderServiceApplication using Java 25.0.3 with PID 13892 (D:\OrderPulse\order-service\target\classes started by ADMIN in D:\OrderPulse\order-service)
2026-07-27T00:51:07.304+05:30  INFO 13892 --- [order-service] [           main] c.s.o.OrderServiceApplication            : No active profile set, falling back to 1 default profile: "default"
2026-07-27T00:51:11.360+05:30  INFO 13892 --- [order-service] [           main] .s.d.r.c.RepositoryConfigurationDelegate : Bootstrapping Spring Data JPA repositories in DEFAULT mode.
2026-07-27T00:51:11.831+05:30  INFO 13892 --- [order-service] [           main] .s.d.r.c.RepositoryConfigurationDelegate : Finished Spring Data repository scanning in 451 ms. Found 1 JPA repository interface.
2026-07-27T00:51:12.875+05:30  INFO 13892 --- [order-service] [           main] o.s.cloud.context.scope.GenericScope     : BeanFactory id=d590bb61-5a9e-37ca-9371-3100b7e2d751
2026-07-27T00:51:13.893+05:30  WARN 13892 --- [order-service] [           main] trationDelegate$BeanPostProcessorChecker : Bean 'org.springframework.cloud.client.loadbalancer.LoadBalancerAutoConfiguration$DeferringLoadBalancerInterceptorConfig' of type [org.springframework.cloud.client.loadbalancer.LoadBalancerAutoConfiguration$DeferringLoadBalancerInterceptorConfig] is not eligible for getting processed by all BeanPostProcessors (for example: not eligible for auto-proxying). The currently created BeanPostProcessor [lbRestClientPostProcessor] is declared through a non-static factory method on that class; consider declaring it as static instead.
2026-07-27T00:51:13.910+05:30  WARN 13892 --- [order-service] [           main] trationDelegate$BeanPostProcessorChecker : Bean 'deferringLoadBalancerInterceptor' of type [org.springframework.cloud.client.loadbalancer.DeferringLoadBalancerInterceptor] is not eligible for getting processed by all BeanPostProcessors (for example: not eligible for auto-proxying). Is this bean getting eagerly injected into a currently created BeanPostProcessor [lbRestClientPostProcessor]? Check the corresponding BeanPostProcessor declaration and its dependencies.
WARNING: A restricted method in java.lang.System has been called
WARNING: java.lang.System::load has been called by org.apache.tomcat.jni.Library in an unnamed module (file:/C:/Users/ADMIN/.m2/repository/org/apache/tomcat/embed/tomcat-embed-core/10.1.28/tomcat-embed-core-10.1.28.jar)
WARNING: Use --enable-native-access=ALL-UNNAMED to avoid a warning for callers in this module
WARNING: Restricted methods will be blocked in a future release unless native access is enabled

2026-07-27T00:51:14.954+05:30  INFO 13892 --- [order-service] [           main] o.s.b.w.embedded.tomcat.TomcatWebServer  : Tomcat initialized with port 8083 (http)
2026-07-27T00:51:14.992+05:30  INFO 13892 --- [order-service] [           main] o.apache.catalina.core.StandardService   : Starting service [Tomcat]
2026-07-27T00:51:14.993+05:30  INFO 13892 --- [order-service] [           main] o.apache.catalina.core.StandardEngine    : Starting Servlet engine: [Apache Tomcat/10.1.28]
2026-07-27T00:51:15.268+05:30  INFO 13892 --- [order-service] [           main] o.a.c.c.C.[Tomcat].[localhost].[/]       : Initializing Spring embedded WebApplicationContext
2026-07-27T00:51:15.269+05:30  INFO 13892 --- [order-service] [           main] w.s.c.ServletWebServerApplicationContext : Root WebApplicationContext: initialization completed in 7814 ms
2026-07-27T00:51:15.807+05:30  INFO 13892 --- [order-service] [           main] com.zaxxer.hikari.HikariDataSource       : HikariPool-1 - Starting...
2026-07-27T00:51:16.401+05:30  INFO 13892 --- [order-service] [           main] com.zaxxer.hikari.pool.HikariPool        : HikariPool-1 - Added connection conn0: url=jdbc:h2:mem:orders_db user=SA
2026-07-27T00:51:16.407+05:30  INFO 13892 --- [order-service] [           main] com.zaxxer.hikari.HikariDataSource       : HikariPool-1 - Start completed.
2026-07-27T00:51:16.460+05:30  INFO 13892 --- [order-service] [           main] o.s.b.a.h2.H2ConsoleAutoConfiguration    : H2 console available at '/h2-console'. Database available at 'jdbc:h2:mem:orders_db'
2026-07-27T00:51:17.141+05:30  INFO 13892 --- [order-service] [           main] o.hibernate.jpa.internal.util.LogHelper  : HHH000204: Processing PersistenceUnitInfo [name: default]
2026-07-27T00:51:17.296+05:30  INFO 13892 --- [order-service] [           main] org.hibernate.Version                    : HHH000412: Hibernate ORM core version 6.5.2.Final
2026-07-27T00:51:17.397+05:30  INFO 13892 --- [order-service] [           main] o.h.c.internal.RegionFactoryInitiator    : HHH000026: Second-level cache disabled
2026-07-27T00:51:18.188+05:30  INFO 13892 --- [order-service] [           main] o.s.o.j.p.SpringPersistenceUnitInfo      : No LoadTimeWeaver setup: ignoring JPA class transformer
2026-07-27T00:51:20.193+05:30  INFO 13892 --- [order-service] [           main] o.h.e.t.j.p.i.JtaPlatformInitiator       : HHH000489: No JTA platform available (set 'hibernate.transaction.jta.platform' to enable JTA platform integration)
Hibernate: create table orders (id bigint generated by default as identity, created_at timestamp(6), product_id bigint, quantity integer, status varchar(255), total_price numeric(38,2), user_id bigint, primary key (id))
2026-07-27T00:51:20.318+05:30  INFO 13892 --- [order-service] [           main] j.LocalContainerEntityManagerFactoryBean : Initialized JPA EntityManagerFactory for persistence unit 'default'
2026-07-27T00:51:21.590+05:30  WARN 13892 --- [order-service] [           main] JpaBaseConfiguration$JpaWebConfiguration : spring.jpa.open-in-view is enabled by default. Therefore, database queries may be performed during view rendering. Explicitly configure spring.jpa.open-in-view to disable this warning
2026-07-27T00:51:24.859+05:30  INFO 13892 --- [order-service] [           main] DiscoveryClientOptionalArgsConfiguration : Eureka HTTP Client uses RestTemplate.
2026-07-27T00:51:24.978+05:30  WARN 13892 --- [order-service] [           main] iguration$LoadBalancerCaffeineWarnLogger : Spring Cloud LoadBalancer is currently working with the default cache. While this cache implementation is useful for development and tests, it's recommended to use Caffeine cache in production.You can switch to using Caffeine cache, by adding it and org.springframework.cache.caffeine.CaffeineCacheManager to the classpath.
2026-07-27T00:51:25.025+05:30  INFO 13892 --- [order-service] [           main] o.s.b.a.e.web.EndpointLinksResolver      : Exposing 5 endpoints beneath base path '/actuator'
2026-07-27T00:51:25.184+05:30  INFO 13892 --- [order-service] [           main] o.s.b.w.embedded.tomcat.TomcatWebServer  : Tomcat started on port 8083 (http) with context path '/'
2026-07-27T00:51:25.212+05:30  INFO 13892 --- [order-service] [           main] c.s.o.OrderServiceApplication            : Started OrderServiceApplication in 20.156 seconds (process running for 23.176)
2026-07-27T00:51:42.034+05:30  INFO 13892 --- [order-service] [nio-8083-exec-1] o.a.c.c.C.[Tomcat].[localhost].[/]       : Initializing Spring DispatcherServlet 'dispatcherServlet'
2026-07-27T00:51:42.034+05:30  INFO 13892 --- [order-service] [nio-8083-exec-1] o.s.web.servlet.DispatcherServlet        : Initializing Servlet 'dispatcherServlet'
2026-07-27T00:51:42.039+05:30  INFO 13892 --- [order-service] [nio-8083-exec-1] o.s.web.servlet.DispatcherServlet        : Completed initialization in 5 ms
Hibernate: select o1_0.id,o1_0.created_at,o1_0.product_id,o1_0.quantity,o1_0.status,o1_0.total_price,o1_0.user_id from orders o1_0 where o1_0.user_id=?
Hibernate: insert into orders (created_at,product_id,quantity,status,total_price,user_id,id) values (?,?,?,?,?,?,default)
Hibernate: insert into orders (created_at,product_id,quantity,status,total_price,user_id,id) values (?,?,?,?,?,?,default)
Hibernate: insert into orders (created_at,product_id,quantity,status,total_price,user_id,id) values (?,?,?,?,?,?,default)
2026-07-27T00:51:53.887+05:30  INFO 13892 --- [order-service] [nio-8083-exec-2] c.s.orderservice.service.OrderService    : Payment processed for order: 1
2026-07-27T00:51:53.979+05:30  INFO 13892 --- [order-service] [nio-8083-exec-2] o.a.k.clients.producer.ProducerConfig    : ProducerConfig values: 
	acks = -1
	auto.include.jmx.reporter = true
	batch.size = 16384
	bootstrap.servers = [localhost:9092]
	buffer.memory = 33554432
	client.dns.lookup = use_all_dns_ips
	client.id = order-service-producer-1
	compression.type = none
	connections.max.idle.ms = 540000
	delivery.timeout.ms = 120000
	enable.idempotence = true
	enable.metrics.push = true
	interceptor.classes = []
	key.serializer = class org.apache.kafka.common.serialization.StringSerializer
	linger.ms = 0
	max.block.ms = 2000
	max.in.flight.requests.per.connection = 5
	max.request.size = 1048576
	metadata.max.age.ms = 300000
	metadata.max.idle.ms = 300000
	metric.reporters = []
	metrics.num.samples = 2
	metrics.recording.level = INFO
	metrics.sample.window.ms = 30000
	partitioner.adaptive.partitioning.enable = true
	partitioner.availability.timeout.ms = 0
	partitioner.class = null
	partitioner.ignore.keys = false
	receive.buffer.bytes = 32768
	reconnect.backoff.max.ms = 1000
	reconnect.backoff.ms = 50
	request.timeout.ms = 2000
	retries = 2147483647
	retry.backoff.max.ms = 1000
	retry.backoff.ms = 100
	sasl.client.callback.handler.class = null
	sasl.jaas.config = null
	sasl.kerberos.kinit.cmd = /usr/bin/kinit
	sasl.kerberos.min.time.before.relogin = 60000
	sasl.kerberos.service.name = null
	sasl.kerberos.ticket.renew.jitter = 0.05
	sasl.kerberos.ticket.renew.window.factor = 0.8
	sasl.login.callback.handler.class = null
	sasl.login.class = null
	sasl.login.connect.timeout.ms = null
	sasl.login.read.timeout.ms = null
	sasl.login.refresh.buffer.seconds = 300
	sasl.login.refresh.min.period.seconds = 60
	sasl.login.refresh.window.factor = 0.8
	sasl.login.refresh.window.jitter = 0.05
	sasl.login.retry.backoff.max.ms = 10000
	sasl.login.retry.backoff.ms = 100
	sasl.mechanism = GSSAPI
	sasl.oauthbearer.clock.skew.seconds = 30
	sasl.oauthbearer.expected.audience = null
	sasl.oauthbearer.expected.issuer = null
	sasl.oauthbearer.jwks.endpoint.refresh.ms = 3600000
	sasl.oauthbearer.jwks.endpoint.retry.backoff.max.ms = 10000
	sasl.oauthbearer.jwks.endpoint.retry.backoff.ms = 100
	sasl.oauthbearer.jwks.endpoint.url = null
	sasl.oauthbearer.scope.claim.name = scope
	sasl.oauthbearer.sub.claim.name = sub
	sasl.oauthbearer.token.endpoint.url = null
	security.protocol = PLAINTEXT
	security.providers = null
	send.buffer.bytes = 131072
	socket.connection.setup.timeout.max.ms = 30000
	socket.connection.setup.timeout.ms = 10000
	ssl.cipher.suites = null
	ssl.enabled.protocols = [TLSv1.2, TLSv1.3]
	ssl.endpoint.identification.algorithm = https
	ssl.engine.factory.class = null
	ssl.key.password = null
	ssl.keymanager.algorithm = SunX509
	ssl.keystore.certificate.chain = null
	ssl.keystore.key = null
	ssl.keystore.location = null
	ssl.keystore.password = null
	ssl.keystore.type = JKS
	ssl.protocol = TLSv1.3
	ssl.provider = null
	ssl.secure.random.implementation = null
	ssl.trustmanager.algorithm = PKIX
	ssl.truststore.certificates = null
	ssl.truststore.location = null
	ssl.truststore.password = null
	ssl.truststore.type = JKS
	transaction.timeout.ms = 60000
	transactional.id = null
	value.serializer = class org.springframework.kafka.support.serializer.JsonSerializer

Hibernate: insert into orders (created_at,product_id,quantity,status,total_price,user_id,id) values (?,?,?,?,?,?,default)
2026-07-27T00:51:54.061+05:30  INFO 13892 --- [order-service] [nio-8083-exec-2] o.a.k.c.t.i.KafkaMetricsCollector        : initializing Kafka metrics collector
2026-07-27T00:51:54.101+05:30  INFO 13892 --- [order-service] [nio-8083-exec-2] o.a.k.clients.producer.KafkaProducer     : [Producer clientId=order-service-producer-1] Instantiated an idempotent producer.
2026-07-27T00:51:54.190+05:30  INFO 13892 --- [order-service] [nio-8083-exec-2] o.a.kafka.common.utils.AppInfoParser     : Kafka version: 3.7.1
2026-07-27T00:51:54.190+05:30  INFO 13892 --- [order-service] [nio-8083-exec-2] o.a.kafka.common.utils.AppInfoParser     : Kafka commitId: e2494e6ffb89f828
2026-07-27T00:51:54.191+05:30  INFO 13892 --- [order-service] [nio-8083-exec-2] o.a.kafka.common.utils.AppInfoParser     : Kafka startTimeMs: 1785093714188
Hibernate: insert into orders (created_at,product_id,quantity,status,total_price,user_id,id) values (?,?,?,?,?,?,default)
2026-07-27T00:51:54.353+05:30  INFO 13892 --- [order-service] [nio-8083-exec-3] c.s.orderservice.service.OrderService    : Payment processed for order: 2
2026-07-27T00:51:54.540+05:30 ERROR 13892 --- [order-service] [nio-8083-exec-7] c.s.orderservice.service.OrderService    : Order creation failed after circuit breaker: [400] during [PUT] to [http://localhost:8082/api/products/1/reduce] [ProductClient#reduceStock(Long,Map)]: [{"message":"Insufficient stock. Available: 0","timestamp":"2026-07-27T00:51:54.5128199"}]
2026-07-27T00:51:54.545+05:30 ERROR 13892 --- [order-service] [nio-8083-exec-7] c.s.orderservice.service.OrderService    : Order creation failed after circuit breaker: Service temporarily unavailable. Please try again.
2026-07-27T00:51:54.662+05:30  INFO 13892 --- [order-service] [vice-producer-1] org.apache.kafka.clients.NetworkClient   : [Producer clientId=order-service-producer-1] Node -1 disconnected.
2026-07-27T00:51:54.665+05:30  WARN 13892 --- [order-service] [vice-producer-1] org.apache.kafka.clients.NetworkClient   : [Producer clientId=order-service-producer-1] Connection to node -1 (localhost/127.0.0.1:9092) could not be established. Node may not be available.
2026-07-27T00:51:54.666+05:30  WARN 13892 --- [order-service] [vice-producer-1] org.apache.kafka.clients.NetworkClient   : [Producer clientId=order-service-producer-1] Bootstrap broker localhost:9092 (id: -1 rack: null) disconnected
2026-07-27T00:51:54.781+05:30  INFO 13892 --- [order-service] [vice-producer-1] org.apache.kafka.clients.NetworkClient   : [Producer clientId=order-service-producer-1] Node -1 disconnected.
2026-07-27T00:51:54.782+05:30  WARN 13892 --- [order-service] [vice-producer-1] org.apache.kafka.clients.NetworkClient   : [Producer clientId=order-service-producer-1] Connection to node -1 (localhost/127.0.0.1:9092) could not be established. Node may not be available.
2026-07-27T00:51:54.782+05:30  WARN 13892 --- [order-service] [vice-producer-1] org.apache.kafka.clients.NetworkClient   : [Producer clientId=order-service-producer-1] Bootstrap broker localhost:9092 (id: -1 rack: null) disconnected
2026-07-27T00:51:54.885+05:30  INFO 13892 --- [order-service] [vice-producer-1] org.apache.kafka.clients.NetworkClient   : [Producer clientId=order-service-producer-1] Node -1 disconnected.
2026-07-27T00:51:54.885+05:30  WARN 13892 --- [order-service] [vice-producer-1] org.apache.kafka.clients.NetworkClient   : [Producer clientId=order-service-producer-1] Connection to node -1 (localhost/127.0.0.1:9092) could not be established. Node may not be available.
2026-07-27T00:51:54.885+05:30  WARN 13892 --- [order-service] [vice-producer-1] org.apache.kafka.clients.NetworkClient   : [Producer clientId=order-service-producer-1] Bootstrap broker localhost:9092 (id: -1 rack: null) disconnected
2026-07-27T00:51:55.140+05:30  INFO 13892 --- [order-service] [vice-producer-1] org.apache.kafka.clients.NetworkClient   : [Producer clientId=order-service-producer-1] Node -1 disconnected.
2026-07-27T00:51:55.140+05:30  WARN 13892 --- [order-service] [vice-producer-1] org.apache.kafka.clients.NetworkClient   : [Producer clientId=order-service-producer-1] Connection to node -1 (localhost/127.0.0.1:9092) could not be established. Node may not be available.
2026-07-27T00:51:55.141+05:30  WARN 13892 --- [order-service] [vice-producer-1] org.apache.kafka.clients.NetworkClient   : [Producer clientId=order-service-producer-1] Bootstrap broker localhost:9092 (id: -1 rack: null) disconnected
2026-07-27T00:51:55.494+05:30  INFO 13892 --- [order-service] [nio-8083-exec-4] c.s.orderservice.service.OrderService    : Payment processed for order: 3
2026-07-27T00:51:55.600+05:30  INFO 13892 --- [order-service] [vice-producer-1] org.apache.kafka.clients.NetworkClient   : [Producer clientId=order-service-producer-1] Node -1 disconnected.
2026-07-27T00:51:55.600+05:30  WARN 13892 --- [order-service] [vice-producer-1] org.apache.kafka.clients.NetworkClient   : [Producer clientId=order-service-producer-1] Connection to node -1 (localhost/127.0.0.1:9092) could not be established. Node may not be available.
2026-07-27T00:51:55.600+05:30  WARN 13892 --- [order-service] [vice-producer-1] org.apache.kafka.clients.NetworkClient   : [Producer clientId=order-service-producer-1] Bootstrap broker localhost:9092 (id: -1 rack: null) disconnected
2026-07-27T00:51:55.999+05:30  INFO 13892 --- [order-service] [nio-8083-exec-5] c.s.orderservice.service.OrderService    : Payment processed for order: 4
2026-07-27T00:51:56.220+05:30 ERROR 13892 --- [order-service] [nio-8083-exec-2] o.s.k.support.LoggingProducerListener    : Exception thrown when sending a message with key='null' and payload='{quantity=1, productId=1, orderId=1, email=user@example.com, totalPrice=15000.0, status=PAID, userId...' to topic order-events:

org.apache.kafka.common.errors.TimeoutException: Topic order-events not present in metadata after 2000 ms.

2026-07-27T00:51:56.225+05:30  WARN 13892 --- [order-service] [nio-8083-exec-2] c.s.orderservice.service.OrderService    : Kafka not available, order event skipped: Send failed
2026-07-27T00:51:56.226+05:30  INFO 13892 --- [order-service] [nio-8083-exec-2] c.s.orderservice.service.OrderService    : Order created: 1 | status: PAID
Hibernate: update orders set created_at=?,product_id=?,quantity=?,status=?,total_price=?,user_id=? where id=?
2026-07-27T00:51:56.270+05:30  INFO 13892 --- [order-service] [nio-8083-exec-9] c.s.orderservice.service.OrderService    : Payment processed for order: 5
2026-07-27T00:51:56.273+05:30  INFO 13892 --- [order-service] [vice-producer-1] org.apache.kafka.clients.NetworkClient   : [Producer clientId=order-service-producer-1] Node -1 disconnected.
2026-07-27T00:51:56.273+05:30  WARN 13892 --- [order-service] [vice-producer-1] org.apache.kafka.clients.NetworkClient   : [Producer clientId=order-service-producer-1] Connection to node -1 (localhost/127.0.0.1:9092) could not be established. Node may not be available.
2026-07-27T00:51:56.273+05:30  WARN 13892 --- [order-service] [vice-producer-1] org.apache.kafka.clients.NetworkClient   : [Producer clientId=order-service-producer-1] Bootstrap broker localhost:9092 (id: -1 rack: null) disconnected
2026-07-27T00:51:56.355+05:30 ERROR 13892 --- [order-service] [nio-8083-exec-3] o.s.k.support.LoggingProducerListener    : Exception thrown when sending a message with key='null' and payload='{quantity=1, productId=1, orderId=2, email=user@example.com, totalPrice=15000.0, status=PAID, userId...' to topic order-events:

org.apache.kafka.common.errors.TimeoutException: Topic order-events not present in metadata after 2000 ms.

2026-07-27T00:51:56.356+05:30  WARN 13892 --- [order-service] [nio-8083-exec-3] c.s.orderservice.service.OrderService    : Kafka not available, order event skipped: Send failed
2026-07-27T00:51:56.356+05:30  INFO 13892 --- [order-service] [nio-8083-exec-3] c.s.orderservice.service.OrderService    : Order created: 2 | status: PAID
Hibernate: update orders set created_at=?,product_id=?,quantity=?,status=?,total_price=?,user_id=? where id=?
2026-07-27T00:51:57.236+05:30  INFO 13892 --- [order-service] [vice-producer-1] org.apache.kafka.clients.NetworkClient   : [Producer clientId=order-service-producer-1] Node -1 disconnected.
2026-07-27T00:51:57.237+05:30  WARN 13892 --- [order-service] [vice-producer-1] org.apache.kafka.clients.NetworkClient   : [Producer clientId=order-service-producer-1] Connection to node -1 (localhost/127.0.0.1:9092) could not be established. Node may not be available.
2026-07-27T00:51:57.237+05:30  WARN 13892 --- [order-service] [vice-producer-1] org.apache.kafka.clients.NetworkClient   : [Producer clientId=order-service-producer-1] Bootstrap broker localhost:9092 (id: -1 rack: null) disconnected
2026-07-27T00:51:57.496+05:30 ERROR 13892 --- [order-service] [nio-8083-exec-4] o.s.k.support.LoggingProducerListener    : Exception thrown when sending a message with key='null' and payload='{quantity=1, productId=1, orderId=3, email=user@example.com, totalPrice=15000.0, status=PAID, userId...' to topic order-events:

org.apache.kafka.common.errors.TimeoutException: Topic order-events not present in metadata after 2000 ms.

2026-07-27T00:51:57.496+05:30  WARN 13892 --- [order-service] [nio-8083-exec-4] c.s.orderservice.service.OrderService    : Kafka not available, order event skipped: Send failed
2026-07-27T00:51:57.496+05:30  INFO 13892 --- [order-service] [nio-8083-exec-4] c.s.orderservice.service.OrderService    : Order created: 3 | status: PAID
Hibernate: update orders set created_at=?,product_id=?,quantity=?,status=?,total_price=?,user_id=? where id=?
2026-07-27T00:51:58.002+05:30 ERROR 13892 --- [order-service] [nio-8083-exec-5] o.s.k.support.LoggingProducerListener    : Exception thrown when sending a message with key='null' and payload='{quantity=1, productId=1, orderId=4, email=user@example.com, totalPrice=15000.0, status=PAID, userId...' to topic order-events:

org.apache.kafka.common.errors.TimeoutException: Topic order-events not present in metadata after 2000 ms.

2026-07-27T00:51:58.003+05:30  WARN 13892 --- [order-service] [nio-8083-exec-5] c.s.orderservice.service.OrderService    : Kafka not available, order event skipped: Send failed
2026-07-27T00:51:58.003+05:30  INFO 13892 --- [order-service] [nio-8083-exec-5] c.s.orderservice.service.OrderService    : Order created: 4 | status: PAID
Hibernate: update orders set created_at=?,product_id=?,quantity=?,status=?,total_price=?,user_id=? where id=?
2026-07-27T00:51:58.251+05:30  INFO 13892 --- [order-service] [vice-producer-1] org.apache.kafka.clients.NetworkClient   : [Producer clientId=order-service-producer-1] Node -1 disconnected.
2026-07-27T00:51:58.251+05:30  WARN 13892 --- [order-service] [vice-producer-1] org.apache.kafka.clients.NetworkClient   : [Producer clientId=order-service-producer-1] Connection to node -1 (localhost/127.0.0.1:9092) could not be established. Node may not be available.
2026-07-27T00:51:58.251+05:30  WARN 13892 --- [order-service] [vice-producer-1] org.apache.kafka.clients.NetworkClient   : [Producer clientId=order-service-producer-1] Bootstrap broker localhost:9092 (id: -1 rack: null) disconnected
2026-07-27T00:51:58.272+05:30 ERROR 13892 --- [order-service] [nio-8083-exec-9] o.s.k.support.LoggingProducerListener    : Exception thrown when sending a message with key='null' and payload='{quantity=1, productId=1, orderId=5, email=user@example.com, totalPrice=15000.0, status=PAID, userId...' to topic order-events:

org.apache.kafka.common.errors.TimeoutException: Topic order-events not present in metadata after 2000 ms.

2026-07-27T00:51:58.273+05:30  WARN 13892 --- [order-service] [nio-8083-exec-9] c.s.orderservice.service.OrderService    : Kafka not available, order event skipped: Send failed
2026-07-27T00:51:58.273+05:30  INFO 13892 --- [order-service] [nio-8083-exec-9] c.s.orderservice.service.OrderService    : Order created: 5 | status: PAID
Hibernate: update orders set created_at=?,product_id=?,quantity=?,status=?,total_price=?,user_id=? where id=?
2026-07-27T00:51:59.266+05:30  INFO 13892 --- [order-service] [vice-producer-1] org.apache.kafka.clients.NetworkClient   : [Producer clientId=order-service-producer-1] Node -1 disconnected.
2026-07-27T00:51:59.266+05:30  WARN 13892 --- [order-service] [vice-producer-1] org.apache.kafka.clients.NetworkClient   : [Producer clientId=order-service-producer-1] Connection to node -1 (localhost/127.0.0.1:9092) could not be established. Node may not be available.
2026-07-27T00:51:59.266+05:30  WARN 13892 --- [order-service] [vice-producer-1] org.apache.kafka.clients.NetworkClient   : [Producer clientId=order-service-producer-1] Bootstrap broker localhost:9092 (id: -1 rack: null) disconnected
2026-07-27T00:52:00.281+05:30  INFO 13892 --- [order-service] [vice-producer-1] org.apache.kafka.clients.NetworkClient   : [Producer clientId=order-service-producer-1] Node -1 disconnected.
2026-07-27T00:52:00.281+05:30  WARN 13892 --- [order-service] [vice-producer-1] org.apache.kafka.clients.NetworkClient   : [Producer clientId=order-service-producer-1] Connection to node -1 (localhost/127.0.0.1:9092) could not be established. Node may not be available.
2026-07-27T00:52:00.281+05:30  WARN 13892 --- [order-service] [vice-producer-1] org.apache.kafka.clients.NetworkClient   : [Producer clientId=order-service-producer-1] Bootstrap broker localhost:9092 (id: -1 rack: null) disconnected
2026-07-27T00:52:01.317+05:30  INFO 13892 --- [order-service] [vice-producer-1] org.apache.kafka.clients.NetworkClient   : [Producer clientId=order-service-producer-1] Node -1 disconnected.
2026-07-27T00:52:01.317+05:30  WARN 13892 --- [order-service] [vice-producer-1] org.apache.kafka.clients.NetworkClient   : [Producer clientId=order-service-producer-1] Connection to node -1 (localhost/127.0.0.1:9092) could not be established. Node may not be available.
2026-07-27T00:52:01.317+05:30  WARN 13892 --- [order-service] [vice-producer-1] org.apache.kafka.clients.NetworkClient   : [Producer clientId=order-service-producer-1] Bootstrap broker localhost:9092 (id: -1 rack: null) disconnected
2026-07-27T00:52:02.330+05:30  INFO 13892 --- [order-service] [vice-producer-1] org.apache.kafka.clients.NetworkClient   : [Producer clientId=order-service-producer-1] Node -1 disconnected.
2026-07-27T00:52:02.330+05:30  WARN 13892 --- [order-service] [vice-producer-1] org.apache.kafka.clients.NetworkClient   : [Producer clientId=order-service-producer-1] Connection to node -1 (localhost/127.0.0.1:9092) could not be established. Node may not be available.
2026-07-27T00:52:02.331+05:30  WARN 13892 --- [order-service] [vice-producer-1] org.apache.kafka.clients.NetworkClient   : [Producer clientId=order-service-producer-1] Bootstrap broker localhost:9092 (id: -1 rack: null) disconnected
2026-07-27T00:52:03.241+05:30  INFO 13892 --- [order-service] [vice-producer-1] org.apache.kafka.clients.NetworkClient   : [Producer clientId=order-service-producer-1] Node -1 disconnected.
2026-07-27T00:52:03.241+05:30  WARN 13892 --- [order-service] [vice-producer-1] org.apache.kafka.clients.NetworkClient   : [Producer clientId=order-service-producer-1] Connection to node -1 (localhost/127.0.0.1:9092) could not be established. Node may not be available.
2026-07-27T00:52:03.241+05:30  WARN 13892 --- [order-service] [vice-producer-1] org.apache.kafka.clients.NetworkClient   : [Producer clientId=order-service-producer-1] Bootstrap broker localhost:9092 (id: -1 rack: null) disconnected
Hibernate: select o1_0.id,o1_0.created_at,o1_0.product_id,o1_0.quantity,o1_0.status,o1_0.total_price,o1_0.user_id from orders o1_0 where o1_0.user_id=?
2026-07-27T00:52:04.252+05:30  INFO 13892 --- [order-service] [vice-producer-1] org.apache.kafka.clients.NetworkClient   : [Producer clientId=order-service-producer-1] Node -1 disconnected.
2026-07-27T00:52:04.252+05:30  WARN 13892 --- [order-service] [vice-producer-1] org.apache.kafka.clients.NetworkClient   : [Producer clientId=order-service-producer-1] Connection to node -1 (localhost/127.0.0.1:9092) could not be established. Node may not be available.
2026-07-27T00:52:04.252+05:30  WARN 13892 --- [order-service] [vice-producer-1] org.apache.kafka.clients.NetworkClient   : [Producer clientId=order-service-producer-1] Bootstrap broker localhost:9092 (id: -1 rack: null) disconnected
Hibernate: select o1_0.id,o1_0.created_at,o1_0.product_id,o1_0.quantity,o1_0.status,o1_0.total_price,o1_0.user_id from orders o1_0 where o1_0.user_id=?
2026-07-27T00:52:05.115+05:30  INFO 13892 --- [order-service] [vice-producer-1] org.apache.kafka.clients.NetworkClient   : [Producer clientId=order-service-producer-1] Node -1 disconnected.
2026-07-27T00:52:05.116+05:30  WARN 13892 --- [order-service] [vice-producer-1] org.apache.kafka.clients.NetworkClient   : [Producer clientId=order-service-producer-1] Connection to node -1 (localhost/127.0.0.1:9092) could not be established. Node may not be available.
2026-07-27T00:52:05.116+05:30  WARN 13892 --- [order-service] [vice-producer-1] org.apache.kafka.clients.NetworkClient   : [Producer clientId=order-service-producer-1] Bootstrap broker localhost:9092 (id: -1 rack: null) disconnected
Hibernate: select o1_0.id,o1_0.created_at,o1_0.product_id,o1_0.quantity,o1_0.status,o1_0.total_price,o1_0.user_id from orders o1_0 where o1_0.user_id=?
Hibernate: select o1_0.id,o1_0.created_at,o1_0.product_id,o1_0.quantity,o1_0.status,o1_0.total_price,o1_0.user_id from orders o1_0 where o1_0.user_id=?
2026-07-27T00:52:06.130+05:30  INFO 13892 --- [order-service] [vice-producer-1] org.apache.kafka.clients.NetworkClient   : [Producer clientId=order-service-producer-1] Node -1 disconnected.
2026-07-27T00:52:06.131+05:30  WARN 13892 --- [order-service] [vice-producer-1] org.apache.kafka.clients.NetworkClient   : [Producer clientId=order-service-producer-1] Connection to node -1 (localhost/127.0.0.1:9092) could not be established. Node may not be available.
2026-07-27T00:52:06.131+05:30  WARN 13892 --- [order-service] [vice-producer-1] org.apache.kafka.clients.NetworkClient   : [Producer clientId=order-service-producer-1] Bootstrap broker localhost:9092 (id: -1 rack: null) disconnected
Hibernate: select o1_0.id,o1_0.created_at,o1_0.product_id,o1_0.quantity,o1_0.status,o1_0.total_price,o1_0.user_id from orders o1_0 where o1_0.user_id=?
2026-07-27T00:52:07.142+05:30  INFO 13892 --- [order-service] [vice-producer-1] org.apache.kafka.clients.NetworkClient   : [Producer clientId=order-service-producer-1] Node -1 disconnected.
2026-07-27T00:52:07.143+05:30  WARN 13892 --- [order-service] [vice-producer-1] org.apache.kafka.clients.NetworkClient   : [Producer clientId=order-service-producer-1] Connection to node -1 (localhost/127.0.0.1:9092) could not be established. Node may not be available.
2026-07-27T00:52:07.143+05:30  WARN 13892 --- [order-service] [vice-producer-1] org.apache.kafka.clients.NetworkClient   : [Producer clientId=order-service-producer-1] Bootstrap broker localhost:9092 (id: -1 rack: null) disconnected
2026-07-27T00:52:08.144+05:30  INFO 13892 --- [order-service] [vice-producer-1] org.apache.kafka.clients.NetworkClient   : [Producer clientId=order-service-producer-1] Node -1 disconnected.
2026-07-27T00:52:08.145+05:30  WARN 13892 --- [order-service] [vice-producer-1] org.apache.kafka.clients.NetworkClient   : [Producer clientId=order-service-producer-1] Connection to node -1 (localhost/127.0.0.1:9092) could not be established. Node may not be available.
2026-07-27T00:52:08.145+05:30  WARN 13892 --- [order-service] [vice-producer-1] org.apache.kafka.clients.NetworkClient   : [Producer clientId=order-service-producer-1] Bootstrap broker localhost:9092 (id: -1 rack: null) disconnected
2026-07-27T00:52:09.008+05:30  INFO 13892 --- [order-service] [vice-producer-1] org.apache.kafka.clients.NetworkClient   : [Producer clientId=order-service-producer-1] Node -1 disconnected.
2026-07-27T00:52:09.008+05:30  WARN 13892 --- [order-service] [vice-producer-1] org.apache.kafka.clients.NetworkClient   : [Producer clientId=order-service-producer-1] Connection to node -1 (localhost/127.0.0.1:9092) could not be established. Node may not be available.
2026-07-27T00:52:09.010+05:30  WARN 13892 --- [order-service] [vice-producer-1] org.apache.kafka.clients.NetworkClient   : [Producer clientId=order-service-producer-1] Bootstrap broker localhost:9092 (id: -1 rack: null) disconnected
2026-07-27T00:52:10.022+05:30  INFO 13892 --- [order-service] [vice-producer-1] org.apache.kafka.clients.NetworkClient   : [Producer clientId=order-service-producer-1] Node -1 disconnected.
2026-07-27T00:52:10.022+05:30  WARN 13892 --- [order-service] [vice-producer-1] org.apache.kafka.clients.NetworkClient   : [Producer clientId=order-service-producer-1] Connection to node -1 (localhost/127.0.0.1:9092) could not be established. Node may not be available.
2026-07-27T00:52:10.022+05:30  WARN 13892 --- [order-service] [vice-producer-1] org.apache.kafka.clients.NetworkClient   : [Producer clientId=order-service-producer-1] Bootstrap broker localhost:9092 (id: -1 rack: null) disconnected
2026-07-27T00:52:10.976+05:30  INFO 13892 --- [order-service] [vice-producer-1] org.apache.kafka.clients.NetworkClient   : [Producer clientId=order-service-producer-1] Node -1 disconnected.
2026-07-27T00:52:10.976+05:30  WARN 13892 --- [order-service] [vice-producer-1] org.apache.kafka.clients.NetworkClient   : [Producer clientId=order-service-producer-1] Connection to node -1 (localhost/127.0.0.1:9092) could not be established. Node may not be available.
2026-07-27T00:52:10.976+05:30  WARN 13892 --- [order-service] [vice-producer-1] org.apache.kafka.clients.NetworkClient   : [Producer clientId=order-service-producer-1] Bootstrap broker localhost:9092 (id: -1 rack: null) disconnected
2026-07-27T00:52:11.990+05:30  INFO 13892 --- [order-service] [vice-producer-1] org.apache.kafka.clients.NetworkClient   : [Producer clientId=order-service-producer-1] Node -1 disconnected.
2026-07-27T00:52:11.990+05:30  WARN 13892 --- [order-service] [vice-producer-1] org.apache.kafka.clients.NetworkClient   : [Producer clientId=order-service-producer-1] Connection to node -1 (localhost/127.0.0.1:9092) could not be established. Node may not be available.
2026-07-27T00:52:11.991+05:30  WARN 13892 --- [order-service] [vice-producer-1] org.apache.kafka.clients.NetworkClient   : [Producer clientId=order-service-producer-1] Bootstrap broker localhost:9092 (id: -1 rack: null) disconnected
2026-07-27T00:52:12.857+05:30  INFO 13892 --- [order-service] [vice-producer-1] org.apache.kafka.clients.NetworkClient   : [Producer clientId=order-service-producer-1] Node -1 disconnected.
2026-07-27T00:52:12.858+05:30  WARN 13892 --- [order-service] [vice-producer-1] org.apache.kafka.clients.NetworkClient   : [Producer clientId=order-service-producer-1] Connection to node -1 (localhost/127.0.0.1:9092) could not be established. Node may not be available.
2026-07-27T00:52:12.858+05:30  WARN 13892 --- [order-service] [vice-producer-1] org.apache.kafka.clients.NetworkClient   : [Producer clientId=order-service-producer-1] Bootstrap broker localhost:9092 (id: -1 rack: null) disconnected
2026-07-27T00:52:13.770+05:30  INFO 13892 --- [order-service] [vice-producer-1] org.apache.kafka.clients.NetworkClient   : [Producer clientId=order-service-producer-1] Node -1 disconnected.
2026-07-27T00:52:13.771+05:30  WARN 13892 --- [order-service] [vice-producer-1] org.apache.kafka.clients.NetworkClient   : [Producer clientId=order-service-producer-1] Connection to node -1 (localhost/127.0.0.1:9092) could not be established. Node may not be available.
2026-07-27T00:52:13.771+05:30  WARN 13892 --- [order-service] [vice-producer-1] org.apache.kafka.clients.NetworkClient   : [Producer clientId=order-service-producer-1] Bootstrap broker localhost:9092 (id: -1 rack: null) disconnected
2026-07-27T00:52:14.712+05:30  INFO 13892 --- [order-service] [vice-producer-1] org.apache.kafka.clients.NetworkClient   : [Producer clientId=order-service-producer-1] Node -1 disconnected.
2026-07-27T00:52:14.712+05:30  WARN 13892 --- [order-service] [vice-producer-1] org.apache.kafka.clients.NetworkClient   : [Producer clientId=order-service-producer-1] Connection to node -1 (localhost/127.0.0.1:9092) could not be established. Node may not be available.
2026-07-27T00:52:14.712+05:30  WARN 13892 --- [order-service] [vice-producer-1] org.apache.kafka.clients.NetworkClient   : [Producer clientId=order-service-producer-1] Bootstrap broker localhost:9092 (id: -1 rack: null) disconnected
2026-07-27T00:52:15.724+05:30  INFO 13892 --- [order-service] [vice-producer-1] org.apache.kafka.clients.NetworkClient   : [Producer clientId=order-service-producer-1] Node -1 disconnected.
2026-07-27T00:52:15.724+05:30  WARN 13892 --- [order-service] [vice-producer-1] org.apache.kafka.clients.NetworkClient   : [Producer clientId=order-service-producer-1] Connection to node -1 (localhost/127.0.0.1:9092) could not be established. Node may not be available.
2026-07-27T00:52:15.724+05:30  WARN 13892 --- [order-service] [vice-producer-1] org.apache.kafka.clients.NetworkClient   : [Producer clientId=order-service-producer-1] Bootstrap broker localhost:9092 (id: -1 rack: null) disconnected
2026-07-27T00:52:16.697+05:30  INFO 13892 --- [order-service] [vice-producer-1] org.apache.kafka.clients.NetworkClient   : [Producer clientId=order-service-producer-1] Node -1 disconnected.
2026-07-27T00:52:16.699+05:30  WARN 13892 --- [order-service] [vice-producer-1] org.apache.kafka.clients.NetworkClient   : [Producer clientId=order-service-producer-1] Connection to node -1 (localhost/127.0.0.1:9092) could not be established. Node may not be available.
2026-07-27T00:52:16.699+05:30  WARN 13892 --- [order-service] [vice-producer-1] org.apache.kafka.clients.NetworkClient   : [Producer clientId=order-service-producer-1] Bootstrap broker localhost:9092 (id: -1 rack: null) disconnected
2026-07-27T00:52:17.611+05:30  INFO 13892 --- [order-service] [vice-producer-1] org.apache.kafka.clients.NetworkClient   : [Producer clientId=order-service-producer-1] Node -1 disconnected.
2026-07-27T00:52:17.612+05:30  WARN 13892 --- [order-service] [vice-producer-1] org.apache.kafka.clients.NetworkClient   : [Producer clientId=order-service-producer-1] Connection to node -1 (localhost/127.0.0.1:9092) could not be established. Node may not be available.
2026-07-27T00:52:17.612+05:30  WARN 13892 --- [order-service] [vice-producer-1] org.apache.kafka.clients.NetworkClient   : [Producer clientId=order-service-producer-1] Bootstrap broker localhost:9092 (id: -1 rack: null) disconnected
2026-07-27T00:52:18.612+05:30  INFO 13892 --- [order-service] [vice-producer-1] org.apache.kafka.clients.NetworkClient   : [Producer clientId=order-service-producer-1] Node -1 disconnected.
2026-07-27T00:52:18.612+05:30  WARN 13892 --- [order-service] [vice-producer-1] org.apache.kafka.clients.NetworkClient   : [Producer clientId=order-service-producer-1] Connection to node -1 (localhost/127.0.0.1:9092) could not be established. Node may not be available.
2026-07-27T00:52:18.612+05:30  WARN 13892 --- [order-service] [vice-producer-1] org.apache.kafka.clients.NetworkClient   : [Producer clientId=order-service-producer-1] Bootstrap broker localhost:9092 (id: -1 rack: null) disconnected
2026-07-27T00:52:19.577+05:30  INFO 13892 --- [order-service] [vice-producer-1] org.apache.kafka.clients.NetworkClient   : [Producer clientId=order-service-producer-1] Node -1 disconnected.
2026-07-27T00:52:19.578+05:30  WARN 13892 --- [order-service] [vice-producer-1] org.apache.kafka.clients.NetworkClient   : [Producer clientId=order-service-producer-1] Connection to node -1 (localhost/127.0.0.1:9092) could not be established. Node may not be available.
2026-07-27T00:52:19.578+05:30  WARN 13892 --- [order-service] [vice-producer-1] org.apache.kafka.clients.NetworkClient   : [Producer clientId=order-service-producer-1] Bootstrap broker localhost:9092 (id: -1 rack: null) disconnected
2026-07-27T00:52:20.544+05:30  INFO 13892 --- [order-service] [vice-producer-1] org.apache.kafka.clients.NetworkClient   : [Producer clientId=order-service-producer-1] Node -1 disconnected.
2026-07-27T00:52:20.544+05:30  WARN 13892 --- [order-service] [vice-producer-1] org.apache.kafka.clients.NetworkClient   : [Producer clientId=order-service-producer-1] Connection to node -1 (localhost/127.0.0.1:9092) could not be established. Node may not be available.
2026-07-27T00:52:20.544+05:30  WARN 13892 --- [order-service] [vice-producer-1] org.apache.kafka.clients.NetworkClient   : [Producer clientId=order-service-producer-1] Bootstrap broker localhost:9092 (id: -1 rack: null) disconnected
2026-07-27T00:52:21.461+05:30  INFO 13892 --- [order-service] [vice-producer-1] org.apache.kafka.clients.NetworkClient   : [Producer clientId=order-service-producer-1] Node -1 disconnected.
2026-07-27T00:52:21.462+05:30  WARN 13892 --- [order-service] [vice-producer-1] org.apache.kafka.clients.NetworkClient   : [Producer clientId=order-service-producer-1] Connection to node -1 (localhost/127.0.0.1:9092) could not be established. Node may not be available.
2026-07-27T00:52:21.462+05:30  WARN 13892 --- [order-service] [vice-producer-1] org.apache.kafka.clients.NetworkClient   : [Producer clientId=order-service-producer-1] Bootstrap broker localhost:9092 (id: -1 rack: null) disconnected
2026-07-27T00:52:22.475+05:30  INFO 13892 --- [order-service] [vice-producer-1] org.apache.kafka.clients.NetworkClient   : [Producer clientId=order-service-producer-1] Node -1 disconnected.
2026-07-27T00:52:22.475+05:30  WARN 13892 --- [order-service] [vice-producer-1] org.apache.kafka.clients.NetworkClient   : [Producer clientId=order-service-producer-1] Connection to node -1 (localhost/127.0.0.1:9092) could not be established. Node may not be available.
2026-07-27T00:52:22.475+05:30  WARN 13892 --- [order-service] [vice-producer-1] org.apache.kafka.clients.NetworkClient   : [Producer clientId=order-service-producer-1] Bootstrap broker localhost:9092 (id: -1 rack: null) disconnected
2026-07-27T00:52:23.442+05:30  INFO 13892 --- [order-service] [vice-producer-1] org.apache.kafka.clients.NetworkClient   : [Producer clientId=order-service-producer-1] Node -1 disconnected.
2026-07-27T00:52:23.442+05:30  WARN 13892 --- [order-service] [vice-producer-1] org.apache.kafka.clients.NetworkClient   : [Producer clientId=order-service-producer-1] Connection to node -1 (localhost/127.0.0.1:9092) could not be established. Node may not be available.
2026-07-27T00:52:23.442+05:30  WARN 13892 --- [order-service] [vice-producer-1] org.apache.kafka.clients.NetworkClient   : [Producer clientId=order-service-producer-1] Bootstrap broker localhost:9092 (id: -1 rack: null) disconnected
2026-07-27T00:52:24.458+05:30  INFO 13892 --- [order-service] [vice-producer-1] org.apache.kafka.clients.NetworkClient   : [Producer clientId=order-service-producer-1] Node -1 disconnected.
2026-07-27T00:52:24.460+05:30  WARN 13892 --- [order-service] [vice-producer-1] org.apache.kafka.clients.NetworkClient   : [Producer clientId=order-service-producer-1] Connection to node -1 (localhost/127.0.0.1:9092) could not be established. Node may not be available.
2026-07-27T00:52:24.460+05:30  WARN 13892 --- [order-service] [vice-producer-1] org.apache.kafka.clients.NetworkClient   : [Producer clientId=order-service-producer-1] Bootstrap broker localhost:9092 (id: -1 rack: null) disconnected
2026-07-27T00:52:25.460+05:30  INFO 13892 --- [order-service] [vice-producer-1] org.apache.kafka.clients.NetworkClient   : [Producer clientId=order-service-producer-1] Node -1 disconnected.
2026-07-27T00:52:25.461+05:30  WARN 13892 --- [order-service] [vice-producer-1] org.apache.kafka.clients.NetworkClient   : [Producer clientId=order-service-producer-1] Connection to node -1 (localhost/127.0.0.1:9092) could not be established. Node may not be available.
2026-07-27T00:52:25.461+05:30  WARN 13892 --- [order-service] [vice-producer-1] org.apache.kafka.clients.NetworkClient   : [Producer clientId=order-service-producer-1] Bootstrap broker localhost:9092 (id: -1 rack: null) disconnected
2026-07-27T00:52:26.461+05:30  INFO 13892 --- [order-service] [vice-producer-1] org.apache.kafka.clients.NetworkClient   : [Producer clientId=order-service-producer-1] Node -1 disconnected.
2026-07-27T00:52:26.461+05:30  WARN 13892 --- [order-service] [vice-producer-1] org.apache.kafka.clients.NetworkClient   : [Producer clientId=order-service-producer-1] Connection to node -1 (localhost/127.0.0.1:9092) could not be established. Node may not be available.
2026-07-27T00:52:26.461+05:30  WARN 13892 --- [order-service] [vice-producer-1] org.apache.kafka.clients.NetworkClient   : [Producer clientId=order-service-producer-1] Bootstrap broker localhost:9092 (id: -1 rack: null) disconnected
2026-07-27T00:52:27.423+05:30  INFO 13892 --- [order-service] [vice-producer-1] org.apache.kafka.clients.NetworkClient   : [Producer clientId=order-service-producer-1] Node -1 disconnected.
2026-07-27T00:52:27.423+05:30  WARN 13892 --- [order-service] [vice-producer-1] org.apache.kafka.clients.NetworkClient   : [Producer clientId=order-service-producer-1] Connection to node -1 (localhost/127.0.0.1:9092) could not be established. Node may not be available.
2026-07-27T00:52:27.423+05:30  WARN 13892 --- [order-service] [vice-producer-1] org.apache.kafka.clients.NetworkClient   : [Producer clientId=order-service-producer-1] Bootstrap broker localhost:9092 (id: -1 rack: null) disconnected
2026-07-27T00:52:28.331+05:30  INFO 13892 --- [order-service] [vice-producer-1] org.apache.kafka.clients.NetworkClient   : [Producer clientId=order-service-producer-1] Node -1 disconnected.
2026-07-27T00:52:28.333+05:30  WARN 13892 --- [order-service] [vice-producer-1] org.apache.kafka.clients.NetworkClient   : [Producer clientId=order-service-producer-1] Connection to node -1 (localhost/127.0.0.1:9092) could not be established. Node may not be available.
2026-07-27T00:52:28.333+05:30  WARN 13892 --- [order-service] [vice-producer-1] org.apache.kafka.clients.NetworkClient   : [Producer clientId=order-service-producer-1] Bootstrap broker localhost:9092 (id: -1 rack: null) disconnected
2026-07-27T00:52:29.196+05:30  INFO 13892 --- [order-service] [vice-producer-1] org.apache.kafka.clients.NetworkClient   : [Producer clientId=order-service-producer-1] Node -1 disconnected.
2026-07-27T00:52:29.196+05:30  WARN 13892 --- [order-service] [vice-producer-1] org.apache.kafka.clients.NetworkClient   : [Producer clientId=order-service-producer-1] Connection to node -1 (localhost/127.0.0.1:9092) could not be established. Node may not be available.
2026-07-27T00:52:29.196+05:30  WARN 13892 --- [order-service] [vice-producer-1] org.apache.kafka.clients.NetworkClient   : [Producer clientId=order-service-producer-1] Bootstrap broker localhost:9092 (id: -1 rack: null) disconnected
2026-07-27T00:52:30.243+05:30  INFO 13892 --- [order-service] [vice-producer-1] org.apache.kafka.clients.NetworkClient   : [Producer clientId=order-service-producer-1] Node -1 disconnected.
2026-07-27T00:52:30.243+05:30  WARN 13892 --- [order-service] [vice-producer-1] org.apache.kafka.clients.NetworkClient   : [Producer clientId=order-service-producer-1] Connection to node -1 (localhost/127.0.0.1:9092) could not be established. Node may not be available.
2026-07-27T00:52:30.243+05:30  WARN 13892 --- [order-service] [vice-producer-1] org.apache.kafka.clients.NetworkClient   : [Producer clientId=order-service-producer-1] Bootstrap broker localhost:9092 (id: -1 rack: null) disconnected
2026-07-27T00:52:31.246+05:30  INFO 13892 --- [order-service] [vice-producer-1] org.apache.kafka.clients.NetworkClient   : [Producer clientId=order-service-producer-1] Node -1 disconnected.
2026-07-27T00:52:31.247+05:30  WARN 13892 --- [order-service] [vice-producer-1] org.apache.kafka.clients.NetworkClient   : [Producer clientId=order-service-producer-1] Connection to node -1 (localhost/127.0.0.1:9092) could not be established. Node may not be available.
2026-07-27T00:52:31.248+05:30  WARN 13892 --- [order-service] [vice-producer-1] org.apache.kafka.clients.NetworkClient   : [Producer clientId=order-service-producer-1] Bootstrap broker localhost:9092 (id: -1 rack: null) disconnected
2026-07-27T00:52:32.262+05:30  INFO 13892 --- [order-service] [vice-producer-1] org.apache.kafka.clients.NetworkClient   : [Producer clientId=order-service-producer-1] Node -1 disconnected.
2026-07-27T00:52:32.262+05:30  WARN 13892 --- [order-service] [vice-producer-1] org.apache.kafka.clients.NetworkClient   : [Producer clientId=order-service-producer-1] Connection to node -1 (localhost/127.0.0.1:9092) could not be established. Node may not be available.
2026-07-27T00:52:32.262+05:30  WARN 13892 --- [order-service] [vice-producer-1] org.apache.kafka.clients.NetworkClient   : [Producer clientId=order-service-producer-1] Bootstrap broker localhost:9092 (id: -1 rack: null) disconnected
Hibernate: select o1_0.id,o1_0.created_at,o1_0.product_id,o1_0.quantity,o1_0.status,o1_0.total_price,o1_0.user_id from orders o1_0 where o1_0.user_id=?
2026-07-27T00:52:33.225+05:30  INFO 13892 --- [order-service] [vice-producer-1] org.apache.kafka.clients.NetworkClient   : [Producer clientId=order-service-producer-1] Node -1 disconnected.
2026-07-27T00:52:33.226+05:30  WARN 13892 --- [order-service] [vice-producer-1] org.apache.kafka.clients.NetworkClient   : [Producer clientId=order-service-producer-1] Connection to node -1 (localhost/127.0.0.1:9092) could not be established. Node may not be available.
2026-07-27T00:52:33.226+05:30  WARN 13892 --- [order-service] [vice-producer-1] org.apache.kafka.clients.NetworkClient   : [Producer clientId=order-service-producer-1] Bootstrap broker localhost:9092 (id: -1 rack: null) disconnected
2026-07-27T00:52:34.238+05:30  INFO 13892 --- [order-service] [vice-producer-1] org.apache.kafka.clients.NetworkClient   : [Producer clientId=order-service-producer-1] Node -1 disconnected.
2026-07-27T00:52:34.238+05:30  WARN 13892 --- [order-service] [vice-producer-1] org.apache.kafka.clients.NetworkClient   : [Producer clientId=order-service-producer-1] Connection to node -1 (localhost/127.0.0.1:9092) could not be established. Node may not be available.
2026-07-27T00:52:34.238+05:30  WARN 13892 --- [order-service] [vice-producer-1] org.apache.kafka.clients.NetworkClient   : [Producer clientId=order-service-producer-1] Bootstrap broker localhost:9092 (id: -1 rack: null) disconnected
2026-07-27T00:52:35.254+05:30  INFO 13892 --- [order-service] [vice-producer-1] org.apache.kafka.clients.NetworkClient   : [Producer clientId=order-service-producer-1] Node -1 disconnected.
2026-07-27T00:52:35.255+05:30  WARN 13892 --- [order-service] [vice-producer-1] org.apache.kafka.clients.NetworkClient   : [Producer clientId=order-service-producer-1] Connection to node -1 (localhost/127.0.0.1:9092) could not be established. Node may not be available.
2026-07-27T00:52:35.255+05:30  WARN 13892 --- [order-service] [vice-producer-1] org.apache.kafka.clients.NetworkClient   : [Producer clientId=order-service-producer-1] Bootstrap broker localhost:9092 (id: -1 rack: null) disconnected
2026-07-27T00:52:36.205+05:30  INFO 13892 --- [order-service] [vice-producer-1] org.apache.kafka.clients.NetworkClient   : [Producer clientId=order-service-producer-1] Node -1 disconnected.
2026-07-27T00:52:36.205+05:30  WARN 13892 --- [order-service] [vice-producer-1] org.apache.kafka.clients.NetworkClient   : [Producer clientId=order-service-producer-1] Connection to node -1 (localhost/127.0.0.1:9092) could not be established. Node may not be available.
2026-07-27T00:52:36.205+05:30  WARN 13892 --- [order-service] [vice-producer-1] org.apache.kafka.clients.NetworkClient   : [Producer clientId=order-service-producer-1] Bootstrap broker localhost:9092 (id: -1 rack: null) disconnected
2026-07-27T00:52:37.220+05:30  INFO 13892 --- [order-service] [vice-producer-1] org.apache.kafka.clients.NetworkClient   : [Producer clientId=order-service-producer-1] Node -1 disconnected.
2026-07-27T00:52:37.220+05:30  WARN 13892 --- [order-service] [vice-producer-1] org.apache.kafka.clients.NetworkClient   : [Producer clientId=order-service-producer-1] Connection to node -1 (localhost/127.0.0.1:9092) could not be established. Node may not be available.
2026-07-27T00:52:37.221+05:30  WARN 13892 --- [order-service] [vice-producer-1] org.apache.kafka.clients.NetworkClient   : [Producer clientId=order-service-producer-1] Bootstrap broker localhost:9092 (id: -1 rack: null) disconnected
2026-07-27T00:52:38.233+05:30  INFO 13892 --- [order-service] [vice-producer-1] org.apache.kafka.clients.NetworkClient   : [Producer clientId=order-service-producer-1] Node -1 disconnected.
2026-07-27T00:52:38.233+05:30  WARN 13892 --- [order-service] [vice-producer-1] org.apache.kafka.clients.NetworkClient   : [Producer clientId=order-service-producer-1] Connection to node -1 (localhost/127.0.0.1:9092) could not be established. Node may not be available.
2026-07-27T00:52:38.233+05:30  WARN 13892 --- [order-service] [vice-producer-1] org.apache.kafka.clients.NetworkClient   : [Producer clientId=order-service-producer-1] Bootstrap broker localhost:9092 (id: -1 rack: null) disconnected
2026-07-27T00:52:39.249+05:30  INFO 13892 --- [order-service] [vice-producer-1] org.apache.kafka.clients.NetworkClient   : [Producer clientId=order-service-producer-1] Node -1 disconnected.
2026-07-27T00:52:39.251+05:30  WARN 13892 --- [order-service] [vice-producer-1] org.apache.kafka.clients.NetworkClient   : [Producer clientId=order-service-producer-1] Connection to node -1 (localhost/127.0.0.1:9092) could not be established. Node may not be available.
2026-07-27T00:52:39.252+05:30  WARN 13892 --- [order-service] [vice-producer-1] org.apache.kafka.clients.NetworkClient   : [Producer clientId=order-service-producer-1] Bootstrap broker localhost:9092 (id: -1 rack: null) disconnected
2026-07-27T00:52:40.250+05:30  INFO 13892 --- [order-service] [vice-producer-1] org.apache.kafka.clients.NetworkClient   : [Producer clientId=order-service-producer-1] Node -1 disconnected.
2026-07-27T00:52:40.251+05:30  WARN 13892 --- [order-service] [vice-producer-1] org.apache.kafka.clients.NetworkClient   : [Producer clientId=order-service-producer-1] Connection to node -1 (localhost/127.0.0.1:9092) could not be established. Node may not be available.
2026-07-27T00:52:40.251+05:30  WARN 13892 --- [order-service] [vice-producer-1] org.apache.kafka.clients.NetworkClient   : [Producer clientId=order-service-producer-1] Bootstrap broker localhost:9092 (id: -1 rack: null) disconnected
2026-07-27T00:52:41.088+05:30  INFO 13892 --- [order-service] [vice-producer-1] org.apache.kafka.clients.NetworkClient   : [Producer clientId=order-service-producer-1] Node -1 disconnected.
2026-07-27T00:52:41.090+05:30  WARN 13892 --- [order-service] [vice-producer-1] org.apache.kafka.clients.NetworkClient   : [Producer clientId=order-service-producer-1] Connection to node -1 (localhost/127.0.0.1:9092) could not be established. Node may not be available.
2026-07-27T00:52:41.090+05:30  WARN 13892 --- [order-service] [vice-producer-1] org.apache.kafka.clients.NetworkClient   : [Producer clientId=order-service-producer-1] Bootstrap broker localhost:9092 (id: -1 rack: null) disconnected
2026-07-27T00:52:42.009+05:30  INFO 13892 --- [order-service] [vice-producer-1] org.apache.kafka.clients.NetworkClient   : [Producer clientId=order-service-producer-1] Node -1 disconnected.
2026-07-27T00:52:42.009+05:30  WARN 13892 --- [order-service] [vice-producer-1] org.apache.kafka.clients.NetworkClient   : [Producer clientId=order-service-producer-1] Connection to node -1 (localhost/127.0.0.1:9092) could not be established. Node may not be available.
2026-07-27T00:52:42.009+05:30  WARN 13892 --- [order-service] [vice-producer-1] org.apache.kafka.clients.NetworkClient   : [Producer clientId=order-service-producer-1] Bootstrap broker localhost:9092 (id: -1 rack: null) disconnected
2026-07-27T00:52:43.010+05:30  INFO 13892 --- [order-service] [vice-producer-1] org.apache.kafka.clients.NetworkClient   : [Producer clientId=order-service-producer-1] Node -1 disconnected.
2026-07-27T00:52:43.010+05:30  WARN 13892 --- [order-service] [vice-producer-1] org.apache.kafka.clients.NetworkClient   : [Producer clientId=order-service-producer-1] Connection to node -1 (localhost/127.0.0.1:9092) could not be established. Node may not be available.
2026-07-27T00:52:43.010+05:30  WARN 13892 --- [order-service] [vice-producer-1] org.apache.kafka.clients.NetworkClient   : [Producer clientId=order-service-producer-1] Bootstrap broker localhost:9092 (id: -1 rack: null) disconnected
2026-07-27T00:52:44.042+05:30  INFO 13892 --- [order-service] [vice-producer-1] org.apache.kafka.clients.NetworkClient   : [Producer clientId=order-service-producer-1] Node -1 disconnected.
2026-07-27T00:52:44.042+05:30  WARN 13892 --- [order-service] [vice-producer-1] org.apache.kafka.clients.NetworkClient   : [Producer clientId=order-service-producer-1] Connection to node -1 (localhost/127.0.0.1:9092) could not be established. Node may not be available.
2026-07-27T00:52:44.042+05:30  WARN 13892 --- [order-service] [vice-producer-1] org.apache.kafka.clients.NetworkClient   : [Producer clientId=order-service-producer-1] Bootstrap broker localhost:9092 (id: -1 rack: null) disconnected
2026-07-27T00:52:45.043+05:30  INFO 13892 --- [order-service] [vice-producer-1] org.apache.kafka.clients.NetworkClient   : [Producer clientId=order-service-producer-1] Node -1 disconnected.
2026-07-27T00:52:45.043+05:30  WARN 13892 --- [order-service] [vice-producer-1] org.apache.kafka.clients.NetworkClient   : [Producer clientId=order-service-producer-1] Connection to node -1 (localhost/127.0.0.1:9092) could not be established. Node may not be available.
2026-07-27T00:52:45.043+05:30  WARN 13892 --- [order-service] [vice-producer-1] org.apache.kafka.clients.NetworkClient   : [Producer clientId=order-service-producer-1] Bootstrap broker localhost:9092 (id: -1 rack: null) disconnected
2026-07-27T00:52:46.045+05:30  INFO 13892 --- [order-service] [vice-producer-1] org.apache.kafka.clients.NetworkClient   : [Producer clientId=order-service-producer-1] Node -1 disconnected.
2026-07-27T00:52:46.045+05:30  WARN 13892 --- [order-service] [vice-producer-1] org.apache.kafka.clients.NetworkClient   : [Producer clientId=order-service-producer-1] Connection to node -1 (localhost/127.0.0.1:9092) could not be established. Node may not be available.
2026-07-27T00:52:46.045+05:30  WARN 13892 --- [order-service] [vice-producer-1] org.apache.kafka.clients.NetworkClient   : [Producer clientId=order-service-producer-1] Bootstrap broker localhost:9092 (id: -1 rack: null) disconnected
2026-07-27T00:52:46.905+05:30  INFO 13892 --- [order-service] [vice-producer-1] org.apache.kafka.clients.NetworkClient   : [Producer clientId=order-service-producer-1] Node -1 disconnected.
2026-07-27T00:52:46.906+05:30  WARN 13892 --- [order-service] [vice-producer-1] org.apache.kafka.clients.NetworkClient   : [Producer clientId=order-service-producer-1] Connection to node -1 (localhost/127.0.0.1:9092) could not be established. Node may not be available.
2026-07-27T00:52:46.906+05:30  WARN 13892 --- [order-service] [vice-producer-1] org.apache.kafka.clients.NetworkClient   : [Producer clientId=order-service-producer-1] Bootstrap broker localhost:9092 (id: -1 rack: null) disconnected
2026-07-27T00:52:47.910+05:30  INFO 13892 --- [order-service] [vice-producer-1] org.apache.kafka.clients.NetworkClient   : [Producer clientId=order-service-producer-1] Node -1 disconnected.
2026-07-27T00:52:47.910+05:30  WARN 13892 --- [order-service] [vice-producer-1] org.apache.kafka.clients.NetworkClient   : [Producer clientId=order-service-producer-1] Connection to node -1 (localhost/127.0.0.1:9092) could not be established. Node may not be available.
2026-07-27T00:52:47.910+05:30  WARN 13892 --- [order-service] [vice-producer-1] org.apache.kafka.clients.NetworkClient   : [Producer clientId=order-service-producer-1] Bootstrap broker localhost:9092 (id: -1 rack: null) disconnected
2026-07-27T00:52:48.720+05:30  INFO 13892 --- [order-service] [vice-producer-1] org.apache.kafka.clients.NetworkClient   : [Producer clientId=order-service-producer-1] Node -1 disconnected.
2026-07-27T00:52:48.720+05:30  WARN 13892 --- [order-service] [vice-producer-1] org.apache.kafka.clients.NetworkClient   : [Producer clientId=order-service-producer-1] Connection to node -1 (localhost/127.0.0.1:9092) could not be established. Node may not be available.
2026-07-27T00:52:48.720+05:30  WARN 13892 --- [order-service] [vice-producer-1] org.apache.kafka.clients.NetworkClient   : [Producer clientId=order-service-producer-1] Bootstrap broker localhost:9092 (id: -1 rack: null) disconnected
2026-07-27T00:52:49.718+05:30  INFO 13892 --- [order-service] [vice-producer-1] org.apache.kafka.clients.NetworkClient   : [Producer clientId=order-service-producer-1] Node -1 disconnected.
2026-07-27T00:52:49.719+05:30  WARN 13892 --- [order-service] [vice-producer-1] org.apache.kafka.clients.NetworkClient   : [Producer clientId=order-service-producer-1] Connection to node -1 (localhost/127.0.0.1:9092) could not be established. Node may not be available.
2026-07-27T00:52:49.719+05:30  WARN 13892 --- [order-service] [vice-producer-1] org.apache.kafka.clients.NetworkClient   : [Producer clientId=order-service-producer-1] Bootstrap broker localhost:9092 (id: -1 rack: null) disconnected
2026-07-27T00:52:50.680+05:30  INFO 13892 --- [order-service] [vice-producer-1] org.apache.kafka.clients.NetworkClient   : [Producer clientId=order-service-producer-1] Node -1 disconnected.
2026-07-27T00:52:50.680+05:30  WARN 13892 --- [order-service] [vice-producer-1] org.apache.kafka.clients.NetworkClient   : [Producer clientId=order-service-producer-1] Connection to node -1 (localhost/127.0.0.1:9092) could not be established. Node may not be available.
2026-07-27T00:52:50.680+05:30  WARN 13892 --- [order-service] [vice-producer-1] org.apache.kafka.clients.NetworkClient   : [Producer clientId=order-service-producer-1] Bootstrap broker localhost:9092 (id: -1 rack: null) disconnected
2026-07-27T00:52:51.698+05:30  INFO 13892 --- [order-service] [vice-producer-1] org.apache.kafka.clients.NetworkClient   : [Producer clientId=order-service-producer-1] Node -1 disconnected.
2026-07-27T00:52:51.698+05:30  WARN 13892 --- [order-service] [vice-producer-1] org.apache.kafka.clients.NetworkClient   : [Producer clientId=order-service-producer-1] Connection to node -1 (localhost/127.0.0.1:9092) could not be established. Node may not be available.
2026-07-27T00:52:51.698+05:30  WARN 13892 --- [order-service] [vice-producer-1] org.apache.kafka.clients.NetworkClient   : [Producer clientId=order-service-producer-1] Bootstrap broker localhost:9092 (id: -1 rack: null) disconnected
2026-07-27T00:52:52.559+05:30  INFO 13892 --- [order-service] [vice-producer-1] org.apache.kafka.clients.NetworkClient   : [Producer clientId=order-service-producer-1] Node -1 disconnected.
2026-07-27T00:52:52.559+05:30  WARN 13892 --- [order-service] [vice-producer-1] org.apache.kafka.clients.NetworkClient   : [Producer clientId=order-service-producer-1] Connection to node -1 (localhost/127.0.0.1:9092) could not be established. Node may not be available.
2026-07-27T00:52:52.559+05:30  WARN 13892 --- [order-service] [vice-producer-1] org.apache.kafka.clients.NetworkClient   : [Producer clientId=order-service-producer-1] Bootstrap broker localhost:9092 (id: -1 rack: null) disconnected
2026-07-27T00:52:53.571+05:30  INFO 13892 --- [order-service] [vice-producer-1] org.apache.kafka.clients.NetworkClient   : [Producer clientId=order-service-producer-1] Node -1 disconnected.
2026-07-27T00:52:53.572+05:30  WARN 13892 --- [order-service] [vice-producer-1] org.apache.kafka.clients.NetworkClient   : [Producer clientId=order-service-producer-1] Connection to node -1 (localhost/127.0.0.1:9092) could not be established. Node may not be available.
2026-07-27T00:52:53.572+05:30  WARN 13892 --- [order-service] [vice-producer-1] org.apache.kafka.clients.NetworkClient   : [Producer clientId=order-service-producer-1] Bootstrap broker localhost:9092 (id: -1 rack: null) disconnected
2026-07-27T00:52:54.573+05:30  INFO 13892 --- [order-service] [vice-producer-1] org.apache.kafka.clients.NetworkClient   : [Producer clientId=order-service-producer-1] Node -1 disconnected.
2026-07-27T00:52:54.573+05:30  WARN 13892 --- [order-service] [vice-producer-1] org.apache.kafka.clients.NetworkClient   : [Producer clientId=order-service-producer-1] Connection to node -1 (localhost/127.0.0.1:9092) could not be established. Node may not be available.
2026-07-27T00:52:54.573+05:30  WARN 13892 --- [order-service] [vice-producer-1] org.apache.kafka.clients.NetworkClient   : [Producer clientId=order-service-producer-1] Bootstrap broker localhost:9092 (id: -1 rack: null) disconnected
2026-07-27T00:52:55.575+05:30  INFO 13892 --- [order-service] [vice-producer-1] org.apache.kafka.clients.NetworkClient   : [Producer clientId=order-service-producer-1] Node -1 disconnected.
2026-07-27T00:52:55.575+05:30  WARN 13892 --- [order-service] [vice-producer-1] org.apache.kafka.clients.NetworkClient   : [Producer clientId=order-service-producer-1] Connection to node -1 (localhost/127.0.0.1:9092) could not be established. Node may not be available.
2026-07-27T00:52:55.575+05:30  WARN 13892 --- [order-service] [vice-producer-1] org.apache.kafka.clients.NetworkClient   : [Producer clientId=order-service-producer-1] Bootstrap broker localhost:9092 (id: -1 rack: null) disconnected
2026-07-27T00:52:56.588+05:30  INFO 13892 --- [order-service] [vice-producer-1] org.apache.kafka.clients.NetworkClient   : [Producer clientId=order-service-producer-1] Node -1 disconnected.
2026-07-27T00:52:56.588+05:30  WARN 13892 --- [order-service] [vice-producer-1] org.apache.kafka.clients.NetworkClient   : [Producer clientId=order-service-producer-1] Connection to node -1 (localhost/127.0.0.1:9092) could not be established. Node may not be available.
2026-07-27T00:52:56.589+05:30  WARN 13892 --- [order-service] [vice-producer-1] org.apache.kafka.clients.NetworkClient   : [Producer clientId=order-service-producer-1] Bootstrap broker localhost:9092 (id: -1 rack: null) disconnected
2026-07-27T00:52:57.553+05:30  INFO 13892 --- [order-service] [vice-producer-1] org.apache.kafka.clients.NetworkClient   : [Producer clientId=order-service-producer-1] Node -1 disconnected.
2026-07-27T00:52:57.555+05:30  WARN 13892 --- [order-service] [vice-producer-1] org.apache.kafka.clients.NetworkClient   : [Producer clientId=order-service-producer-1] Connection to node -1 (localhost/127.0.0.1:9092) could not be established. Node may not be available.
2026-07-27T00:52:57.555+05:30  WARN 13892 --- [order-service] [vice-producer-1] org.apache.kafka.clients.NetworkClient   : [Producer clientId=order-service-producer-1] Bootstrap broker localhost:9092 (id: -1 rack: null) disconnected
2026-07-27T00:52:58.464+05:30  INFO 13892 --- [order-service] [vice-producer-1] org.apache.kafka.clients.NetworkClient   : [Producer clientId=order-service-producer-1] Node -1 disconnected.
2026-07-27T00:52:58.464+05:30  WARN 13892 --- [order-service] [vice-producer-1] org.apache.kafka.clients.NetworkClient   : [Producer clientId=order-service-producer-1] Connection to node -1 (localhost/127.0.0.1:9092) could not be established. Node may not be available.
2026-07-27T00:52:58.464+05:30  WARN 13892 --- [order-service] [vice-producer-1] org.apache.kafka.clients.NetworkClient   : [Producer clientId=order-service-producer-1] Bootstrap broker localhost:9092 (id: -1 rack: null) disconnected
2026-07-27T00:52:59.470+05:30  INFO 13892 --- [order-service] [vice-producer-1] org.apache.kafka.clients.NetworkClient   : [Producer clientId=order-service-producer-1] Node -1 disconnected.
2026-07-27T00:52:59.470+05:30  WARN 13892 --- [order-service] [vice-producer-1] org.apache.kafka.clients.NetworkClient   : [Producer clientId=order-service-producer-1] Connection to node -1 (localhost/127.0.0.1:9092) could not be established. Node may not be available.
2026-07-27T00:52:59.470+05:30  WARN 13892 --- [order-service] [vice-producer-1] org.apache.kafka.clients.NetworkClient   : [Producer clientId=order-service-producer-1] Bootstrap broker localhost:9092 (id: -1 rack: null) disconnected
2026-07-27T00:53:00.333+05:30  INFO 13892 --- [order-service] [vice-producer-1] org.apache.kafka.clients.NetworkClient   : [Producer clientId=order-service-producer-1] Node -1 disconnected.
2026-07-27T00:53:00.333+05:30  WARN 13892 --- [order-service] [vice-producer-1] org.apache.kafka.clients.NetworkClient   : [Producer clientId=order-service-producer-1] Connection to node -1 (localhost/127.0.0.1:9092) could not be established. Node may not be available.
2026-07-27T00:53:00.333+05:30  WARN 13892 --- [order-service] [vice-producer-1] org.apache.kafka.clients.NetworkClient   : [Producer clientId=order-service-producer-1] Bootstrap broker localhost:9092 (id: -1 rack: null) disconnected
2026-07-27T00:53:01.383+05:30  INFO 13892 --- [order-service] [vice-producer-1] org.apache.kafka.clients.NetworkClient   : [Producer clientId=order-service-producer-1] Node -1 disconnected.
2026-07-27T00:53:01.383+05:30  WARN 13892 --- [order-service] [vice-producer-1] org.apache.kafka.clients.NetworkClient   : [Producer clientId=order-service-producer-1] Connection to node -1 (localhost/127.0.0.1:9092) could not be established. Node may not be available.
2026-07-27T00:53:01.383+05:30  WARN 13892 --- [order-service] [vice-producer-1] org.apache.kafka.clients.NetworkClient   : [Producer clientId=order-service-producer-1] Bootstrap broker localhost:9092 (id: -1 rack: null) disconnected
2026-07-27T00:53:02.393+05:30  INFO 13892 --- [order-service] [vice-producer-1] org.apache.kafka.clients.NetworkClient   : [Producer clientId=order-service-producer-1] Node -1 disconnected.
2026-07-27T00:53:02.393+05:30  WARN 13892 --- [order-service] [vice-producer-1] org.apache.kafka.clients.NetworkClient   : [Producer clientId=order-service-producer-1] Connection to node -1 (localhost/127.0.0.1:9092) could not be established. Node may not be available.
2026-07-27T00:53:02.393+05:30  WARN 13892 --- [order-service] [vice-producer-1] org.apache.kafka.clients.NetworkClient   : [Producer clientId=order-service-producer-1] Bootstrap broker localhost:9092 (id: -1 rack: null) disconnected
2026-07-27T00:53:03.394+05:30  INFO 13892 --- [order-service] [vice-producer-1] org.apache.kafka.clients.NetworkClient   : [Producer clientId=order-service-producer-1] Node -1 disconnected.
2026-07-27T00:53:03.394+05:30  WARN 13892 --- [order-service] [vice-producer-1] org.apache.kafka.clients.NetworkClient   : [Producer clientId=order-service-producer-1] Connection to node -1 (localhost/127.0.0.1:9092) could not be established. Node may not be available.
2026-07-27T00:53:03.394+05:30  WARN 13892 --- [order-service] [vice-producer-1] org.apache.kafka.clients.NetworkClient   : [Producer clientId=order-service-producer-1] Bootstrap broker localhost:9092 (id: -1 rack: null) disconnected
2026-07-27T00:53:04.202+05:30  INFO 13892 --- [order-service] [vice-producer-1] org.apache.kafka.clients.NetworkClient   : [Producer clientId=order-service-producer-1] Node -1 disconnected.
2026-07-27T00:53:04.203+05:30  WARN 13892 --- [order-service] [vice-producer-1] org.apache.kafka.clients.NetworkClient   : [Producer clientId=order-service-producer-1] Connection to node -1 (localhost/127.0.0.1:9092) could not be established. Node may not be available.
2026-07-27T00:53:04.203+05:30  WARN 13892 --- [order-service] [vice-producer-1] org.apache.kafka.clients.NetworkClient   : [Producer clientId=order-service-producer-1] Bootstrap broker localhost:9092 (id: -1 rack: null) disconnected
2026-07-27T00:53:05.251+05:30  INFO 13892 --- [order-service] [vice-producer-1] org.apache.kafka.clients.NetworkClient   : [Producer clientId=order-service-producer-1] Node -1 disconnected.
2026-07-27T00:53:05.251+05:30  WARN 13892 --- [order-service] [vice-producer-1] org.apache.kafka.clients.NetworkClient   : [Producer clientId=order-service-producer-1] Connection to node -1 (localhost/127.0.0.1:9092) could not be established. Node may not be available.
2026-07-27T00:53:05.252+05:30  WARN 13892 --- [order-service] [vice-producer-1] org.apache.kafka.clients.NetworkClient   : [Producer clientId=order-service-producer-1] Bootstrap broker localhost:9092 (id: -1 rack: null) disconnected
2026-07-27T00:53:06.259+05:30  INFO 13892 --- [order-service] [vice-producer-1] org.apache.kafka.clients.NetworkClient   : [Producer clientId=order-service-producer-1] Node -1 disconnected.
2026-07-27T00:53:06.259+05:30  WARN 13892 --- [order-service] [vice-producer-1] org.apache.kafka.clients.NetworkClient   : [Producer clientId=order-service-producer-1] Connection to node -1 (localhost/127.0.0.1:9092) could not be established. Node may not be available.
2026-07-27T00:53:06.259+05:30  WARN 13892 --- [order-service] [vice-producer-1] org.apache.kafka.clients.NetworkClient   : [Producer clientId=order-service-producer-1] Bootstrap broker localhost:9092 (id: -1 rack: null) disconnected
2026-07-27T00:53:07.120+05:30  INFO 13892 --- [order-service] [vice-producer-1] org.apache.kafka.clients.NetworkClient   : [Producer clientId=order-service-producer-1] Node -1 disconnected.
2026-07-27T00:53:07.120+05:30  WARN 13892 --- [order-service] [vice-producer-1] org.apache.kafka.clients.NetworkClient   : [Producer clientId=order-service-producer-1] Connection to node -1 (localhost/127.0.0.1:9092) could not be established. Node may not be available.
2026-07-27T00:53:07.120+05:30  WARN 13892 --- [order-service] [vice-producer-1] org.apache.kafka.clients.NetworkClient   : [Producer clientId=order-service-producer-1] Bootstrap broker localhost:9092 (id: -1 rack: null) disconnected
2026-07-27T00:53:08.019+05:30  INFO 13892 --- [order-service] [vice-producer-1] org.apache.kafka.clients.NetworkClient   : [Producer clientId=order-service-producer-1] Node -1 disconnected.
2026-07-27T00:53:08.019+05:30  WARN 13892 --- [order-service] [vice-producer-1] org.apache.kafka.clients.NetworkClient   : [Producer clientId=order-service-producer-1] Connection to node -1 (localhost/127.0.0.1:9092) could not be established. Node may not be available.
2026-07-27T00:53:08.019+05:30  WARN 13892 --- [order-service] [vice-producer-1] org.apache.kafka.clients.NetworkClient   : [Producer clientId=order-service-producer-1] Bootstrap broker localhost:9092 (id: -1 rack: null) disconnected
Hibernate: select o1_0.id,o1_0.created_at,o1_0.product_id,o1_0.quantity,o1_0.status,o1_0.total_price,o1_0.user_id from orders o1_0
2026-07-27T00:53:09.040+05:30  INFO 13892 --- [order-service] [vice-producer-1] org.apache.kafka.clients.NetworkClient   : [Producer clientId=order-service-producer-1] Node -1 disconnected.
2026-07-27T00:53:09.040+05:30  WARN 13892 --- [order-service] [vice-producer-1] org.apache.kafka.clients.NetworkClient   : [Producer clientId=order-service-producer-1] Connection to node -1 (localhost/127.0.0.1:9092) could not be established. Node may not be available.
2026-07-27T00:53:09.040+05:30  WARN 13892 --- [order-service] [vice-producer-1] org.apache.kafka.clients.NetworkClient   : [Producer clientId=order-service-producer-1] Bootstrap broker localhost:9092 (id: -1 rack: null) disconnected
2026-07-27T00:53:09.952+05:30  INFO 13892 --- [order-service] [vice-producer-1] org.apache.kafka.clients.NetworkClient   : [Producer clientId=order-service-producer-1] Node -1 disconnected.
2026-07-27T00:53:09.952+05:30  WARN 13892 --- [order-service] [vice-producer-1] org.apache.kafka.clients.NetworkClient   : [Producer clientId=order-service-producer-1] Connection to node -1 (localhost/127.0.0.1:9092) could not be established. Node may not be available.
2026-07-27T00:53:09.952+05:30  WARN 13892 --- [order-service] [vice-producer-1] org.apache.kafka.clients.NetworkClient   : [Producer clientId=order-service-producer-1] Bootstrap broker localhost:9092 (id: -1 rack: null) disconnected
2026-07-27T00:53:10.973+05:30  INFO 13892 --- [order-service] [vice-producer-1] org.apache.kafka.clients.NetworkClient   : [Producer clientId=order-service-producer-1] Node -1 disconnected.
2026-07-27T00:53:10.973+05:30  WARN 13892 --- [order-service] [vice-producer-1] org.apache.kafka.clients.NetworkClient   : [Producer clientId=order-service-producer-1] Connection to node -1 (localhost/127.0.0.1:9092) could not be established. Node may not be available.
2026-07-27T00:53:10.973+05:30  WARN 13892 --- [order-service] [vice-producer-1] org.apache.kafka.clients.NetworkClient   : [Producer clientId=order-service-producer-1] Bootstrap broker localhost:9092 (id: -1 rack: null) disconnected
2026-07-27T00:53:11.986+05:30  INFO 13892 --- [order-service] [vice-producer-1] org.apache.kafka.clients.NetworkClient   : [Producer clientId=order-service-producer-1] Node -1 disconnected.
2026-07-27T00:53:11.986+05:30  WARN 13892 --- [order-service] [vice-producer-1] org.apache.kafka.clients.NetworkClient   : [Producer clientId=order-service-producer-1] Connection to node -1 (localhost/127.0.0.1:9092) could not be established. Node may not be available.
2026-07-27T00:53:11.986+05:30  WARN 13892 --- [order-service] [vice-producer-1] org.apache.kafka.clients.NetworkClient   : [Producer clientId=order-service-producer-1] Bootstrap broker localhost:9092 (id: -1 rack: null) disconnected
2026-07-27T00:53:12.988+05:30  INFO 13892 --- [order-service] [vice-producer-1] org.apache.kafka.clients.NetworkClient   : [Producer clientId=order-service-producer-1] Node -1 disconnected.
2026-07-27T00:53:12.988+05:30  WARN 13892 --- [order-service] [vice-producer-1] org.apache.kafka.clients.NetworkClient   : [Producer clientId=order-service-producer-1] Connection to node -1 (localhost/127.0.0.1:9092) could not be established. Node may not be available.
2026-07-27T00:53:12.988+05:30  WARN 13892 --- [order-service] [vice-producer-1] org.apache.kafka.clients.NetworkClient   : [Producer clientId=order-service-producer-1] Bootstrap broker localhost:9092 (id: -1 rack: null) disconnected
2026-07-27T00:53:13.992+05:30  INFO 13892 --- [order-service] [vice-producer-1] org.apache.kafka.clients.NetworkClient   : [Producer clientId=order-service-producer-1] Node -1 disconnected.
2026-07-27T00:53:13.992+05:30  WARN 13892 --- [order-service] [vice-producer-1] org.apache.kafka.clients.NetworkClient   : [Producer clientId=order-service-producer-1] Connection to node -1 (localhost/127.0.0.1:9092) could not be established. Node may not be available.
2026-07-27T00:53:13.992+05:30  WARN 13892 --- [order-service] [vice-producer-1] org.apache.kafka.clients.NetworkClient   : [Producer clientId=order-service-producer-1] Bootstrap broker localhost:9092 (id: -1 rack: null) disconnected
2026-07-27T00:53:14.900+05:30  INFO 13892 --- [order-service] [vice-producer-1] org.apache.kafka.clients.NetworkClient   : [Producer clientId=order-service-producer-1] Node -1 disconnected.
2026-07-27T00:53:14.900+05:30  WARN 13892 --- [order-service] [vice-producer-1] org.apache.kafka.clients.NetworkClient   : [Producer clientId=order-service-producer-1] Connection to node -1 (localhost/127.0.0.1:9092) could not be established. Node may not be available.
2026-07-27T00:53:14.902+05:30  WARN 13892 --- [order-service] [vice-producer-1] org.apache.kafka.clients.NetworkClient   : [Producer clientId=order-service-producer-1] Bootstrap broker localhost:9092 (id: -1 rack: null) disconnected
2026-07-27T00:53:15.712+05:30  INFO 13892 --- [order-service] [vice-producer-1] org.apache.kafka.clients.NetworkClient   : [Producer clientId=order-service-producer-1] Node -1 disconnected.
2026-07-27T00:53:15.713+05:30  WARN 13892 --- [order-service] [vice-producer-1] org.apache.kafka.clients.NetworkClient   : [Producer clientId=order-service-producer-1] Connection to node -1 (localhost/127.0.0.1:9092) could not be established. Node may not be available.
2026-07-27T00:53:15.713+05:30  WARN 13892 --- [order-service] [vice-producer-1] org.apache.kafka.clients.NetworkClient   : [Producer clientId=order-service-producer-1] Bootstrap broker localhost:9092 (id: -1 rack: null) disconnected
2026-07-27T00:53:16.727+05:30  INFO 13892 --- [order-service] [vice-producer-1] org.apache.kafka.clients.NetworkClient   : [Producer clientId=order-service-producer-1] Node -1 disconnected.
2026-07-27T00:53:16.727+05:30  WARN 13892 --- [order-service] [vice-producer-1] org.apache.kafka.clients.NetworkClient   : [Producer clientId=order-service-producer-1] Connection to node -1 (localhost/127.0.0.1:9092) could not be established. Node may not be available.
2026-07-27T00:53:16.727+05:30  WARN 13892 --- [order-service] [vice-producer-1] org.apache.kafka.clients.NetworkClient   : [Producer clientId=order-service-producer-1] Bootstrap broker localhost:9092 (id: -1 rack: null) disconnected
2026-07-27T00:53:17.729+05:30  INFO 13892 --- [order-service] [vice-producer-1] org.apache.kafka.clients.NetworkClient   : [Producer clientId=order-service-producer-1] Node -1 disconnected.
2026-07-27T00:53:17.730+05:30  WARN 13892 --- [order-service] [vice-producer-1] org.apache.kafka.clients.NetworkClient   : [Producer clientId=order-service-producer-1] Connection to node -1 (localhost/127.0.0.1:9092) could not be established. Node may not be available.
2026-07-27T00:53:17.730+05:30  WARN 13892 --- [order-service] [vice-producer-1] org.apache.kafka.clients.NetworkClient   : [Producer clientId=order-service-producer-1] Bootstrap broker localhost:9092 (id: -1 rack: null) disconnected
2026-07-27T00:53:18.590+05:30  INFO 13892 --- [order-service] [vice-producer-1] org.apache.kafka.clients.NetworkClient   : [Producer clientId=order-service-producer-1] Node -1 disconnected.
2026-07-27T00:53:18.590+05:30  WARN 13892 --- [order-service] [vice-producer-1] org.apache.kafka.clients.NetworkClient   : [Producer clientId=order-service-producer-1] Connection to node -1 (localhost/127.0.0.1:9092) could not be established. Node may not be available.
2026-07-27T00:53:18.590+05:30  WARN 13892 --- [order-service] [vice-producer-1] org.apache.kafka.clients.NetworkClient   : [Producer clientId=order-service-producer-1] Bootstrap broker localhost:9092 (id: -1 rack: null) disconnected
2026-07-27T00:53:19.450+05:30  INFO 13892 --- [order-service] [vice-producer-1] org.apache.kafka.clients.NetworkClient   : [Producer clientId=order-service-producer-1] Node -1 disconnected.
2026-07-27T00:53:19.450+05:30  WARN 13892 --- [order-service] [vice-producer-1] org.apache.kafka.clients.NetworkClient   : [Producer clientId=order-service-producer-1] Connection to node -1 (localhost/127.0.0.1:9092) could not be established. Node may not be available.
2026-07-27T00:53:19.450+05:30  WARN 13892 --- [order-service] [vice-producer-1] org.apache.kafka.clients.NetworkClient   : [Producer clientId=order-service-producer-1] Bootstrap broker localhost:9092 (id: -1 rack: null) disconnected
2026-07-27T00:53:20.453+05:30  INFO 13892 --- [order-service] [vice-producer-1] org.apache.kafka.clients.NetworkClient   : [Producer clientId=order-service-producer-1] Node -1 disconnected.
2026-07-27T00:53:20.454+05:30  WARN 13892 --- [order-service] [vice-producer-1] org.apache.kafka.clients.NetworkClient   : [Producer clientId=order-service-producer-1] Connection to node -1 (localhost/127.0.0.1:9092) could not be established. Node may not be available.
2026-07-27T00:53:20.454+05:30  WARN 13892 --- [order-service] [vice-producer-1] org.apache.kafka.clients.NetworkClient   : [Producer clientId=order-service-producer-1] Bootstrap broker localhost:9092 (id: -1 rack: null) disconnected
2026-07-27T00:53:21.454+05:30  INFO 13892 --- [order-service] [vice-producer-1] org.apache.kafka.clients.NetworkClient   : [Producer clientId=order-service-producer-1] Node -1 disconnected.
2026-07-27T00:53:21.454+05:30  WARN 13892 --- [order-service] [vice-producer-1] org.apache.kafka.clients.NetworkClient   : [Producer clientId=order-service-producer-1] Connection to node -1 (localhost/127.0.0.1:9092) could not be established. Node may not be available.
2026-07-27T00:53:21.454+05:30  WARN 13892 --- [order-service] [vice-producer-1] org.apache.kafka.clients.NetworkClient   : [Producer clientId=order-service-producer-1] Bootstrap broker localhost:9092 (id: -1 rack: null) disconnected
2026-07-27T00:53:22.315+05:30  INFO 13892 --- [order-service] [vice-producer-1] org.apache.kafka.clients.NetworkClient   : [Producer clientId=order-service-producer-1] Node -1 disconnected.
2026-07-27T00:53:22.316+05:30  WARN 13892 --- [order-service] [vice-producer-1] org.apache.kafka.clients.NetworkClient   : [Producer clientId=order-service-producer-1] Connection to node -1 (localhost/127.0.0.1:9092) could not be established. Node may not be available.
2026-07-27T00:53:22.316+05:30  WARN 13892 --- [order-service] [vice-producer-1] org.apache.kafka.clients.NetworkClient   : [Producer clientId=order-service-producer-1] Bootstrap broker localhost:9092 (id: -1 rack: null) disconnected
2026-07-27T00:53:23.329+05:30  INFO 13892 --- [order-service] [vice-producer-1] org.apache.kafka.clients.NetworkClient   : [Producer clientId=order-service-producer-1] Node -1 disconnected.
2026-07-27T00:53:23.329+05:30  WARN 13892 --- [order-service] [vice-producer-1] org.apache.kafka.clients.NetworkClient   : [Producer clientId=order-service-producer-1] Connection to node -1 (localhost/127.0.0.1:9092) could not be established. Node may not be available.
2026-07-27T00:53:23.329+05:30  WARN 13892 --- [order-service] [vice-producer-1] org.apache.kafka.clients.NetworkClient   : [Producer clientId=order-service-producer-1] Bootstrap broker localhost:9092 (id: -1 rack: null) disconnected
2026-07-27T00:53:24.190+05:30  INFO 13892 --- [order-service] [vice-producer-1] org.apache.kafka.clients.NetworkClient   : [Producer clientId=order-service-producer-1] Node -1 disconnected.
2026-07-27T00:53:24.191+05:30  WARN 13892 --- [order-service] [vice-producer-1] org.apache.kafka.clients.NetworkClient   : [Producer clientId=order-service-producer-1] Connection to node -1 (localhost/127.0.0.1:9092) could not be established. Node may not be available.
2026-07-27T00:53:24.191+05:30  WARN 13892 --- [order-service] [vice-producer-1] org.apache.kafka.clients.NetworkClient   : [Producer clientId=order-service-producer-1] Bootstrap broker localhost:9092 (id: -1 rack: null) disconnected
2026-07-27T00:53:25.190+05:30  INFO 13892 --- [order-service] [vice-producer-1] org.apache.kafka.clients.NetworkClient   : [Producer clientId=order-service-producer-1] Node -1 disconnected.
2026-07-27T00:53:25.192+05:30  WARN 13892 --- [order-service] [vice-producer-1] org.apache.kafka.clients.NetworkClient   : [Producer clientId=order-service-producer-1] Connection to node -1 (localhost/127.0.0.1:9092) could not be established. Node may not be available.
2026-07-27T00:53:25.192+05:30  WARN 13892 --- [order-service] [vice-producer-1] org.apache.kafka.clients.NetworkClient   : [Producer clientId=order-service-producer-1] Bootstrap broker localhost:9092 (id: -1 rack: null) disconnected
2026-07-27T00:53:26.101+05:30  INFO 13892 --- [order-service] [vice-producer-1] org.apache.kafka.clients.NetworkClient   : [Producer clientId=order-service-producer-1] Node -1 disconnected.
2026-07-27T00:53:26.101+05:30  WARN 13892 --- [order-service] [vice-producer-1] org.apache.kafka.clients.NetworkClient   : [Producer clientId=order-service-producer-1] Connection to node -1 (localhost/127.0.0.1:9092) could not be established. Node may not be available.
2026-07-27T00:53:26.102+05:30  WARN 13892 --- [order-service] [vice-producer-1] org.apache.kafka.clients.NetworkClient   : [Producer clientId=order-service-producer-1] Bootstrap broker localhost:9092 (id: -1 rack: null) disconnected
2026-07-27T00:53:27.102+05:30  INFO 13892 --- [order-service] [vice-producer-1] org.apache.kafka.clients.NetworkClient   : [Producer clientId=order-service-producer-1] Node -1 disconnected.
2026-07-27T00:53:27.102+05:30  WARN 13892 --- [order-service] [vice-producer-1] org.apache.kafka.clients.NetworkClient   : [Producer clientId=order-service-producer-1] Connection to node -1 (localhost/127.0.0.1:9092) could not be established. Node may not be available.
2026-07-27T00:53:27.102+05:30  WARN 13892 --- [order-service] [vice-producer-1] org.apache.kafka.clients.NetworkClient   : [Producer clientId=order-service-producer-1] Bootstrap broker localhost:9092 (id: -1 rack: null) disconnected
2026-07-27T00:53:28.065+05:30  INFO 13892 --- [order-service] [vice-producer-1] org.apache.kafka.clients.NetworkClient   : [Producer clientId=order-service-producer-1] Node -1 disconnected.
2026-07-27T00:53:28.065+05:30  WARN 13892 --- [order-service] [vice-producer-1] org.apache.kafka.clients.NetworkClient   : [Producer clientId=order-service-producer-1] Connection to node -1 (localhost/127.0.0.1:9092) could not be established. Node may not be available.
2026-07-27T00:53:28.065+05:30  WARN 13892 --- [order-service] [vice-producer-1] org.apache.kafka.clients.NetworkClient   : [Producer clientId=order-service-producer-1] Bootstrap broker localhost:9092 (id: -1 rack: null) disconnected
2026-07-27T00:53:29.076+05:30  INFO 13892 --- [order-service] [vice-producer-1] org.apache.kafka.clients.NetworkClient   : [Producer clientId=order-service-producer-1] Node -1 disconnected.
2026-07-27T00:53:29.076+05:30  WARN 13892 --- [order-service] [vice-producer-1] org.apache.kafka.clients.NetworkClient   : [Producer clientId=order-service-producer-1] Connection to node -1 (localhost/127.0.0.1:9092) could not be established. Node may not be available.
2026-07-27T00:53:29.076+05:30  WARN 13892 --- [order-service] [vice-producer-1] org.apache.kafka.clients.NetworkClient   : [Producer clientId=order-service-producer-1] Bootstrap broker localhost:9092 (id: -1 rack: null) disconnected
2026-07-27T00:53:29.990+05:30  INFO 13892 --- [order-service] [vice-producer-1] org.apache.kafka.clients.NetworkClient   : [Producer clientId=order-service-producer-1] Node -1 disconnected.
2026-07-27T00:53:29.990+05:30  WARN 13892 --- [order-service] [vice-producer-1] org.apache.kafka.clients.NetworkClient   : [Producer clientId=order-service-producer-1] Connection to node -1 (localhost/127.0.0.1:9092) could not be established. Node may not be available.
2026-07-27T00:53:29.990+05:30  WARN 13892 --- [order-service] [vice-producer-1] org.apache.kafka.clients.NetworkClient   : [Producer clientId=order-service-producer-1] Bootstrap broker localhost:9092 (id: -1 rack: null) disconnected
2026-07-27T00:53:31.004+05:30  INFO 13892 --- [order-service] [vice-producer-1] org.apache.kafka.clients.NetworkClient   : [Producer clientId=order-service-producer-1] Node -1 disconnected.
2026-07-27T00:53:31.005+05:30  WARN 13892 --- [order-service] [vice-producer-1] org.apache.kafka.clients.NetworkClient   : [Producer clientId=order-service-producer-1] Connection to node -1 (localhost/127.0.0.1:9092) could not be established. Node may not be available.
2026-07-27T00:53:31.006+05:30  WARN 13892 --- [order-service] [vice-producer-1] org.apache.kafka.clients.NetworkClient   : [Producer clientId=order-service-producer-1] Bootstrap broker localhost:9092 (id: -1 rack: null) disconnected
2026-07-27T00:53:31.917+05:30  INFO 13892 --- [order-service] [vice-producer-1] org.apache.kafka.clients.NetworkClient   : [Producer clientId=order-service-producer-1] Node -1 disconnected.
2026-07-27T00:53:31.917+05:30  WARN 13892 --- [order-service] [vice-producer-1] org.apache.kafka.clients.NetworkClient   : [Producer clientId=order-service-producer-1] Connection to node -1 (localhost/127.0.0.1:9092) could not be established. Node may not be available.
2026-07-27T00:53:31.919+05:30  WARN 13892 --- [order-service] [vice-producer-1] org.apache.kafka.clients.NetworkClient   : [Producer clientId=order-service-producer-1] Bootstrap broker localhost:9092 (id: -1 rack: null) disconnected
2026-07-27T00:53:32.934+05:30  INFO 13892 --- [order-service] [vice-producer-1] org.apache.kafka.clients.NetworkClient   : [Producer clientId=order-service-producer-1] Node -1 disconnected.
2026-07-27T00:53:32.935+05:30  WARN 13892 --- [order-service] [vice-producer-1] org.apache.kafka.clients.NetworkClient   : [Producer clientId=order-service-producer-1] Connection to node -1 (localhost/127.0.0.1:9092) could not be established. Node may not be available.
2026-07-27T00:53:32.935+05:30  WARN 13892 --- [order-service] [vice-producer-1] org.apache.kafka.clients.NetworkClient   : [Producer clientId=order-service-producer-1] Bootstrap broker localhost:9092 (id: -1 rack: null) disconnected
2026-07-27T00:53:33.944+05:30  INFO 13892 --- [order-service] [vice-producer-1] org.apache.kafka.clients.NetworkClient   : [Producer clientId=order-service-producer-1] Node -1 disconnected.
2026-07-27T00:53:33.944+05:30  WARN 13892 --- [order-service] [vice-producer-1] org.apache.kafka.clients.NetworkClient   : [Producer clientId=order-service-producer-1] Connection to node -1 (localhost/127.0.0.1:9092) could not be established. Node may not be available.
2026-07-27T00:53:33.945+05:30  WARN 13892 --- [order-service] [vice-producer-1] org.apache.kafka.clients.NetworkClient   : [Producer clientId=order-service-producer-1] Bootstrap broker localhost:9092 (id: -1 rack: null) disconnected
2026-07-27T00:53:34.808+05:30  INFO 13892 --- [order-service] [vice-producer-1] org.apache.kafka.clients.NetworkClient   : [Producer clientId=order-service-producer-1] Node -1 disconnected.
2026-07-27T00:53:34.808+05:30  WARN 13892 --- [order-service] [vice-producer-1] org.apache.kafka.clients.NetworkClient   : [Producer clientId=order-service-producer-1] Connection to node -1 (localhost/127.0.0.1:9092) could not be established. Node may not be available.
2026-07-27T00:53:34.808+05:30  WARN 13892 --- [order-service] [vice-producer-1] org.apache.kafka.clients.NetworkClient   : [Producer clientId=order-service-producer-1] Bootstrap broker localhost:9092 (id: -1 rack: null) disconnected
2026-07-27T00:53:35.671+05:30  INFO 13892 --- [order-service] [vice-producer-1] org.apache.kafka.clients.NetworkClient   : [Producer clientId=order-service-producer-1] Node -1 disconnected.
2026-07-27T00:53:35.672+05:30  WARN 13892 --- [order-service] [vice-producer-1] org.apache.kafka.clients.NetworkClient   : [Producer clientId=order-service-producer-1] Connection to node -1 (localhost/127.0.0.1:9092) could not be established. Node may not be available.
2026-07-27T00:53:35.672+05:30  WARN 13892 --- [order-service] [vice-producer-1] org.apache.kafka.clients.NetworkClient   : [Producer clientId=order-service-producer-1] Bootstrap broker localhost:9092 (id: -1 rack: null) disconnected
2026-07-27T00:53:36.685+05:30  INFO 13892 --- [order-service] [vice-producer-1] org.apache.kafka.clients.NetworkClient   : [Producer clientId=order-service-producer-1] Node -1 disconnected.
2026-07-27T00:53:36.686+05:30  WARN 13892 --- [order-service] [vice-producer-1] org.apache.kafka.clients.NetworkClient   : [Producer clientId=order-service-producer-1] Connection to node -1 (localhost/127.0.0.1:9092) could not be established. Node may not be available.
2026-07-27T00:53:36.686+05:30  WARN 13892 --- [order-service] [vice-producer-1] org.apache.kafka.clients.NetworkClient   : [Producer clientId=order-service-producer-1] Bootstrap broker localhost:9092 (id: -1 rack: null) disconnected
2026-07-27T00:53:37.686+05:30  INFO 13892 --- [order-service] [vice-producer-1] org.apache.kafka.clients.NetworkClient   : [Producer clientId=order-service-producer-1] Node -1 disconnected.
2026-07-27T00:53:37.686+05:30  WARN 13892 --- [order-service] [vice-producer-1] org.apache.kafka.clients.NetworkClient   : [Producer clientId=order-service-producer-1] Connection to node -1 (localhost/127.0.0.1:9092) could not be established. Node may not be available.
2026-07-27T00:53:37.686+05:30  WARN 13892 --- [order-service] [vice-producer-1] org.apache.kafka.clients.NetworkClient   : [Producer clientId=order-service-producer-1] Bootstrap broker localhost:9092 (id: -1 rack: null) disconnected
2026-07-27T00:53:38.688+05:30  INFO 13892 --- [order-service] [vice-producer-1] org.apache.kafka.clients.NetworkClient   : [Producer clientId=order-service-producer-1] Node -1 disconnected.
2026-07-27T00:53:38.688+05:30  WARN 13892 --- [order-service] [vice-producer-1] org.apache.kafka.clients.NetworkClient   : [Producer clientId=order-service-producer-1] Connection to node -1 (localhost/127.0.0.1:9092) could not be established. Node may not be available.
2026-07-27T00:53:38.688+05:30  WARN 13892 --- [order-service] [vice-producer-1] org.apache.kafka.clients.NetworkClient   : [Producer clientId=order-service-producer-1] Bootstrap broker localhost:9092 (id: -1 rack: null) disconnected
2026-07-27T00:53:39.649+05:30  INFO 13892 --- [order-service] [vice-producer-1] org.apache.kafka.clients.NetworkClient   : [Producer clientId=order-service-producer-1] Node -1 disconnected.
2026-07-27T00:53:39.650+05:30  WARN 13892 --- [order-service] [vice-producer-1] org.apache.kafka.clients.NetworkClient   : [Producer clientId=order-service-producer-1] Connection to node -1 (localhost/127.0.0.1:9092) could not be established. Node may not be available.
2026-07-27T00:53:39.650+05:30  WARN 13892 --- [order-service] [vice-producer-1] org.apache.kafka.clients.NetworkClient   : [Producer clientId=order-service-producer-1] Bootstrap broker localhost:9092 (id: -1 rack: null) disconnected
2026-07-27T00:53:40.551+05:30  INFO 13892 --- [order-service] [vice-producer-1] org.apache.kafka.clients.NetworkClient   : [Producer clientId=order-service-producer-1] Node -1 disconnected.
2026-07-27T00:53:40.552+05:30  WARN 13892 --- [order-service] [vice-producer-1] org.apache.kafka.clients.NetworkClient   : [Producer clientId=order-service-producer-1] Connection to node -1 (localhost/127.0.0.1:9092) could not be established. Node may not be available.
2026-07-27T00:53:40.552+05:30  WARN 13892 --- [order-service] [vice-producer-1] org.apache.kafka.clients.NetworkClient   : [Producer clientId=order-service-producer-1] Bootstrap broker localhost:9092 (id: -1 rack: null) disconnected
2026-07-27T00:53:41.564+05:30  INFO 13892 --- [order-service] [vice-producer-1] org.apache.kafka.clients.NetworkClient   : [Producer clientId=order-service-producer-1] Node -1 disconnected.
2026-07-27T00:53:41.565+05:30  WARN 13892 --- [order-service] [vice-producer-1] org.apache.kafka.clients.NetworkClient   : [Producer clientId=order-service-producer-1] Connection to node -1 (localhost/127.0.0.1:9092) could not be established. Node may not be available.
2026-07-27T00:53:41.565+05:30  WARN 13892 --- [order-service] [vice-producer-1] org.apache.kafka.clients.NetworkClient   : [Producer clientId=order-service-producer-1] Bootstrap broker localhost:9092 (id: -1 rack: null) disconnected
2026-07-27T00:53:42.531+05:30  INFO 13892 --- [order-service] [vice-producer-1] org.apache.kafka.clients.NetworkClient   : [Producer clientId=order-service-producer-1] Node -1 disconnected.
2026-07-27T00:53:42.531+05:30  WARN 13892 --- [order-service] [vice-producer-1] org.apache.kafka.clients.NetworkClient   : [Producer clientId=order-service-producer-1] Connection to node -1 (localhost/127.0.0.1:9092) could not be established. Node may not be available.
2026-07-27T00:53:42.531+05:30  WARN 13892 --- [order-service] [vice-producer-1] org.apache.kafka.clients.NetworkClient   : [Producer clientId=order-service-producer-1] Bootstrap broker localhost:9092 (id: -1 rack: null) disconnected
2026-07-27T00:53:43.542+05:30  INFO 13892 --- [order-service] [vice-producer-1] org.apache.kafka.clients.NetworkClient   : [Producer clientId=order-service-producer-1] Node -1 disconnected.
2026-07-27T00:53:43.542+05:30  WARN 13892 --- [order-service] [vice-producer-1] org.apache.kafka.clients.NetworkClient   : [Producer clientId=order-service-producer-1] Connection to node -1 (localhost/127.0.0.1:9092) could not be established. Node may not be available.
2026-07-27T00:53:43.542+05:30  WARN 13892 --- [order-service] [vice-producer-1] org.apache.kafka.clients.NetworkClient   : [Producer clientId=order-service-producer-1] Bootstrap broker localhost:9092 (id: -1 rack: null) disconnected
2026-07-27T00:53:44.554+05:30  INFO 13892 --- [order-service] [vice-producer-1] org.apache.kafka.clients.NetworkClient   : [Producer clientId=order-service-producer-1] Node -1 disconnected.
2026-07-27T00:53:44.554+05:30  WARN 13892 --- [order-service] [vice-producer-1] org.apache.kafka.clients.NetworkClient   : [Producer clientId=order-service-producer-1] Connection to node -1 (localhost/127.0.0.1:9092) could not be established. Node may not be available.
2026-07-27T00:53:44.554+05:30  WARN 13892 --- [order-service] [vice-producer-1] org.apache.kafka.clients.NetworkClient   : [Producer clientId=order-service-producer-1] Bootstrap broker localhost:9092 (id: -1 rack: null) disconnected
2026-07-27T00:53:45.522+05:30  INFO 13892 --- [order-service] [vice-producer-1] org.apache.kafka.clients.NetworkClient   : [Producer clientId=order-service-producer-1] Node -1 disconnected.
2026-07-27T00:53:45.523+05:30  WARN 13892 --- [order-service] [vice-producer-1] org.apache.kafka.clients.NetworkClient   : [Producer clientId=order-service-producer-1] Connection to node -1 (localhost/127.0.0.1:9092) could not be established. Node may not be available.
2026-07-27T00:53:45.523+05:30  WARN 13892 --- [order-service] [vice-producer-1] org.apache.kafka.clients.NetworkClient   : [Producer clientId=order-service-producer-1] Bootstrap broker localhost:9092 (id: -1 rack: null) disconnected
2026-07-27T00:53:46.524+05:30  INFO 13892 --- [order-service] [vice-producer-1] org.apache.kafka.clients.NetworkClient   : [Producer clientId=order-service-producer-1] Node -1 disconnected.
2026-07-27T00:53:46.524+05:30  WARN 13892 --- [order-service] [vice-producer-1] org.apache.kafka.clients.NetworkClient   : [Producer clientId=order-service-producer-1] Connection to node -1 (localhost/127.0.0.1:9092) could not be established. Node may not be available.
2026-07-27T00:53:46.524+05:30  WARN 13892 --- [order-service] [vice-producer-1] org.apache.kafka.clients.NetworkClient   : [Producer clientId=order-service-producer-1] Bootstrap broker localhost:9092 (id: -1 rack: null) disconnected
2026-07-27T00:53:47.537+05:30  INFO 13892 --- [order-service] [vice-producer-1] org.apache.kafka.clients.NetworkClient   : [Producer clientId=order-service-producer-1] Node -1 disconnected.
2026-07-27T00:53:47.537+05:30  WARN 13892 --- [order-service] [vice-producer-1] org.apache.kafka.clients.NetworkClient   : [Producer clientId=order-service-producer-1] Connection to node -1 (localhost/127.0.0.1:9092) could not be established. Node may not be available.
2026-07-27T00:53:47.537+05:30  WARN 13892 --- [order-service] [vice-producer-1] org.apache.kafka.clients.NetworkClient   : [Producer clientId=order-service-producer-1] Bootstrap broker localhost:9092 (id: -1 rack: null) disconnected
2026-07-27T00:53:48.535+05:30  INFO 13892 --- [order-service] [vice-producer-1] org.apache.kafka.clients.NetworkClient   : [Producer clientId=order-service-producer-1] Node -1 disconnected.
2026-07-27T00:53:48.536+05:30  WARN 13892 --- [order-service] [vice-producer-1] org.apache.kafka.clients.NetworkClient   : [Producer clientId=order-service-producer-1] Connection to node -1 (localhost/127.0.0.1:9092) could not be established. Node may not be available.
2026-07-27T00:53:48.537+05:30  WARN 13892 --- [order-service] [vice-producer-1] org.apache.kafka.clients.NetworkClient   : [Producer clientId=order-service-producer-1] Bootstrap broker localhost:9092 (id: -1 rack: null) disconnected
2026-07-27T00:53:49.551+05:30  INFO 13892 --- [order-service] [vice-producer-1] org.apache.kafka.clients.NetworkClient   : [Producer clientId=order-service-producer-1] Node -1 disconnected.
2026-07-27T00:53:49.551+05:30  WARN 13892 --- [order-service] [vice-producer-1] org.apache.kafka.clients.NetworkClient   : [Producer clientId=order-service-producer-1] Connection to node -1 (localhost/127.0.0.1:9092) could not be established. Node may not be available.
2026-07-27T00:53:49.551+05:30  WARN 13892 --- [order-service] [vice-producer-1] org.apache.kafka.clients.NetworkClient   : [Producer clientId=order-service-producer-1] Bootstrap broker localhost:9092 (id: -1 rack: null) disconnected
2026-07-27T00:53:50.564+05:30  INFO 13892 --- [order-service] [vice-producer-1] org.apache.kafka.clients.NetworkClient   : [Producer clientId=order-service-producer-1] Node -1 disconnected.
2026-07-27T00:53:50.564+05:30  WARN 13892 --- [order-service] [vice-producer-1] org.apache.kafka.clients.NetworkClient   : [Producer clientId=order-service-producer-1] Connection to node -1 (localhost/127.0.0.1:9092) could not be established. Node may not be available.
2026-07-27T00:53:50.564+05:30  WARN 13892 --- [order-service] [vice-producer-1] org.apache.kafka.clients.NetworkClient   : [Producer clientId=order-service-producer-1] Bootstrap broker localhost:9092 (id: -1 rack: null) disconnected
2026-07-27T00:53:51.429+05:30  INFO 13892 --- [order-service] [vice-producer-1] org.apache.kafka.clients.NetworkClient   : [Producer clientId=order-service-producer-1] Node -1 disconnected.
2026-07-27T00:53:51.429+05:30  WARN 13892 --- [order-service] [vice-producer-1] org.apache.kafka.clients.NetworkClient   : [Producer clientId=order-service-producer-1] Connection to node -1 (localhost/127.0.0.1:9092) could not be established. Node may not be available.
2026-07-27T00:53:51.429+05:30  WARN 13892 --- [order-service] [vice-producer-1] org.apache.kafka.clients.NetworkClient   : [Producer clientId=order-service-producer-1] Bootstrap broker localhost:9092 (id: -1 rack: null) disconnected
2026-07-27T00:53:52.447+05:30  INFO 13892 --- [order-service] [vice-producer-1] org.apache.kafka.clients.NetworkClient   : [Producer clientId=order-service-producer-1] Node -1 disconnected.
2026-07-27T00:53:52.448+05:30  WARN 13892 --- [order-service] [vice-producer-1] org.apache.kafka.clients.NetworkClient   : [Producer clientId=order-service-producer-1] Connection to node -1 (localhost/127.0.0.1:9092) could not be established. Node may not be available.
2026-07-27T00:53:52.448+05:30  WARN 13892 --- [order-service] [vice-producer-1] org.apache.kafka.clients.NetworkClient   : [Producer clientId=order-service-producer-1] Bootstrap broker localhost:9092 (id: -1 rack: null) disconnected
2026-07-27T00:53:53.359+05:30  INFO 13892 --- [order-service] [vice-producer-1] org.apache.kafka.clients.NetworkClient   : [Producer clientId=order-service-producer-1] Node -1 disconnected.
2026-07-27T00:53:53.359+05:30  WARN 13892 --- [order-service] [vice-producer-1] org.apache.kafka.clients.NetworkClient   : [Producer clientId=order-service-producer-1] Connection to node -1 (localhost/127.0.0.1:9092) could not be established. Node may not be available.
2026-07-27T00:53:53.359+05:30  WARN 13892 --- [order-service] [vice-producer-1] org.apache.kafka.clients.NetworkClient   : [Producer clientId=order-service-producer-1] Bootstrap broker localhost:9092 (id: -1 rack: null) disconnected
2026-07-27T00:53:54.377+05:30  INFO 13892 --- [order-service] [vice-producer-1] org.apache.kafka.clients.NetworkClient   : [Producer clientId=order-service-producer-1] Node -1 disconnected.
2026-07-27T00:53:54.378+05:30  WARN 13892 --- [order-service] [vice-producer-1] org.apache.kafka.clients.NetworkClient   : [Producer clientId=order-service-producer-1] Connection to node -1 (localhost/127.0.0.1:9092) could not be established. Node may not be available.
2026-07-27T00:53:54.378+05:30  WARN 13892 --- [order-service] [vice-producer-1] org.apache.kafka.clients.NetworkClient   : [Producer clientId=order-service-producer-1] Bootstrap broker localhost:9092 (id: -1 rack: null) disconnected
2026-07-27T00:53:55.292+05:30  INFO 13892 --- [order-service] [vice-producer-1] org.apache.kafka.clients.NetworkClient   : [Producer clientId=order-service-producer-1] Node -1 disconnected.
2026-07-27T00:53:55.292+05:30  WARN 13892 --- [order-service] [vice-producer-1] org.apache.kafka.clients.NetworkClient   : [Producer clientId=order-service-producer-1] Connection to node -1 (localhost/127.0.0.1:9092) could not be established. Node may not be available.
2026-07-27T00:53:55.292+05:30  WARN 13892 --- [order-service] [vice-producer-1] org.apache.kafka.clients.NetworkClient   : [Producer clientId=order-service-producer-1] Bootstrap broker localhost:9092 (id: -1 rack: null) disconnected
2026-07-27T00:53:56.103+05:30  INFO 13892 --- [order-service] [vice-producer-1] org.apache.kafka.clients.NetworkClient   : [Producer clientId=order-service-producer-1] Node -1 disconnected.
2026-07-27T00:53:56.103+05:30  WARN 13892 --- [order-service] [vice-producer-1] org.apache.kafka.clients.NetworkClient   : [Producer clientId=order-service-producer-1] Connection to node -1 (localhost/127.0.0.1:9092) could not be established. Node may not be available.
2026-07-27T00:53:56.103+05:30  WARN 13892 --- [order-service] [vice-producer-1] org.apache.kafka.clients.NetworkClient   : [Producer clientId=order-service-producer-1] Bootstrap broker localhost:9092 (id: -1 rack: null) disconnected
2026-07-27T00:53:57.014+05:30  INFO 13892 --- [order-service] [vice-producer-1] org.apache.kafka.clients.NetworkClient   : [Producer clientId=order-service-producer-1] Node -1 disconnected.
2026-07-27T00:53:57.014+05:30  WARN 13892 --- [order-service] [vice-producer-1] org.apache.kafka.clients.NetworkClient   : [Producer clientId=order-service-producer-1] Connection to node -1 (localhost/127.0.0.1:9092) could not be established. Node may not be available.
2026-07-27T00:53:57.014+05:30  WARN 13892 --- [order-service] [vice-producer-1] org.apache.kafka.clients.NetworkClient   : [Producer clientId=order-service-producer-1] Bootstrap broker localhost:9092 (id: -1 rack: null) disconnected
2026-07-27T00:53:58.027+05:30  INFO 13892 --- [order-service] [vice-producer-1] org.apache.kafka.clients.NetworkClient   : [Producer clientId=order-service-producer-1] Node -1 disconnected.
2026-07-27T00:53:58.027+05:30  WARN 13892 --- [order-service] [vice-producer-1] org.apache.kafka.clients.NetworkClient   : [Producer clientId=order-service-producer-1] Connection to node -1 (localhost/127.0.0.1:9092) could not be established. Node may not be available.
2026-07-27T00:53:58.027+05:30  WARN 13892 --- [order-service] [vice-producer-1] org.apache.kafka.clients.NetworkClient   : [Producer clientId=order-service-producer-1] Bootstrap broker localhost:9092 (id: -1 rack: null) disconnected
2026-07-27T00:53:58.838+05:30  INFO 13892 --- [order-service] [vice-producer-1] org.apache.kafka.clients.NetworkClient   : [Producer clientId=order-service-producer-1] Node -1 disconnected.
2026-07-27T00:53:58.838+05:30  WARN 13892 --- [order-service] [vice-producer-1] org.apache.kafka.clients.NetworkClient   : [Producer clientId=order-service-producer-1] Connection to node -1 (localhost/127.0.0.1:9092) could not be established. Node may not be available.
2026-07-27T00:53:58.838+05:30  WARN 13892 --- [order-service] [vice-producer-1] org.apache.kafka.clients.NetworkClient   : [Producer clientId=order-service-producer-1] Bootstrap broker localhost:9092 (id: -1 rack: null) disconnected
2026-07-27T00:53:59.850+05:30  INFO 13892 --- [order-service] [vice-producer-1] org.apache.kafka.clients.NetworkClient   : [Producer clientId=order-service-producer-1] Node -1 disconnected.
2026-07-27T00:53:59.850+05:30  WARN 13892 --- [order-service] [vice-producer-1] org.apache.kafka.clients.NetworkClient   : [Producer clientId=order-service-producer-1] Connection to node -1 (localhost/127.0.0.1:9092) could not be established. Node may not be available.
2026-07-27T00:53:59.851+05:30  WARN 13892 --- [order-service] [vice-producer-1] org.apache.kafka.clients.NetworkClient   : [Producer clientId=order-service-producer-1] Bootstrap broker localhost:9092 (id: -1 rack: null) disconnected
2026-07-27T00:54:00.830+05:30  INFO 13892 --- [order-service] [vice-producer-1] org.apache.kafka.clients.NetworkClient   : [Producer clientId=order-service-producer-1] Node -1 disconnected.
2026-07-27T00:54:00.831+05:30  WARN 13892 --- [order-service] [vice-producer-1] org.apache.kafka.clients.NetworkClient   : [Producer clientId=order-service-producer-1] Connection to node -1 (localhost/127.0.0.1:9092) could not be established. Node may not be available.
2026-07-27T00:54:00.831+05:30  WARN 13892 --- [order-service] [vice-producer-1] org.apache.kafka.clients.NetworkClient   : [Producer clientId=order-service-producer-1] Bootstrap broker localhost:9092 (id: -1 rack: null) disconnected
2026-07-27T00:54:01.832+05:30  INFO 13892 --- [order-service] [vice-producer-1] org.apache.kafka.clients.NetworkClient   : [Producer clientId=order-service-producer-1] Node -1 disconnected.
2026-07-27T00:54:01.832+05:30  WARN 13892 --- [order-service] [vice-producer-1] org.apache.kafka.clients.NetworkClient   : [Producer clientId=order-service-producer-1] Connection to node -1 (localhost/127.0.0.1:9092) could not be established. Node may not be available.
2026-07-27T00:54:01.832+05:30  WARN 13892 --- [order-service] [vice-producer-1] org.apache.kafka.clients.NetworkClient   : [Producer clientId=order-service-producer-1] Bootstrap broker localhost:9092 (id: -1 rack: null) disconnected
2026-07-27T00:54:02.777+05:30  INFO 13892 --- [order-service] [vice-producer-1] org.apache.kafka.clients.NetworkClient   : [Producer clientId=order-service-producer-1] Node -1 disconnected.
2026-07-27T00:54:02.778+05:30  WARN 13892 --- [order-service] [vice-producer-1] org.apache.kafka.clients.NetworkClient   : [Producer clientId=order-service-producer-1] Connection to node -1 (localhost/127.0.0.1:9092) could not be established. Node may not be available.
2026-07-27T00:54:02.778+05:30  WARN 13892 --- [order-service] [vice-producer-1] org.apache.kafka.clients.NetworkClient   : [Producer clientId=order-service-producer-1] Bootstrap broker localhost:9092 (id: -1 rack: null) disconnected
2026-07-27T00:54:03.792+05:30  INFO 13892 --- [order-service] [vice-producer-1] org.apache.kafka.clients.NetworkClient   : [Producer clientId=order-service-producer-1] Node -1 disconnected.
2026-07-27T00:54:03.792+05:30  WARN 13892 --- [order-service] [vice-producer-1] org.apache.kafka.clients.NetworkClient   : [Producer clientId=order-service-producer-1] Connection to node -1 (localhost/127.0.0.1:9092) could not be established. Node may not be available.
2026-07-27T00:54:03.792+05:30  WARN 13892 --- [order-service] [vice-producer-1] org.apache.kafka.clients.NetworkClient   : [Producer clientId=order-service-producer-1] Bootstrap broker localhost:9092 (id: -1 rack: null) disconnected
2026-07-27T00:54:04.793+05:30  INFO 13892 --- [order-service] [vice-producer-1] org.apache.kafka.clients.NetworkClient   : [Producer clientId=order-service-producer-1] Node -1 disconnected.
2026-07-27T00:54:04.793+05:30  WARN 13892 --- [order-service] [vice-producer-1] org.apache.kafka.clients.NetworkClient   : [Producer clientId=order-service-producer-1] Connection to node -1 (localhost/127.0.0.1:9092) could not be established. Node may not be available.
2026-07-27T00:54:04.793+05:30  WARN 13892 --- [order-service] [vice-producer-1] org.apache.kafka.clients.NetworkClient   : [Producer clientId=order-service-producer-1] Bootstrap broker localhost:9092 (id: -1 rack: null) disconnected
2026-07-27T00:54:05.814+05:30  INFO 13892 --- [order-service] [vice-producer-1] org.apache.kafka.clients.NetworkClient   : [Producer clientId=order-service-producer-1] Node -1 disconnected.
2026-07-27T00:54:05.814+05:30  WARN 13892 --- [order-service] [vice-producer-1] org.apache.kafka.clients.NetworkClient   : [Producer clientId=order-service-producer-1] Connection to node -1 (localhost/127.0.0.1:9092) could not be established. Node may not be available.
2026-07-27T00:54:05.814+05:30  WARN 13892 --- [order-service] [vice-producer-1] org.apache.kafka.clients.NetworkClient   : [Producer clientId=order-service-producer-1] Bootstrap broker localhost:9092 (id: -1 rack: null) disconnected
2026-07-27T00:54:06.773+05:30  INFO 13892 --- [order-service] [vice-producer-1] org.apache.kafka.clients.NetworkClient   : [Producer clientId=order-service-producer-1] Node -1 disconnected.
2026-07-27T00:54:06.773+05:30  WARN 13892 --- [order-service] [vice-producer-1] org.apache.kafka.clients.NetworkClient   : [Producer clientId=order-service-producer-1] Connection to node -1 (localhost/127.0.0.1:9092) could not be established. Node may not be available.
2026-07-27T00:54:06.773+05:30  WARN 13892 --- [order-service] [vice-producer-1] org.apache.kafka.clients.NetworkClient   : [Producer clientId=order-service-producer-1] Bootstrap broker localhost:9092 (id: -1 rack: null) disconnected
2026-07-27T00:54:07.767+05:30  INFO 13892 --- [order-service] [vice-producer-1] org.apache.kafka.clients.NetworkClient   : [Producer clientId=order-service-producer-1] Node -1 disconnected.
2026-07-27T00:54:07.767+05:30  WARN 13892 --- [order-service] [vice-producer-1] org.apache.kafka.clients.NetworkClient   : [Producer clientId=order-service-producer-1] Connection to node -1 (localhost/127.0.0.1:9092) could not be established. Node may not be available.
2026-07-27T00:54:07.767+05:30  WARN 13892 --- [order-service] [vice-producer-1] org.apache.kafka.clients.NetworkClient   : [Producer clientId=order-service-producer-1] Bootstrap broker localhost:9092 (id: -1 rack: null) disconnected
2026-07-27T00:54:08.768+05:30  INFO 13892 --- [order-service] [vice-producer-1] org.apache.kafka.clients.NetworkClient   : [Producer clientId=order-service-producer-1] Node -1 disconnected.
2026-07-27T00:54:08.770+05:30  WARN 13892 --- [order-service] [vice-producer-1] org.apache.kafka.clients.NetworkClient   : [Producer clientId=order-service-producer-1] Connection to node -1 (localhost/127.0.0.1:9092) could not be established. Node may not be available.
2026-07-27T00:54:08.770+05:30  WARN 13892 --- [order-service] [vice-producer-1] org.apache.kafka.clients.NetworkClient   : [Producer clientId=order-service-producer-1] Bootstrap broker localhost:9092 (id: -1 rack: null) disconnected
2026-07-27T00:54:09.733+05:30  INFO 13892 --- [order-service] [vice-producer-1] org.apache.kafka.clients.NetworkClient   : [Producer clientId=order-service-producer-1] Node -1 disconnected.
2026-07-27T00:54:09.733+05:30  WARN 13892 --- [order-service] [vice-producer-1] org.apache.kafka.clients.NetworkClient   : [Producer clientId=order-service-producer-1] Connection to node -1 (localhost/127.0.0.1:9092) could not be established. Node may not be available.
2026-07-27T00:54:09.733+05:30  WARN 13892 --- [order-service] [vice-producer-1] org.apache.kafka.clients.NetworkClient   : [Producer clientId=order-service-producer-1] Bootstrap broker localhost:9092 (id: -1 rack: null) disconnected
2026-07-27T00:54:10.753+05:30  INFO 13892 --- [order-service] [vice-producer-1] org.apache.kafka.clients.NetworkClient   : [Producer clientId=order-service-producer-1] Node -1 disconnected.
2026-07-27T00:54:10.753+05:30  WARN 13892 --- [order-service] [vice-producer-1] org.apache.kafka.clients.NetworkClient   : [Producer clientId=order-service-producer-1] Connection to node -1 (localhost/127.0.0.1:9092) could not be established. Node may not be available.
2026-07-27T00:54:10.753+05:30  WARN 13892 --- [order-service] [vice-producer-1] org.apache.kafka.clients.NetworkClient   : [Producer clientId=order-service-producer-1] Bootstrap broker localhost:9092 (id: -1 rack: null) disconnected
2026-07-27T00:54:11.766+05:30  INFO 13892 --- [order-service] [vice-producer-1] org.apache.kafka.clients.NetworkClient   : [Producer clientId=order-service-producer-1] Node -1 disconnected.
2026-07-27T00:54:11.766+05:30  WARN 13892 --- [order-service] [vice-producer-1] org.apache.kafka.clients.NetworkClient   : [Producer clientId=order-service-producer-1] Connection to node -1 (localhost/127.0.0.1:9092) could not be established. Node may not be available.
2026-07-27T00:54:11.766+05:30  WARN 13892 --- [order-service] [vice-producer-1] org.apache.kafka.clients.NetworkClient   : [Producer clientId=order-service-producer-1] Bootstrap broker localhost:9092 (id: -1 rack: null) disconnected
2026-07-27T00:54:12.777+05:30  INFO 13892 --- [order-service] [vice-producer-1] org.apache.kafka.clients.NetworkClient   : [Producer clientId=order-service-producer-1] Node -1 disconnected.
2026-07-27T00:54:12.777+05:30  WARN 13892 --- [order-service] [vice-producer-1] org.apache.kafka.clients.NetworkClient   : [Producer clientId=order-service-producer-1] Connection to node -1 (localhost/127.0.0.1:9092) could not be established. Node may not be available.
2026-07-27T00:54:12.777+05:30  WARN 13892 --- [order-service] [vice-producer-1] org.apache.kafka.clients.NetworkClient   : [Producer clientId=order-service-producer-1] Bootstrap broker localhost:9092 (id: -1 rack: null) disconnected
2026-07-27T00:54:13.698+05:30  INFO 13892 --- [order-service] [vice-producer-1] org.apache.kafka.clients.NetworkClient   : [Producer clientId=order-service-producer-1] Node -1 disconnected.
2026-07-27T00:54:13.698+05:30  WARN 13892 --- [order-service] [vice-producer-1] org.apache.kafka.clients.NetworkClient   : [Producer clientId=order-service-producer-1] Connection to node -1 (localhost/127.0.0.1:9092) could not be established. Node may not be available.
2026-07-27T00:54:13.698+05:30  WARN 13892 --- [order-service] [vice-producer-1] org.apache.kafka.clients.NetworkClient   : [Producer clientId=order-service-producer-1] Bootstrap broker localhost:9092 (id: -1 rack: null) disconnected
2026-07-27T00:54:14.558+05:30  INFO 13892 --- [order-service] [vice-producer-1] org.apache.kafka.clients.NetworkClient   : [Producer clientId=order-service-producer-1] Node -1 disconnected.
2026-07-27T00:54:14.558+05:30  WARN 13892 --- [order-service] [vice-producer-1] org.apache.kafka.clients.NetworkClient   : [Producer clientId=order-service-producer-1] Connection to node -1 (localhost/127.0.0.1:9092) could not be established. Node may not be available.
2026-07-27T00:54:14.558+05:30  WARN 13892 --- [order-service] [vice-producer-1] org.apache.kafka.clients.NetworkClient   : [Producer clientId=order-service-producer-1] Bootstrap broker localhost:9092 (id: -1 rack: null) disconnected
2026-07-27T00:54:15.554+05:30  INFO 13892 --- [order-service] [vice-producer-1] org.apache.kafka.clients.NetworkClient   : [Producer clientId=order-service-producer-1] Node -1 disconnected.
2026-07-27T00:54:15.554+05:30  WARN 13892 --- [order-service] [vice-producer-1] org.apache.kafka.clients.NetworkClient   : [Producer clientId=order-service-producer-1] Connection to node -1 (localhost/127.0.0.1:9092) could not be established. Node may not be available.
2026-07-27T00:54:15.554+05:30  WARN 13892 --- [order-service] [vice-producer-1] org.apache.kafka.clients.NetworkClient   : [Producer clientId=order-service-producer-1] Bootstrap broker localhost:9092 (id: -1 rack: null) disconnected
2026-07-27T00:54:16.415+05:30  INFO 13892 --- [order-service] [vice-producer-1] org.apache.kafka.clients.NetworkClient   : [Producer clientId=order-service-producer-1] Node -1 disconnected.
2026-07-27T00:54:16.415+05:30  WARN 13892 --- [order-service] [vice-producer-1] org.apache.kafka.clients.NetworkClient   : [Producer clientId=order-service-producer-1] Connection to node -1 (localhost/127.0.0.1:9092) could not be established. Node may not be available.
2026-07-27T00:54:16.415+05:30  WARN 13892 --- [order-service] [vice-producer-1] org.apache.kafka.clients.NetworkClient   : [Producer clientId=order-service-producer-1] Bootstrap broker localhost:9092 (id: -1 rack: null) disconnected
2026-07-27T00:54:17.344+05:30  INFO 13892 --- [order-service] [vice-producer-1] org.apache.kafka.clients.NetworkClient   : [Producer clientId=order-service-producer-1] Node -1 disconnected.
2026-07-27T00:54:17.344+05:30  WARN 13892 --- [order-service] [vice-producer-1] org.apache.kafka.clients.NetworkClient   : [Producer clientId=order-service-producer-1] Connection to node -1 (localhost/127.0.0.1:9092) could not be established. Node may not be available.
2026-07-27T00:54:17.344+05:30  WARN 13892 --- [order-service] [vice-producer-1] org.apache.kafka.clients.NetworkClient   : [Producer clientId=order-service-producer-1] Bootstrap broker localhost:9092 (id: -1 rack: null) disconnected
2026-07-27T00:54:18.256+05:30  INFO 13892 --- [order-service] [vice-producer-1] org.apache.kafka.clients.NetworkClient   : [Producer clientId=order-service-producer-1] Node -1 disconnected.
2026-07-27T00:54:18.256+05:30  WARN 13892 --- [order-service] [vice-producer-1] org.apache.kafka.clients.NetworkClient   : [Producer clientId=order-service-producer-1] Connection to node -1 (localhost/127.0.0.1:9092) could not be established. Node may not be available.
2026-07-27T00:54:18.256+05:30  WARN 13892 --- [order-service] [vice-producer-1] org.apache.kafka.clients.NetworkClient   : [Producer clientId=order-service-producer-1] Bootstrap broker localhost:9092 (id: -1 rack: null) disconnected
2026-07-27T00:54:19.117+05:30  INFO 13892 --- [order-service] [vice-producer-1] org.apache.kafka.clients.NetworkClient   : [Producer clientId=order-service-producer-1] Node -1 disconnected.
2026-07-27T00:54:19.117+05:30  WARN 13892 --- [order-service] [vice-producer-1] org.apache.kafka.clients.NetworkClient   : [Producer clientId=order-service-producer-1] Connection to node -1 (localhost/127.0.0.1:9092) could not be established. Node may not be available.
2026-07-27T00:54:19.117+05:30  WARN 13892 --- [order-service] [vice-producer-1] org.apache.kafka.clients.NetworkClient   : [Producer clientId=order-service-producer-1] Bootstrap broker localhost:9092 (id: -1 rack: null) disconnected
2026-07-27T00:54:20.120+05:30  INFO 13892 --- [order-service] [vice-producer-1] org.apache.kafka.clients.NetworkClient   : [Producer clientId=order-service-producer-1] Node -1 disconnected.
2026-07-27T00:54:20.120+05:30  WARN 13892 --- [order-service] [vice-producer-1] org.apache.kafka.clients.NetworkClient   : [Producer clientId=order-service-producer-1] Connection to node -1 (localhost/127.0.0.1:9092) could not be established. Node may not be available.
2026-07-27T00:54:20.120+05:30  WARN 13892 --- [order-service] [vice-producer-1] org.apache.kafka.clients.NetworkClient   : [Producer clientId=order-service-producer-1] Bootstrap broker localhost:9092 (id: -1 rack: null) disconnected
2026-07-27T00:54:21.123+05:30  INFO 13892 --- [order-service] [vice-producer-1] org.apache.kafka.clients.NetworkClient   : [Producer clientId=order-service-producer-1] Node -1 disconnected.
2026-07-27T00:54:21.123+05:30  WARN 13892 --- [order-service] [vice-producer-1] org.apache.kafka.clients.NetworkClient   : [Producer clientId=order-service-producer-1] Connection to node -1 (localhost/127.0.0.1:9092) could not be established. Node may not be available.
2026-07-27T00:54:21.123+05:30  WARN 13892 --- [order-service] [vice-producer-1] org.apache.kafka.clients.NetworkClient   : [Producer clientId=order-service-producer-1] Bootstrap broker localhost:9092 (id: -1 rack: null) disconnected
2026-07-27T00:54:22.136+05:30  INFO 13892 --- [order-service] [vice-producer-1] org.apache.kafka.clients.NetworkClient   : [Producer clientId=order-service-producer-1] Node -1 disconnected.
2026-07-27T00:54:22.136+05:30  WARN 13892 --- [order-service] [vice-producer-1] org.apache.kafka.clients.NetworkClient   : [Producer clientId=order-service-producer-1] Connection to node -1 (localhost/127.0.0.1:9092) could not be established. Node may not be available.
2026-07-27T00:54:22.136+05:30  WARN 13892 --- [order-service] [vice-producer-1] org.apache.kafka.clients.NetworkClient   : [Producer clientId=order-service-producer-1] Bootstrap broker localhost:9092 (id: -1 rack: null) disconnected
2026-07-27T00:54:23.046+05:30  INFO 13892 --- [order-service] [vice-producer-1] org.apache.kafka.clients.NetworkClient   : [Producer clientId=order-service-producer-1] Node -1 disconnected.
2026-07-27T00:54:23.046+05:30  WARN 13892 --- [order-service] [vice-producer-1] org.apache.kafka.clients.NetworkClient   : [Producer clientId=order-service-producer-1] Connection to node -1 (localhost/127.0.0.1:9092) could not be established. Node may not be available.
2026-07-27T00:54:23.046+05:30  WARN 13892 --- [order-service] [vice-producer-1] org.apache.kafka.clients.NetworkClient   : [Producer clientId=order-service-producer-1] Bootstrap broker localhost:9092 (id: -1 rack: null) disconnected
2026-07-27T00:54:24.060+05:30  INFO 13892 --- [order-service] [vice-producer-1] org.apache.kafka.clients.NetworkClient   : [Producer clientId=order-service-producer-1] Node -1 disconnected.
2026-07-27T00:54:24.060+05:30  WARN 13892 --- [order-service] [vice-producer-1] org.apache.kafka.clients.NetworkClient   : [Producer clientId=order-service-producer-1] Connection to node -1 (localhost/127.0.0.1:9092) could not be established. Node may not be available.
2026-07-27T00:54:24.060+05:30  WARN 13892 --- [order-service] [vice-producer-1] org.apache.kafka.clients.NetworkClient   : [Producer clientId=order-service-producer-1] Bootstrap broker localhost:9092 (id: -1 rack: null) disconnected
2026-07-27T00:54:25.073+05:30  INFO 13892 --- [order-service] [vice-producer-1] org.apache.kafka.clients.NetworkClient   : [Producer clientId=order-service-producer-1] Node -1 disconnected.
2026-07-27T00:54:25.073+05:30  WARN 13892 --- [order-service] [vice-producer-1] org.apache.kafka.clients.NetworkClient   : [Producer clientId=order-service-producer-1] Connection to node -1 (localhost/127.0.0.1:9092) could not be established. Node may not be available.
2026-07-27T00:54:25.073+05:30  WARN 13892 --- [order-service] [vice-producer-1] org.apache.kafka.clients.NetworkClient   : [Producer clientId=order-service-producer-1] Bootstrap broker localhost:9092 (id: -1 rack: null) disconnected
2026-07-27T00:54:25.938+05:30  INFO 13892 --- [order-service] [vice-producer-1] org.apache.kafka.clients.NetworkClient   : [Producer clientId=order-service-producer-1] Node -1 disconnected.
2026-07-27T00:54:25.938+05:30  WARN 13892 --- [order-service] [vice-producer-1] org.apache.kafka.clients.NetworkClient   : [Producer clientId=order-service-producer-1] Connection to node -1 (localhost/127.0.0.1:9092) could not be established. Node may not be available.
2026-07-27T00:54:25.940+05:30  WARN 13892 --- [order-service] [vice-producer-1] org.apache.kafka.clients.NetworkClient   : [Producer clientId=order-service-producer-1] Bootstrap broker localhost:9092 (id: -1 rack: null) disconnected
2026-07-27T00:54:26.983+05:30  INFO 13892 --- [order-service] [vice-producer-1] org.apache.kafka.clients.NetworkClient   : [Producer clientId=order-service-producer-1] Node -1 disconnected.
2026-07-27T00:54:26.983+05:30  WARN 13892 --- [order-service] [vice-producer-1] org.apache.kafka.clients.NetworkClient   : [Producer clientId=order-service-producer-1] Connection to node -1 (localhost/127.0.0.1:9092) could not be established. Node may not be available.
2026-07-27T00:54:26.983+05:30  WARN 13892 --- [order-service] [vice-producer-1] org.apache.kafka.clients.NetworkClient   : [Producer clientId=order-service-producer-1] Bootstrap broker localhost:9092 (id: -1 rack: null) disconnected
2026-07-27T00:54:27.985+05:30  INFO 13892 --- [order-service] [vice-producer-1] org.apache.kafka.clients.NetworkClient   : [Producer clientId=order-service-producer-1] Node -1 disconnected.
2026-07-27T00:54:27.986+05:30  WARN 13892 --- [order-service] [vice-producer-1] org.apache.kafka.clients.NetworkClient   : [Producer clientId=order-service-producer-1] Connection to node -1 (localhost/127.0.0.1:9092) could not be established. Node may not be available.
2026-07-27T00:54:27.987+05:30  WARN 13892 --- [order-service] [vice-producer-1] org.apache.kafka.clients.NetworkClient   : [Producer clientId=order-service-producer-1] Bootstrap broker localhost:9092 (id: -1 rack: null) disconnected
2026-07-27T00:54:28.793+05:30  INFO 13892 --- [order-service] [vice-producer-1] org.apache.kafka.clients.NetworkClient   : [Producer clientId=order-service-producer-1] Node -1 disconnected.
2026-07-27T00:54:28.793+05:30  WARN 13892 --- [order-service] [vice-producer-1] org.apache.kafka.clients.NetworkClient   : [Producer clientId=order-service-producer-1] Connection to node -1 (localhost/127.0.0.1:9092) could not be established. Node may not be available.
2026-07-27T00:54:28.793+05:30  WARN 13892 --- [order-service] [vice-producer-1] org.apache.kafka.clients.NetworkClient   : [Producer clientId=order-service-producer-1] Bootstrap broker localhost:9092 (id: -1 rack: null) disconnected
Hibernate: select o1_0.id,o1_0.created_at,o1_0.product_id,o1_0.quantity,o1_0.status,o1_0.total_price,o1_0.user_id from orders o1_0 where o1_0.user_id=?
2026-07-27T00:54:29.797+05:30  INFO 13892 --- [order-service] [vice-producer-1] org.apache.kafka.clients.NetworkClient   : [Producer clientId=order-service-producer-1] Node -1 disconnected.
2026-07-27T00:54:29.797+05:30  WARN 13892 --- [order-service] [vice-producer-1] org.apache.kafka.clients.NetworkClient   : [Producer clientId=order-service-producer-1] Connection to node -1 (localhost/127.0.0.1:9092) could not be established. Node may not be available.
2026-07-27T00:54:29.797+05:30  WARN 13892 --- [order-service] [vice-producer-1] org.apache.kafka.clients.NetworkClient   : [Producer clientId=order-service-producer-1] Bootstrap broker localhost:9092 (id: -1 rack: null) disconnected
2026-07-27T00:54:30.837+05:30  INFO 13892 --- [order-service] [vice-producer-1] org.apache.kafka.clients.NetworkClient   : [Producer clientId=order-service-producer-1] Node -1 disconnected.
2026-07-27T00:54:30.837+05:30  WARN 13892 --- [order-service] [vice-producer-1] org.apache.kafka.clients.NetworkClient   : [Producer clientId=order-service-producer-1] Connection to node -1 (localhost/127.0.0.1:9092) could not be established. Node may not be available.
2026-07-27T00:54:30.837+05:30  WARN 13892 --- [order-service] [vice-producer-1] org.apache.kafka.clients.NetworkClient   : [Producer clientId=order-service-producer-1] Bootstrap broker localhost:9092 (id: -1 rack: null) disconnected
2026-07-27T00:54:31.698+05:30  INFO 13892 --- [order-service] [vice-producer-1] org.apache.kafka.clients.NetworkClient   : [Producer clientId=order-service-producer-1] Node -1 disconnected.
2026-07-27T00:54:31.698+05:30  WARN 13892 --- [order-service] [vice-producer-1] org.apache.kafka.clients.NetworkClient   : [Producer clientId=order-service-producer-1] Connection to node -1 (localhost/127.0.0.1:9092) could not be established. Node may not be available.
2026-07-27T00:54:31.698+05:30  WARN 13892 --- [order-service] [vice-producer-1] org.apache.kafka.clients.NetworkClient   : [Producer clientId=order-service-producer-1] Bootstrap broker localhost:9092 (id: -1 rack: null) disconnected
2026-07-27T00:54:32.747+05:30  INFO 13892 --- [order-service] [vice-producer-1] org.apache.kafka.clients.NetworkClient   : [Producer clientId=order-service-producer-1] Node -1 disconnected.
2026-07-27T00:54:32.747+05:30  WARN 13892 --- [order-service] [vice-producer-1] org.apache.kafka.clients.NetworkClient   : [Producer clientId=order-service-producer-1] Connection to node -1 (localhost/127.0.0.1:9092) could not be established. Node may not be available.
2026-07-27T00:54:32.747+05:30  WARN 13892 --- [order-service] [vice-producer-1] org.apache.kafka.clients.NetworkClient   : [Producer clientId=order-service-producer-1] Bootstrap broker localhost:9092 (id: -1 rack: null) disconnected
2026-07-27T00:54:33.749+05:30  INFO 13892 --- [order-service] [vice-producer-1] org.apache.kafka.clients.NetworkClient   : [Producer clientId=order-service-producer-1] Node -1 disconnected.
2026-07-27T00:54:33.749+05:30  WARN 13892 --- [order-service] [vice-producer-1] org.apache.kafka.clients.NetworkClient   : [Producer clientId=order-service-producer-1] Connection to node -1 (localhost/127.0.0.1:9092) could not be established. Node may not be available.
2026-07-27T00:54:33.749+05:30  WARN 13892 --- [order-service] [vice-producer-1] org.apache.kafka.clients.NetworkClient   : [Producer clientId=order-service-producer-1] Bootstrap broker localhost:9092 (id: -1 rack: null) disconnected
2026-07-27T00:54:34.732+05:30  INFO 13892 --- [order-service] [vice-producer-1] org.apache.kafka.clients.NetworkClient   : [Producer clientId=order-service-producer-1] Node -1 disconnected.
2026-07-27T00:54:34.732+05:30  WARN 13892 --- [order-service] [vice-producer-1] org.apache.kafka.clients.NetworkClient   : [Producer clientId=order-service-producer-1] Connection to node -1 (localhost/127.0.0.1:9092) could not be established. Node may not be available.
2026-07-27T00:54:34.732+05:30  WARN 13892 --- [order-service] [vice-producer-1] org.apache.kafka.clients.NetworkClient   : [Producer clientId=order-service-producer-1] Bootstrap broker localhost:9092 (id: -1 rack: null) disconnected
2026-07-27T00:54:35.734+05:30  INFO 13892 --- [order-service] [vice-producer-1] org.apache.kafka.clients.NetworkClient   : [Producer clientId=order-service-producer-1] Node -1 disconnected.
2026-07-27T00:54:35.734+05:30  WARN 13892 --- [order-service] [vice-producer-1] org.apache.kafka.clients.NetworkClient   : [Producer clientId=order-service-producer-1] Connection to node -1 (localhost/127.0.0.1:9092) could not be established. Node may not be available.
2026-07-27T00:54:35.735+05:30  WARN 13892 --- [order-service] [vice-producer-1] org.apache.kafka.clients.NetworkClient   : [Producer clientId=order-service-producer-1] Bootstrap broker localhost:9092 (id: -1 rack: null) disconnected
2026-07-27T00:54:36.735+05:30  INFO 13892 --- [order-service] [vice-producer-1] org.apache.kafka.clients.NetworkClient   : [Producer clientId=order-service-producer-1] Node -1 disconnected.
2026-07-27T00:54:36.735+05:30  WARN 13892 --- [order-service] [vice-producer-1] org.apache.kafka.clients.NetworkClient   : [Producer clientId=order-service-producer-1] Connection to node -1 (localhost/127.0.0.1:9092) could not be established. Node may not be available.
2026-07-27T00:54:36.735+05:30  WARN 13892 --- [order-service] [vice-producer-1] org.apache.kafka.clients.NetworkClient   : [Producer clientId=order-service-producer-1] Bootstrap broker localhost:9092 (id: -1 rack: null) disconnected
2026-07-27T00:54:37.598+05:30  INFO 13892 --- [order-service] [vice-producer-1] org.apache.kafka.clients.NetworkClient   : [Producer clientId=order-service-producer-1] Node -1 disconnected.
2026-07-27T00:54:37.598+05:30  WARN 13892 --- [order-service] [vice-producer-1] org.apache.kafka.clients.NetworkClient   : [Producer clientId=order-service-producer-1] Connection to node -1 (localhost/127.0.0.1:9092) could not be established. Node may not be available.
2026-07-27T00:54:37.598+05:30  WARN 13892 --- [order-service] [vice-producer-1] org.apache.kafka.clients.NetworkClient   : [Producer clientId=order-service-producer-1] Bootstrap broker localhost:9092 (id: -1 rack: null) disconnected
2026-07-27T00:54:38.644+05:30  INFO 13892 --- [order-service] [vice-producer-1] org.apache.kafka.clients.NetworkClient   : [Producer clientId=order-service-producer-1] Node -1 disconnected.
2026-07-27T00:54:38.644+05:30  WARN 13892 --- [order-service] [vice-producer-1] org.apache.kafka.clients.NetworkClient   : [Producer clientId=order-service-producer-1] Connection to node -1 (localhost/127.0.0.1:9092) could not be established. Node may not be available.
2026-07-27T00:54:38.644+05:30  WARN 13892 --- [order-service] [vice-producer-1] org.apache.kafka.clients.NetworkClient   : [Producer clientId=order-service-producer-1] Bootstrap broker localhost:9092 (id: -1 rack: null) disconnected
2026-07-27T00:54:39.556+05:30  INFO 13892 --- [order-service] [vice-producer-1] org.apache.kafka.clients.NetworkClient   : [Producer clientId=order-service-producer-1] Node -1 disconnected.
2026-07-27T00:54:39.556+05:30  WARN 13892 --- [order-service] [vice-producer-1] org.apache.kafka.clients.NetworkClient   : [Producer clientId=order-service-producer-1] Connection to node -1 (localhost/127.0.0.1:9092) could not be established. Node may not be available.
2026-07-27T00:54:39.557+05:30  WARN 13892 --- [order-service] [vice-producer-1] org.apache.kafka.clients.NetworkClient   : [Producer clientId=order-service-producer-1] Bootstrap broker localhost:9092 (id: -1 rack: null) disconnected
2026-07-27T00:54:40.468+05:30  INFO 13892 --- [order-service] [vice-producer-1] org.apache.kafka.clients.NetworkClient   : [Producer clientId=order-service-producer-1] Node -1 disconnected.
2026-07-27T00:54:40.468+05:30  WARN 13892 --- [order-service] [vice-producer-1] org.apache.kafka.clients.NetworkClient   : [Producer clientId=order-service-producer-1] Connection to node -1 (localhost/127.0.0.1:9092) could not be established. Node may not be available.
2026-07-27T00:54:40.468+05:30  WARN 13892 --- [order-service] [vice-producer-1] org.apache.kafka.clients.NetworkClient   : [Producer clientId=order-service-producer-1] Bootstrap broker localhost:9092 (id: -1 rack: null) disconnected
2026-07-27T00:54:41.469+05:30  INFO 13892 --- [order-service] [vice-producer-1] org.apache.kafka.clients.NetworkClient   : [Producer clientId=order-service-producer-1] Node -1 disconnected.
2026-07-27T00:54:41.469+05:30  WARN 13892 --- [order-service] [vice-producer-1] org.apache.kafka.clients.NetworkClient   : [Producer clientId=order-service-producer-1] Connection to node -1 (localhost/127.0.0.1:9092) could not be established. Node may not be available.
2026-07-27T00:54:41.469+05:30  WARN 13892 --- [order-service] [vice-producer-1] org.apache.kafka.clients.NetworkClient   : [Producer clientId=order-service-producer-1] Bootstrap broker localhost:9092 (id: -1 rack: null) disconnected
2026-07-27T00:54:42.382+05:30  INFO 13892 --- [order-service] [vice-producer-1] org.apache.kafka.clients.NetworkClient   : [Producer clientId=order-service-producer-1] Node -1 disconnected.
2026-07-27T00:54:42.382+05:30  WARN 13892 --- [order-service] [vice-producer-1] org.apache.kafka.clients.NetworkClient   : [Producer clientId=order-service-producer-1] Connection to node -1 (localhost/127.0.0.1:9092) could not be established. Node may not be available.
2026-07-27T00:54:42.382+05:30  WARN 13892 --- [order-service] [vice-producer-1] org.apache.kafka.clients.NetworkClient   : [Producer clientId=order-service-producer-1] Bootstrap broker localhost:9092 (id: -1 rack: null) disconnected
2026-07-27T00:54:43.294+05:30  INFO 13892 --- [order-service] [vice-producer-1] org.apache.kafka.clients.NetworkClient   : [Producer clientId=order-service-producer-1] Node -1 disconnected.
2026-07-27T00:54:43.294+05:30  WARN 13892 --- [order-service] [vice-producer-1] org.apache.kafka.clients.NetworkClient   : [Producer clientId=order-service-producer-1] Connection to node -1 (localhost/127.0.0.1:9092) could not be established. Node may not be available.
2026-07-27T00:54:43.294+05:30  WARN 13892 --- [order-service] [vice-producer-1] org.apache.kafka.clients.NetworkClient   : [Producer clientId=order-service-producer-1] Bootstrap broker localhost:9092 (id: -1 rack: null) disconnected
Hibernate: select o1_0.id,o1_0.created_at,o1_0.product_id,o1_0.quantity,o1_0.status,o1_0.total_price,o1_0.user_id from orders o1_0 where o1_0.user_id=?
2026-07-27T00:54:44.296+05:30  INFO 13892 --- [order-service] [vice-producer-1] org.apache.kafka.clients.NetworkClient   : [Producer clientId=order-service-producer-1] Node -1 disconnected.
2026-07-27T00:54:44.297+05:30  WARN 13892 --- [order-service] [vice-producer-1] org.apache.kafka.clients.NetworkClient   : [Producer clientId=order-service-producer-1] Connection to node -1 (localhost/127.0.0.1:9092) could not be established. Node may not be available.
2026-07-27T00:54:44.297+05:30  WARN 13892 --- [order-service] [vice-producer-1] org.apache.kafka.clients.NetworkClient   : [Producer clientId=order-service-producer-1] Bootstrap broker localhost:9092 (id: -1 rack: null) disconnected
2026-07-27T00:54:45.330+05:30  INFO 13892 --- [order-service] [vice-producer-1] org.apache.kafka.clients.NetworkClient   : [Producer clientId=order-service-producer-1] Node -1 disconnected.
2026-07-27T00:54:45.330+05:30  WARN 13892 --- [order-service] [vice-producer-1] org.apache.kafka.clients.NetworkClient   : [Producer clientId=order-service-producer-1] Connection to node -1 (localhost/127.0.0.1:9092) could not be established. Node may not be available.
2026-07-27T00:54:45.331+05:30  WARN 13892 --- [order-service] [vice-producer-1] org.apache.kafka.clients.NetworkClient   : [Producer clientId=order-service-producer-1] Bootstrap broker localhost:9092 (id: -1 rack: null) disconnected
2026-07-27T00:54:46.337+05:30  INFO 13892 --- [order-service] [vice-producer-1] org.apache.kafka.clients.NetworkClient   : [Producer clientId=order-service-producer-1] Node -1 disconnected.
2026-07-27T00:54:46.337+05:30  WARN 13892 --- [order-service] [vice-producer-1] org.apache.kafka.clients.NetworkClient   : [Producer clientId=order-service-producer-1] Connection to node -1 (localhost/127.0.0.1:9092) could not be established. Node may not be available.
2026-07-27T00:54:46.337+05:30  WARN 13892 --- [order-service] [vice-producer-1] org.apache.kafka.clients.NetworkClient   : [Producer clientId=order-service-producer-1] Bootstrap broker localhost:9092 (id: -1 rack: null) disconnected
2026-07-27T00:54:47.248+05:30  INFO 13892 --- [order-service] [vice-producer-1] org.apache.kafka.clients.NetworkClient   : [Producer clientId=order-service-producer-1] Node -1 disconnected.
2026-07-27T00:54:47.248+05:30  WARN 13892 --- [order-service] [vice-producer-1] org.apache.kafka.clients.NetworkClient   : [Producer clientId=order-service-producer-1] Connection to node -1 (localhost/127.0.0.1:9092) could not be established. Node may not be available.
2026-07-27T00:54:47.248+05:30  WARN 13892 --- [order-service] [vice-producer-1] org.apache.kafka.clients.NetworkClient   : [Producer clientId=order-service-producer-1] Bootstrap broker localhost:9092 (id: -1 rack: null) disconnected
Hibernate: select o1_0.id,o1_0.created_at,o1_0.product_id,o1_0.quantity,o1_0.status,o1_0.total_price,o1_0.user_id from orders o1_0 where o1_0.user_id=?
2026-07-27T00:54:48.260+05:30  INFO 13892 --- [order-service] [vice-producer-1] org.apache.kafka.clients.NetworkClient   : [Producer clientId=order-service-producer-1] Node -1 disconnected.
2026-07-27T00:54:48.260+05:30  WARN 13892 --- [order-service] [vice-producer-1] org.apache.kafka.clients.NetworkClient   : [Producer clientId=order-service-producer-1] Connection to node -1 (localhost/127.0.0.1:9092) could not be established. Node may not be available.
2026-07-27T00:54:48.260+05:30  WARN 13892 --- [order-service] [vice-producer-1] org.apache.kafka.clients.NetworkClient   : [Producer clientId=order-service-producer-1] Bootstrap broker localhost:9092 (id: -1 rack: null) disconnected
2026-07-27T00:54:49.262+05:30  INFO 13892 --- [order-service] [vice-producer-1] org.apache.kafka.clients.NetworkClient   : [Producer clientId=order-service-producer-1] Node -1 disconnected.
2026-07-27T00:54:49.262+05:30  WARN 13892 --- [order-service] [vice-producer-1] org.apache.kafka.clients.NetworkClient   : [Producer clientId=order-service-producer-1] Connection to node -1 (localhost/127.0.0.1:9092) could not be established. Node may not be available.
2026-07-27T00:54:49.262+05:30  WARN 13892 --- [order-service] [vice-producer-1] org.apache.kafka.clients.NetworkClient   : [Producer clientId=order-service-producer-1] Bootstrap broker localhost:9092 (id: -1 rack: null) disconnected
2026-07-27T00:54:50.120+05:30  INFO 13892 --- [order-service] [vice-producer-1] org.apache.kafka.clients.NetworkClient   : [Producer clientId=order-service-producer-1] Node -1 disconnected.
2026-07-27T00:54:50.120+05:30  WARN 13892 --- [order-service] [vice-producer-1] org.apache.kafka.clients.NetworkClient   : [Producer clientId=order-service-producer-1] Connection to node -1 (localhost/127.0.0.1:9092) could not be established. Node may not be available.
2026-07-27T00:54:50.120+05:30  WARN 13892 --- [order-service] [vice-producer-1] org.apache.kafka.clients.NetworkClient   : [Producer clientId=order-service-producer-1] Bootstrap broker localhost:9092 (id: -1 rack: null) disconnected
2026-07-27T00:54:51.134+05:30  INFO 13892 --- [order-service] [vice-producer-1] org.apache.kafka.clients.NetworkClient   : [Producer clientId=order-service-producer-1] Node -1 disconnected.
2026-07-27T00:54:51.134+05:30  WARN 13892 --- [order-service] [vice-producer-1] org.apache.kafka.clients.NetworkClient   : [Producer clientId=order-service-producer-1] Connection to node -1 (localhost/127.0.0.1:9092) could not be established. Node may not be available.
2026-07-27T00:54:51.134+05:30  WARN 13892 --- [order-service] [vice-producer-1] org.apache.kafka.clients.NetworkClient   : [Producer clientId=order-service-producer-1] Bootstrap broker localhost:9092 (id: -1 rack: null) disconnected
2026-07-27T00:54:52.135+05:30  INFO 13892 --- [order-service] [vice-producer-1] org.apache.kafka.clients.NetworkClient   : [Producer clientId=order-service-producer-1] Node -1 disconnected.
2026-07-27T00:54:52.135+05:30  WARN 13892 --- [order-service] [vice-producer-1] org.apache.kafka.clients.NetworkClient   : [Producer clientId=order-service-producer-1] Connection to node -1 (localhost/127.0.0.1:9092) could not be established. Node may not be available.
2026-07-27T00:54:52.135+05:30  WARN 13892 --- [order-service] [vice-producer-1] org.apache.kafka.clients.NetworkClient   : [Producer clientId=order-service-producer-1] Bootstrap broker localhost:9092 (id: -1 rack: null) disconnected
2026-07-27T00:54:53.167+05:30  INFO 13892 --- [order-service] [vice-producer-1] org.apache.kafka.clients.NetworkClient   : [Producer clientId=order-service-producer-1] Node -1 disconnected.
2026-07-27T00:54:53.167+05:30  WARN 13892 --- [order-service] [vice-producer-1] org.apache.kafka.clients.NetworkClient   : [Producer clientId=order-service-producer-1] Connection to node -1 (localhost/127.0.0.1:9092) could not be established. Node may not be available.
2026-07-27T00:54:53.167+05:30  WARN 13892 --- [order-service] [vice-producer-1] org.apache.kafka.clients.NetworkClient   : [Producer clientId=order-service-producer-1] Bootstrap broker localhost:9092 (id: -1 rack: null) disconnected
2026-07-27T00:54:54.076+05:30  INFO 13892 --- [order-service] [vice-producer-1] org.apache.kafka.clients.NetworkClient   : [Producer clientId=order-service-producer-1] Node -1 disconnected.
2026-07-27T00:54:54.076+05:30  WARN 13892 --- [order-service] [vice-producer-1] org.apache.kafka.clients.NetworkClient   : [Producer clientId=order-service-producer-1] Connection to node -1 (localhost/127.0.0.1:9092) could not be established. Node may not be available.
2026-07-27T00:54:54.076+05:30  WARN 13892 --- [order-service] [vice-producer-1] org.apache.kafka.clients.NetworkClient   : [Producer clientId=order-service-producer-1] Bootstrap broker localhost:9092 (id: -1 rack: null) disconnected
2026-07-27T00:54:54.935+05:30  INFO 13892 --- [order-service] [vice-producer-1] org.apache.kafka.clients.NetworkClient   : [Producer clientId=order-service-producer-1] Node -1 disconnected.
2026-07-27T00:54:54.935+05:30  WARN 13892 --- [order-service] [vice-producer-1] org.apache.kafka.clients.NetworkClient   : [Producer clientId=order-service-producer-1] Connection to node -1 (localhost/127.0.0.1:9092) could not be established. Node may not be available.
2026-07-27T00:54:54.935+05:30  WARN 13892 --- [order-service] [vice-producer-1] org.apache.kafka.clients.NetworkClient   : [Producer clientId=order-service-producer-1] Bootstrap broker localhost:9092 (id: -1 rack: null) disconnected
Hibernate: select o1_0.id,o1_0.created_at,o1_0.product_id,o1_0.quantity,o1_0.status,o1_0.total_price,o1_0.user_id from orders o1_0 where o1_0.user_id=?
2026-07-27T00:54:55.946+05:30  INFO 13892 --- [order-service] [vice-producer-1] org.apache.kafka.clients.NetworkClient   : [Producer clientId=order-service-producer-1] Node -1 disconnected.
2026-07-27T00:54:55.946+05:30  WARN 13892 --- [order-service] [vice-producer-1] org.apache.kafka.clients.NetworkClient   : [Producer clientId=order-service-producer-1] Connection to node -1 (localhost/127.0.0.1:9092) could not be established. Node may not be available.
2026-07-27T00:54:55.946+05:30  WARN 13892 --- [order-service] [vice-producer-1] org.apache.kafka.clients.NetworkClient   : [Producer clientId=order-service-producer-1] Bootstrap broker localhost:9092 (id: -1 rack: null) disconnected
2026-07-27T00:54:56.943+05:30  INFO 13892 --- [order-service] [vice-producer-1] org.apache.kafka.clients.NetworkClient   : [Producer clientId=order-service-producer-1] Node -1 disconnected.
2026-07-27T00:54:56.943+05:30  WARN 13892 --- [order-service] [vice-producer-1] org.apache.kafka.clients.NetworkClient   : [Producer clientId=order-service-producer-1] Connection to node -1 (localhost/127.0.0.1:9092) could not be established. Node may not be available.
2026-07-27T00:54:56.943+05:30  WARN 13892 --- [order-service] [vice-producer-1] org.apache.kafka.clients.NetworkClient   : [Producer clientId=order-service-producer-1] Bootstrap broker localhost:9092 (id: -1 rack: null) disconnected
2026-07-27T00:54:57.944+05:30  INFO 13892 --- [order-service] [vice-producer-1] org.apache.kafka.clients.NetworkClient   : [Producer clientId=order-service-producer-1] Node -1 disconnected.
2026-07-27T00:54:57.944+05:30  WARN 13892 --- [order-service] [vice-producer-1] org.apache.kafka.clients.NetworkClient   : [Producer clientId=order-service-producer-1] Connection to node -1 (localhost/127.0.0.1:9092) could not be established. Node may not be available.
2026-07-27T00:54:57.944+05:30  WARN 13892 --- [order-service] [vice-producer-1] org.apache.kafka.clients.NetworkClient   : [Producer clientId=order-service-producer-1] Bootstrap broker localhost:9092 (id: -1 rack: null) disconnected
2026-07-27T00:54:58.945+05:30  INFO 13892 --- [order-service] [vice-producer-1] org.apache.kafka.clients.NetworkClient   : [Producer clientId=order-service-producer-1] Node -1 disconnected.
2026-07-27T00:54:58.945+05:30  WARN 13892 --- [order-service] [vice-producer-1] org.apache.kafka.clients.NetworkClient   : [Producer clientId=order-service-producer-1] Connection to node -1 (localhost/127.0.0.1:9092) could not be established. Node may not be available.
2026-07-27T00:54:58.945+05:30  WARN 13892 --- [order-service] [vice-producer-1] org.apache.kafka.clients.NetworkClient   : [Producer clientId=order-service-producer-1] Bootstrap broker localhost:9092 (id: -1 rack: null) disconnected
2026-07-27T00:54:59.911+05:30  INFO 13892 --- [order-service] [vice-producer-1] org.apache.kafka.clients.NetworkClient   : [Producer clientId=order-service-producer-1] Node -1 disconnected.
2026-07-27T00:54:59.911+05:30  WARN 13892 --- [order-service] [vice-producer-1] org.apache.kafka.clients.NetworkClient   : [Producer clientId=order-service-producer-1] Connection to node -1 (localhost/127.0.0.1:9092) could not be established. Node may not be available.
2026-07-27T00:54:59.911+05:30  WARN 13892 --- [order-service] [vice-producer-1] org.apache.kafka.clients.NetworkClient   : [Producer clientId=order-service-producer-1] Bootstrap broker localhost:9092 (id: -1 rack: null) disconnected
2026-07-27T00:55:00.770+05:30  INFO 13892 --- [order-service] [vice-producer-1] org.apache.kafka.clients.NetworkClient   : [Producer clientId=order-service-producer-1] Node -1 disconnected.
2026-07-27T00:55:00.770+05:30  WARN 13892 --- [order-service] [vice-producer-1] org.apache.kafka.clients.NetworkClient   : [Producer clientId=order-service-producer-1] Connection to node -1 (localhost/127.0.0.1:9092) could not be established. Node may not be available.
2026-07-27T00:55:00.772+05:30  WARN 13892 --- [order-service] [vice-producer-1] org.apache.kafka.clients.NetworkClient   : [Producer clientId=order-service-producer-1] Bootstrap broker localhost:9092 (id: -1 rack: null) disconnected
2026-07-27T00:55:01.582+05:30  INFO 13892 --- [order-service] [vice-producer-1] org.apache.kafka.clients.NetworkClient   : [Producer clientId=order-service-producer-1] Node -1 disconnected.
2026-07-27T00:55:01.582+05:30  WARN 13892 --- [order-service] [vice-producer-1] org.apache.kafka.clients.NetworkClient   : [Producer clientId=order-service-producer-1] Connection to node -1 (localhost/127.0.0.1:9092) could not be established. Node may not be available.
2026-07-27T00:55:01.582+05:30  WARN 13892 --- [order-service] [vice-producer-1] org.apache.kafka.clients.NetworkClient   : [Producer clientId=order-service-producer-1] Bootstrap broker localhost:9092 (id: -1 rack: null) disconnected
2026-07-27T00:55:02.444+05:30  INFO 13892 --- [order-service] [vice-producer-1] org.apache.kafka.clients.NetworkClient   : [Producer clientId=order-service-producer-1] Node -1 disconnected.
2026-07-27T00:55:02.444+05:30  WARN 13892 --- [order-service] [vice-producer-1] org.apache.kafka.clients.NetworkClient   : [Producer clientId=order-service-producer-1] Connection to node -1 (localhost/127.0.0.1:9092) could not be established. Node may not be available.
2026-07-27T00:55:02.444+05:30  WARN 13892 --- [order-service] [vice-producer-1] org.apache.kafka.clients.NetworkClient   : [Producer clientId=order-service-producer-1] Bootstrap broker localhost:9092 (id: -1 rack: null) disconnected
2026-07-27T00:55:03.458+05:30  INFO 13892 --- [order-service] [vice-producer-1] org.apache.kafka.clients.NetworkClient   : [Producer clientId=order-service-producer-1] Node -1 disconnected.
2026-07-27T00:55:03.458+05:30  WARN 13892 --- [order-service] [vice-producer-1] org.apache.kafka.clients.NetworkClient   : [Producer clientId=order-service-producer-1] Connection to node -1 (localhost/127.0.0.1:9092) could not be established. Node may not be available.
2026-07-27T00:55:03.458+05:30  WARN 13892 --- [order-service] [vice-producer-1] org.apache.kafka.clients.NetworkClient   : [Producer clientId=order-service-producer-1] Bootstrap broker localhost:9092 (id: -1 rack: null) disconnected
2026-07-27T00:55:04.318+05:30  INFO 13892 --- [order-service] [vice-producer-1] org.apache.kafka.clients.NetworkClient   : [Producer clientId=order-service-producer-1] Node -1 disconnected.
2026-07-27T00:55:04.318+05:30  WARN 13892 --- [order-service] [vice-producer-1] org.apache.kafka.clients.NetworkClient   : [Producer clientId=order-service-producer-1] Connection to node -1 (localhost/127.0.0.1:9092) could not be established. Node may not be available.
2026-07-27T00:55:04.318+05:30  WARN 13892 --- [order-service] [vice-producer-1] org.apache.kafka.clients.NetworkClient   : [Producer clientId=order-service-producer-1] Bootstrap broker localhost:9092 (id: -1 rack: null) disconnected
2026-07-27T00:55:05.329+05:30  INFO 13892 --- [order-service] [vice-producer-1] org.apache.kafka.clients.NetworkClient   : [Producer clientId=order-service-producer-1] Node -1 disconnected.
2026-07-27T00:55:05.329+05:30  WARN 13892 --- [order-service] [vice-producer-1] org.apache.kafka.clients.NetworkClient   : [Producer clientId=order-service-producer-1] Connection to node -1 (localhost/127.0.0.1:9092) could not be established. Node may not be available.
2026-07-27T00:55:05.329+05:30  WARN 13892 --- [order-service] [vice-producer-1] org.apache.kafka.clients.NetworkClient   : [Producer clientId=order-service-producer-1] Bootstrap broker localhost:9092 (id: -1 rack: null) disconnected
2026-07-27T00:55:06.337+05:30  INFO 13892 --- [order-service] [vice-producer-1] org.apache.kafka.clients.NetworkClient   : [Producer clientId=order-service-producer-1] Node -1 disconnected.
2026-07-27T00:55:06.337+05:30  WARN 13892 --- [order-service] [vice-producer-1] org.apache.kafka.clients.NetworkClient   : [Producer clientId=order-service-producer-1] Connection to node -1 (localhost/127.0.0.1:9092) could not be established. Node may not be available.
2026-07-27T00:55:06.337+05:30  WARN 13892 --- [order-service] [vice-producer-1] org.apache.kafka.clients.NetworkClient   : [Producer clientId=order-service-producer-1] Bootstrap broker localhost:9092 (id: -1 rack: null) disconnected
2026-07-27T00:55:07.248+05:30  INFO 13892 --- [order-service] [vice-producer-1] org.apache.kafka.clients.NetworkClient   : [Producer clientId=order-service-producer-1] Node -1 disconnected.
2026-07-27T00:55:07.248+05:30  WARN 13892 --- [order-service] [vice-producer-1] org.apache.kafka.clients.NetworkClient   : [Producer clientId=order-service-producer-1] Connection to node -1 (localhost/127.0.0.1:9092) could not be established. Node may not be available.
2026-07-27T00:55:07.248+05:30  WARN 13892 --- [order-service] [vice-producer-1] org.apache.kafka.clients.NetworkClient   : [Producer clientId=order-service-producer-1] Bootstrap broker localhost:9092 (id: -1 rack: null) disconnected
2026-07-27T00:55:08.108+05:30  INFO 13892 --- [order-service] [vice-producer-1] org.apache.kafka.clients.NetworkClient   : [Producer clientId=order-service-producer-1] Node -1 disconnected.
2026-07-27T00:55:08.108+05:30  WARN 13892 --- [order-service] [vice-producer-1] org.apache.kafka.clients.NetworkClient   : [Producer clientId=order-service-producer-1] Connection to node -1 (localhost/127.0.0.1:9092) could not be established. Node may not be available.
2026-07-27T00:55:08.108+05:30  WARN 13892 --- [order-service] [vice-producer-1] org.apache.kafka.clients.NetworkClient   : [Producer clientId=order-service-producer-1] Bootstrap broker localhost:9092 (id: -1 rack: null) disconnected
2026-07-27T00:55:09.066+05:30  INFO 13892 --- [order-service] [vice-producer-1] org.apache.kafka.clients.NetworkClient   : [Producer clientId=order-service-producer-1] Node -1 disconnected.
2026-07-27T00:55:09.066+05:30  WARN 13892 --- [order-service] [vice-producer-1] org.apache.kafka.clients.NetworkClient   : [Producer clientId=order-service-producer-1] Connection to node -1 (localhost/127.0.0.1:9092) could not be established. Node may not be available.
2026-07-27T00:55:09.066+05:30  WARN 13892 --- [order-service] [vice-producer-1] org.apache.kafka.clients.NetworkClient   : [Producer clientId=order-service-producer-1] Bootstrap broker localhost:9092 (id: -1 rack: null) disconnected
2026-07-27T00:55:10.077+05:30  INFO 13892 --- [order-service] [vice-producer-1] org.apache.kafka.clients.NetworkClient   : [Producer clientId=order-service-producer-1] Node -1 disconnected.
2026-07-27T00:55:10.077+05:30  WARN 13892 --- [order-service] [vice-producer-1] org.apache.kafka.clients.NetworkClient   : [Producer clientId=order-service-producer-1] Connection to node -1 (localhost/127.0.0.1:9092) could not be established. Node may not be available.
2026-07-27T00:55:10.077+05:30  WARN 13892 --- [order-service] [vice-producer-1] org.apache.kafka.clients.NetworkClient   : [Producer clientId=order-service-producer-1] Bootstrap broker localhost:9092 (id: -1 rack: null) disconnected
2026-07-27T00:55:11.042+05:30  INFO 13892 --- [order-service] [vice-producer-1] org.apache.kafka.clients.NetworkClient   : [Producer clientId=order-service-producer-1] Node -1 disconnected.
2026-07-27T00:55:11.042+05:30  WARN 13892 --- [order-service] [vice-producer-1] org.apache.kafka.clients.NetworkClient   : [Producer clientId=order-service-producer-1] Connection to node -1 (localhost/127.0.0.1:9092) could not be established. Node may not be available.
2026-07-27T00:55:11.042+05:30  WARN 13892 --- [order-service] [vice-producer-1] org.apache.kafka.clients.NetworkClient   : [Producer clientId=order-service-producer-1] Bootstrap broker localhost:9092 (id: -1 rack: null) disconnected
2026-07-27T00:55:12.057+05:30  INFO 13892 --- [order-service] [vice-producer-1] org.apache.kafka.clients.NetworkClient   : [Producer clientId=order-service-producer-1] Node -1 disconnected.
2026-07-27T00:55:12.057+05:30  WARN 13892 --- [order-service] [vice-producer-1] org.apache.kafka.clients.NetworkClient   : [Producer clientId=order-service-producer-1] Connection to node -1 (localhost/127.0.0.1:9092) could not be established. Node may not be available.
2026-07-27T00:55:12.057+05:30  WARN 13892 --- [order-service] [vice-producer-1] org.apache.kafka.clients.NetworkClient   : [Producer clientId=order-service-producer-1] Bootstrap broker localhost:9092 (id: -1 rack: null) disconnected
2026-07-27T00:55:13.095+05:30  INFO 13892 --- [order-service] [vice-producer-1] org.apache.kafka.clients.NetworkClient   : [Producer clientId=order-service-producer-1] Node -1 disconnected.
2026-07-27T00:55:13.096+05:30  WARN 13892 --- [order-service] [vice-producer-1] org.apache.kafka.clients.NetworkClient   : [Producer clientId=order-service-producer-1] Connection to node -1 (localhost/127.0.0.1:9092) could not be established. Node may not be available.
2026-07-27T00:55:13.096+05:30  WARN 13892 --- [order-service] [vice-producer-1] org.apache.kafka.clients.NetworkClient   : [Producer clientId=order-service-producer-1] Bootstrap broker localhost:9092 (id: -1 rack: null) disconnected
2026-07-27T00:55:13.952+05:30  INFO 13892 --- [order-service] [vice-producer-1] org.apache.kafka.clients.NetworkClient   : [Producer clientId=order-service-producer-1] Node -1 disconnected.
2026-07-27T00:55:13.952+05:30  WARN 13892 --- [order-service] [vice-producer-1] org.apache.kafka.clients.NetworkClient   : [Producer clientId=order-service-producer-1] Connection to node -1 (localhost/127.0.0.1:9092) could not be established. Node may not be available.
2026-07-27T00:55:13.952+05:30  WARN 13892 --- [order-service] [vice-producer-1] org.apache.kafka.clients.NetworkClient   : [Producer clientId=order-service-producer-1] Bootstrap broker localhost:9092 (id: -1 rack: null) disconnected
2026-07-27T00:55:14.798+05:30  INFO 13892 --- [order-service] [vice-producer-1] org.apache.kafka.clients.NetworkClient   : [Producer clientId=order-service-producer-1] Node -1 disconnected.
2026-07-27T00:55:14.799+05:30  WARN 13892 --- [order-service] [vice-producer-1] org.apache.kafka.clients.NetworkClient   : [Producer clientId=order-service-producer-1] Connection to node -1 (localhost/127.0.0.1:9092) could not be established. Node may not be available.
2026-07-27T00:55:14.799+05:30  WARN 13892 --- [order-service] [vice-producer-1] org.apache.kafka.clients.NetworkClient   : [Producer clientId=order-service-producer-1] Bootstrap broker localhost:9092 (id: -1 rack: null) disconnected
2026-07-27T00:55:15.800+05:30  INFO 13892 --- [order-service] [vice-producer-1] org.apache.kafka.clients.NetworkClient   : [Producer clientId=order-service-producer-1] Node -1 disconnected.
2026-07-27T00:55:15.800+05:30  WARN 13892 --- [order-service] [vice-producer-1] org.apache.kafka.clients.NetworkClient   : [Producer clientId=order-service-producer-1] Connection to node -1 (localhost/127.0.0.1:9092) could not be established. Node may not be available.
2026-07-27T00:55:15.800+05:30  WARN 13892 --- [order-service] [vice-producer-1] org.apache.kafka.clients.NetworkClient   : [Producer clientId=order-service-producer-1] Bootstrap broker localhost:9092 (id: -1 rack: null) disconnected
2026-07-27T00:55:16.802+05:30  INFO 13892 --- [order-service] [vice-producer-1] org.apache.kafka.clients.NetworkClient   : [Producer clientId=order-service-producer-1] Node -1 disconnected.
2026-07-27T00:55:16.803+05:30  WARN 13892 --- [order-service] [vice-producer-1] org.apache.kafka.clients.NetworkClient   : [Producer clientId=order-service-producer-1] Connection to node -1 (localhost/127.0.0.1:9092) could not be established. Node may not be available.
2026-07-27T00:55:16.803+05:30  WARN 13892 --- [order-service] [vice-producer-1] org.apache.kafka.clients.NetworkClient   : [Producer clientId=order-service-producer-1] Bootstrap broker localhost:9092 (id: -1 rack: null) disconnected
2026-07-27T00:55:17.664+05:30  INFO 13892 --- [order-service] [vice-producer-1] org.apache.kafka.clients.NetworkClient   : [Producer clientId=order-service-producer-1] Node -1 disconnected.
2026-07-27T00:55:17.664+05:30  WARN 13892 --- [order-service] [vice-producer-1] org.apache.kafka.clients.NetworkClient   : [Producer clientId=order-service-producer-1] Connection to node -1 (localhost/127.0.0.1:9092) could not be established. Node may not be available.
2026-07-27T00:55:17.664+05:30  WARN 13892 --- [order-service] [vice-producer-1] org.apache.kafka.clients.NetworkClient   : [Producer clientId=order-service-producer-1] Bootstrap broker localhost:9092 (id: -1 rack: null) disconnected
2026-07-27T00:55:18.603+05:30  INFO 13892 --- [order-service] [vice-producer-1] org.apache.kafka.clients.NetworkClient   : [Producer clientId=order-service-producer-1] Node -1 disconnected.
2026-07-27T00:55:18.603+05:30  WARN 13892 --- [order-service] [vice-producer-1] org.apache.kafka.clients.NetworkClient   : [Producer clientId=order-service-producer-1] Connection to node -1 (localhost/127.0.0.1:9092) could not be established. Node may not be available.
2026-07-27T00:55:18.603+05:30  WARN 13892 --- [order-service] [vice-producer-1] org.apache.kafka.clients.NetworkClient   : [Producer clientId=order-service-producer-1] Bootstrap broker localhost:9092 (id: -1 rack: null) disconnected
2026-07-27T00:55:19.580+05:30  INFO 13892 --- [order-service] [vice-producer-1] org.apache.kafka.clients.NetworkClient   : [Producer clientId=order-service-producer-1] Node -1 disconnected.
2026-07-27T00:55:19.580+05:30  WARN 13892 --- [order-service] [vice-producer-1] org.apache.kafka.clients.NetworkClient   : [Producer clientId=order-service-producer-1] Connection to node -1 (localhost/127.0.0.1:9092) could not be established. Node may not be available.
2026-07-27T00:55:19.580+05:30  WARN 13892 --- [order-service] [vice-producer-1] org.apache.kafka.clients.NetworkClient   : [Producer clientId=order-service-producer-1] Bootstrap broker localhost:9092 (id: -1 rack: null) disconnected
2026-07-27T00:55:20.614+05:30  INFO 13892 --- [order-service] [vice-producer-1] org.apache.kafka.clients.NetworkClient   : [Producer clientId=order-service-producer-1] Node -1 disconnected.
2026-07-27T00:55:20.614+05:30  WARN 13892 --- [order-service] [vice-producer-1] org.apache.kafka.clients.NetworkClient   : [Producer clientId=order-service-producer-1] Connection to node -1 (localhost/127.0.0.1:9092) could not be established. Node may not be available.
2026-07-27T00:55:20.614+05:30  WARN 13892 --- [order-service] [vice-producer-1] org.apache.kafka.clients.NetworkClient   : [Producer clientId=order-service-producer-1] Bootstrap broker localhost:9092 (id: -1 rack: null) disconnected
2026-07-27T00:55:21.616+05:30  INFO 13892 --- [order-service] [vice-producer-1] org.apache.kafka.clients.NetworkClient   : [Producer clientId=order-service-producer-1] Node -1 disconnected.
2026-07-27T00:55:21.616+05:30  WARN 13892 --- [order-service] [vice-producer-1] org.apache.kafka.clients.NetworkClient   : [Producer clientId=order-service-producer-1] Connection to node -1 (localhost/127.0.0.1:9092) could not be established. Node may not be available.
2026-07-27T00:55:21.616+05:30  WARN 13892 --- [order-service] [vice-producer-1] org.apache.kafka.clients.NetworkClient   : [Producer clientId=order-service-producer-1] Bootstrap broker localhost:9092 (id: -1 rack: null) disconnected
2026-07-27T00:55:22.477+05:30  INFO 13892 --- [order-service] [vice-producer-1] org.apache.kafka.clients.NetworkClient   : [Producer clientId=order-service-producer-1] Node -1 disconnected.
2026-07-27T00:55:22.477+05:30  WARN 13892 --- [order-service] [vice-producer-1] org.apache.kafka.clients.NetworkClient   : [Producer clientId=order-service-producer-1] Connection to node -1 (localhost/127.0.0.1:9092) could not be established. Node may not be available.
2026-07-27T00:55:22.477+05:30  WARN 13892 --- [order-service] [vice-producer-1] org.apache.kafka.clients.NetworkClient   : [Producer clientId=order-service-producer-1] Bootstrap broker localhost:9092 (id: -1 rack: null) disconnected
2026-07-27T00:55:23.387+05:30  INFO 13892 --- [order-service] [vice-producer-1] org.apache.kafka.clients.NetworkClient   : [Producer clientId=order-service-producer-1] Node -1 disconnected.
2026-07-27T00:55:23.387+05:30  WARN 13892 --- [order-service] [vice-producer-1] org.apache.kafka.clients.NetworkClient   : [Producer clientId=order-service-producer-1] Connection to node -1 (localhost/127.0.0.1:9092) could not be established. Node may not be available.
2026-07-27T00:55:23.387+05:30  WARN 13892 --- [order-service] [vice-producer-1] org.apache.kafka.clients.NetworkClient   : [Producer clientId=order-service-producer-1] Bootstrap broker localhost:9092 (id: -1 rack: null) disconnected
2026-07-27T00:55:24.392+05:30  INFO 13892 --- [order-service] [vice-producer-1] org.apache.kafka.clients.NetworkClient   : [Producer clientId=order-service-producer-1] Node -1 disconnected.
2026-07-27T00:55:24.404+05:30  WARN 13892 --- [order-service] [vice-producer-1] org.apache.kafka.clients.NetworkClient   : [Producer clientId=order-service-producer-1] Connection to node -1 (localhost/127.0.0.1:9092) could not be established. Node may not be available.
2026-07-27T00:55:24.404+05:30  WARN 13892 --- [order-service] [vice-producer-1] org.apache.kafka.clients.NetworkClient   : [Producer clientId=order-service-producer-1] Bootstrap broker localhost:9092 (id: -1 rack: null) disconnected
2026-07-27T00:55:25.393+05:30  INFO 13892 --- [order-service] [vice-producer-1] org.apache.kafka.clients.NetworkClient   : [Producer clientId=order-service-producer-1] Node -1 disconnected.
2026-07-27T00:55:25.393+05:30  WARN 13892 --- [order-service] [vice-producer-1] org.apache.kafka.clients.NetworkClient   : [Producer clientId=order-service-producer-1] Connection to node -1 (localhost/127.0.0.1:9092) could not be established. Node may not be available.
2026-07-27T00:55:25.393+05:30  WARN 13892 --- [order-service] [vice-producer-1] org.apache.kafka.clients.NetworkClient   : [Producer clientId=order-service-producer-1] Bootstrap broker localhost:9092 (id: -1 rack: null) disconnected
2026-07-27T00:55:26.356+05:30  INFO 13892 --- [order-service] [vice-producer-1] org.apache.kafka.clients.NetworkClient   : [Producer clientId=order-service-producer-1] Node -1 disconnected.
2026-07-27T00:55:26.357+05:30  WARN 13892 --- [order-service] [vice-producer-1] org.apache.kafka.clients.NetworkClient   : [Producer clientId=order-service-producer-1] Connection to node -1 (localhost/127.0.0.1:9092) could not be established. Node may not be available.
2026-07-27T00:55:26.357+05:30  WARN 13892 --- [order-service] [vice-producer-1] org.apache.kafka.clients.NetworkClient   : [Producer clientId=order-service-producer-1] Bootstrap broker localhost:9092 (id: -1 rack: null) disconnected
2026-07-27T00:55:27.294+05:30  INFO 13892 --- [order-service] [vice-producer-1] org.apache.kafka.clients.NetworkClient   : [Producer clientId=order-service-producer-1] Node -1 disconnected.
2026-07-27T00:55:27.296+05:30  WARN 13892 --- [order-service] [vice-producer-1] org.apache.kafka.clients.NetworkClient   : [Producer clientId=order-service-producer-1] Connection to node -1 (localhost/127.0.0.1:9092) could not be established. Node may not be available.
2026-07-27T00:55:27.296+05:30  WARN 13892 --- [order-service] [vice-producer-1] org.apache.kafka.clients.NetworkClient   : [Producer clientId=order-service-producer-1] Bootstrap broker localhost:9092 (id: -1 rack: null) disconnected
2026-07-27T00:55:28.217+05:30  INFO 13892 --- [order-service] [vice-producer-1] org.apache.kafka.clients.NetworkClient   : [Producer clientId=order-service-producer-1] Node -1 disconnected.
2026-07-27T00:55:28.217+05:30  WARN 13892 --- [order-service] [vice-producer-1] org.apache.kafka.clients.NetworkClient   : [Producer clientId=order-service-producer-1] Connection to node -1 (localhost/127.0.0.1:9092) could not be established. Node may not be available.
2026-07-27T00:55:28.217+05:30  WARN 13892 --- [order-service] [vice-producer-1] org.apache.kafka.clients.NetworkClient   : [Producer clientId=order-service-producer-1] Bootstrap broker localhost:9092 (id: -1 rack: null) disconnected
2026-07-27T00:55:29.138+05:30  INFO 13892 --- [order-service] [vice-producer-1] org.apache.kafka.clients.NetworkClient   : [Producer clientId=order-service-producer-1] Node -1 disconnected.
2026-07-27T00:55:29.138+05:30  WARN 13892 --- [order-service] [vice-producer-1] org.apache.kafka.clients.NetworkClient   : [Producer clientId=order-service-producer-1] Connection to node -1 (localhost/127.0.0.1:9092) could not be established. Node may not be available.
2026-07-27T00:55:29.138+05:30  WARN 13892 --- [order-service] [vice-producer-1] org.apache.kafka.clients.NetworkClient   : [Producer clientId=order-service-producer-1] Bootstrap broker localhost:9092 (id: -1 rack: null) disconnected
2026-07-27T00:55:30.184+05:30  INFO 13892 --- [order-service] [vice-producer-1] org.apache.kafka.clients.NetworkClient   : [Producer clientId=order-service-producer-1] Node -1 disconnected.
2026-07-27T00:55:30.184+05:30  WARN 13892 --- [order-service] [vice-producer-1] org.apache.kafka.clients.NetworkClient   : [Producer clientId=order-service-producer-1] Connection to node -1 (localhost/127.0.0.1:9092) could not be established. Node may not be available.
2026-07-27T00:55:30.184+05:30  WARN 13892 --- [order-service] [vice-producer-1] org.apache.kafka.clients.NetworkClient   : [Producer clientId=order-service-producer-1] Bootstrap broker localhost:9092 (id: -1 rack: null) disconnected
2026-07-27T00:55:31.194+05:30  INFO 13892 --- [order-service] [vice-producer-1] org.apache.kafka.clients.NetworkClient   : [Producer clientId=order-service-producer-1] Node -1 disconnected.
2026-07-27T00:55:31.194+05:30  WARN 13892 --- [order-service] [vice-producer-1] org.apache.kafka.clients.NetworkClient   : [Producer clientId=order-service-producer-1] Connection to node -1 (localhost/127.0.0.1:9092) could not be established. Node may not be available.
2026-07-27T00:55:31.194+05:30  WARN 13892 --- [order-service] [vice-producer-1] org.apache.kafka.clients.NetworkClient   : [Producer clientId=order-service-producer-1] Bootstrap broker localhost:9092 (id: -1 rack: null) disconnected
2026-07-27T00:55:32.114+05:30  INFO 13892 --- [order-service] [vice-producer-1] org.apache.kafka.clients.NetworkClient   : [Producer clientId=order-service-producer-1] Node -1 disconnected.
2026-07-27T00:55:32.114+05:30  WARN 13892 --- [order-service] [vice-producer-1] org.apache.kafka.clients.NetworkClient   : [Producer clientId=order-service-producer-1] Connection to node -1 (localhost/127.0.0.1:9092) could not be established. Node may not be available.
2026-07-27T00:55:32.114+05:30  WARN 13892 --- [order-service] [vice-producer-1] org.apache.kafka.clients.NetworkClient   : [Producer clientId=order-service-producer-1] Bootstrap broker localhost:9092 (id: -1 rack: null) disconnected
2026-07-27T00:55:33.162+05:30  INFO 13892 --- [order-service] [vice-producer-1] org.apache.kafka.clients.NetworkClient   : [Producer clientId=order-service-producer-1] Node -1 disconnected.
2026-07-27T00:55:33.162+05:30  WARN 13892 --- [order-service] [vice-producer-1] org.apache.kafka.clients.NetworkClient   : [Producer clientId=order-service-producer-1] Connection to node -1 (localhost/127.0.0.1:9092) could not be established. Node may not be available.
2026-07-27T00:55:33.162+05:30  WARN 13892 --- [order-service] [vice-producer-1] org.apache.kafka.clients.NetworkClient   : [Producer clientId=order-service-producer-1] Bootstrap broker localhost:9092 (id: -1 rack: null) disconnected
2026-07-27T00:55:34.175+05:30  INFO 13892 --- [order-service] [vice-producer-1] org.apache.kafka.clients.NetworkClient   : [Producer clientId=order-service-producer-1] Node -1 disconnected.
2026-07-27T00:55:34.175+05:30  WARN 13892 --- [order-service] [vice-producer-1] org.apache.kafka.clients.NetworkClient   : [Producer clientId=order-service-producer-1] Connection to node -1 (localhost/127.0.0.1:9092) could not be established. Node may not be available.
2026-07-27T00:55:34.175+05:30  WARN 13892 --- [order-service] [vice-producer-1] org.apache.kafka.clients.NetworkClient   : [Producer clientId=order-service-producer-1] Bootstrap broker localhost:9092 (id: -1 rack: null) disconnected
2026-07-27T00:55:35.218+05:30  INFO 13892 --- [order-service] [vice-producer-1] org.apache.kafka.clients.NetworkClient   : [Producer clientId=order-service-producer-1] Node -1 disconnected.
2026-07-27T00:55:35.218+05:30  WARN 13892 --- [order-service] [vice-producer-1] org.apache.kafka.clients.NetworkClient   : [Producer clientId=order-service-producer-1] Connection to node -1 (localhost/127.0.0.1:9092) could not be established. Node may not be available.
2026-07-27T00:55:35.218+05:30  WARN 13892 --- [order-service] [vice-producer-1] org.apache.kafka.clients.NetworkClient   : [Producer clientId=order-service-producer-1] Bootstrap broker localhost:9092 (id: -1 rack: null) disconnected
2026-07-27T00:55:36.139+05:30  INFO 13892 --- [order-service] [vice-producer-1] org.apache.kafka.clients.NetworkClient   : [Producer clientId=order-service-producer-1] Node -1 disconnected.
2026-07-27T00:55:36.139+05:30  WARN 13892 --- [order-service] [vice-producer-1] org.apache.kafka.clients.NetworkClient   : [Producer clientId=order-service-producer-1] Connection to node -1 (localhost/127.0.0.1:9092) could not be established. Node may not be available.
2026-07-27T00:55:36.139+05:30  WARN 13892 --- [order-service] [vice-producer-1] org.apache.kafka.clients.NetworkClient   : [Producer clientId=order-service-producer-1] Bootstrap broker localhost:9092 (id: -1 rack: null) disconnected
2026-07-27T00:55:37.125+05:30  INFO 13892 --- [order-service] [vice-producer-1] org.apache.kafka.clients.NetworkClient   : [Producer clientId=order-service-producer-1] Node -1 disconnected.
2026-07-27T00:55:37.125+05:30  WARN 13892 --- [order-service] [vice-producer-1] org.apache.kafka.clients.NetworkClient   : [Producer clientId=order-service-producer-1] Connection to node -1 (localhost/127.0.0.1:9092) could not be established. Node may not be available.
2026-07-27T00:55:37.125+05:30  WARN 13892 --- [order-service] [vice-producer-1] org.apache.kafka.clients.NetworkClient   : [Producer clientId=order-service-producer-1] Bootstrap broker localhost:9092 (id: -1 rack: null) disconnected
2026-07-27T00:55:37.985+05:30  INFO 13892 --- [order-service] [vice-producer-1] org.apache.kafka.clients.NetworkClient   : [Producer clientId=order-service-producer-1] Node -1 disconnected.
2026-07-27T00:55:37.985+05:30  WARN 13892 --- [order-service] [vice-producer-1] org.apache.kafka.clients.NetworkClient   : [Producer clientId=order-service-producer-1] Connection to node -1 (localhost/127.0.0.1:9092) could not be established. Node may not be available.
2026-07-27T00:55:37.985+05:30  WARN 13892 --- [order-service] [vice-producer-1] org.apache.kafka.clients.NetworkClient   : [Producer clientId=order-service-producer-1] Bootstrap broker localhost:9092 (id: -1 rack: null) disconnected
2026-07-27T00:55:38.903+05:30  INFO 13892 --- [order-service] [vice-producer-1] org.apache.kafka.clients.NetworkClient   : [Producer clientId=order-service-producer-1] Node -1 disconnected.
2026-07-27T00:55:38.903+05:30  WARN 13892 --- [order-service] [vice-producer-1] org.apache.kafka.clients.NetworkClient   : [Producer clientId=order-service-producer-1] Connection to node -1 (localhost/127.0.0.1:9092) could not be established. Node may not be available.
2026-07-27T00:55:38.903+05:30  WARN 13892 --- [order-service] [vice-producer-1] org.apache.kafka.clients.NetworkClient   : [Producer clientId=order-service-producer-1] Bootstrap broker localhost:9092 (id: -1 rack: null) disconnected
2026-07-27T00:55:39.822+05:30  INFO 13892 --- [order-service] [vice-producer-1] org.apache.kafka.clients.NetworkClient   : [Producer clientId=order-service-producer-1] Node -1 disconnected.
2026-07-27T00:55:39.822+05:30  WARN 13892 --- [order-service] [vice-producer-1] org.apache.kafka.clients.NetworkClient   : [Producer clientId=order-service-producer-1] Connection to node -1 (localhost/127.0.0.1:9092) could not be established. Node may not be available.
2026-07-27T00:55:39.822+05:30  WARN 13892 --- [order-service] [vice-producer-1] org.apache.kafka.clients.NetworkClient   : [Producer clientId=order-service-producer-1] Bootstrap broker localhost:9092 (id: -1 rack: null) disconnected
2026-07-27T00:55:40.868+05:30  INFO 13892 --- [order-service] [vice-producer-1] org.apache.kafka.clients.NetworkClient   : [Producer clientId=order-service-producer-1] Node -1 disconnected.
2026-07-27T00:55:40.868+05:30  WARN 13892 --- [order-service] [vice-producer-1] org.apache.kafka.clients.NetworkClient   : [Producer clientId=order-service-producer-1] Connection to node -1 (localhost/127.0.0.1:9092) could not be established. Node may not be available.
2026-07-27T00:55:40.868+05:30  WARN 13892 --- [order-service] [vice-producer-1] org.apache.kafka.clients.NetworkClient   : [Producer clientId=order-service-producer-1] Bootstrap broker localhost:9092 (id: -1 rack: null) disconnected
2026-07-27T00:55:41.726+05:30  INFO 13892 --- [order-service] [vice-producer-1] org.apache.kafka.clients.NetworkClient   : [Producer clientId=order-service-producer-1] Node -1 disconnected.
2026-07-27T00:55:41.731+05:30  WARN 13892 --- [order-service] [vice-producer-1] org.apache.kafka.clients.NetworkClient   : [Producer clientId=order-service-producer-1] Connection to node -1 (localhost/127.0.0.1:9092) could not be established. Node may not be available.
2026-07-27T00:55:41.731+05:30  WARN 13892 --- [order-service] [vice-producer-1] org.apache.kafka.clients.NetworkClient   : [Producer clientId=order-service-producer-1] Bootstrap broker localhost:9092 (id: -1 rack: null) disconnected
2026-07-27T00:55:42.768+05:30  INFO 13892 --- [order-service] [vice-producer-1] org.apache.kafka.clients.NetworkClient   : [Producer clientId=order-service-producer-1] Node -1 disconnected.
2026-07-27T00:55:42.768+05:30  WARN 13892 --- [order-service] [vice-producer-1] org.apache.kafka.clients.NetworkClient   : [Producer clientId=order-service-producer-1] Connection to node -1 (localhost/127.0.0.1:9092) could not be established. Node may not be available.
2026-07-27T00:55:42.768+05:30  WARN 13892 --- [order-service] [vice-producer-1] org.apache.kafka.clients.NetworkClient   : [Producer clientId=order-service-producer-1] Bootstrap broker localhost:9092 (id: -1 rack: null) disconnected
2026-07-27T00:55:43.782+05:30  INFO 13892 --- [order-service] [vice-producer-1] org.apache.kafka.clients.NetworkClient   : [Producer clientId=order-service-producer-1] Node -1 disconnected.
2026-07-27T00:55:43.782+05:30  WARN 13892 --- [order-service] [vice-producer-1] org.apache.kafka.clients.NetworkClient   : [Producer clientId=order-service-producer-1] Connection to node -1 (localhost/127.0.0.1:9092) could not be established. Node may not be available.
2026-07-27T00:55:43.782+05:30  WARN 13892 --- [order-service] [vice-producer-1] org.apache.kafka.clients.NetworkClient   : [Producer clientId=order-service-producer-1] Bootstrap broker localhost:9092 (id: -1 rack: null) disconnected
2026-07-27T00:55:44.808+05:30  INFO 13892 --- [order-service] [vice-producer-1] org.apache.kafka.clients.NetworkClient   : [Producer clientId=order-service-producer-1] Node -1 disconnected.
2026-07-27T00:55:44.809+05:30  WARN 13892 --- [order-service] [vice-producer-1] org.apache.kafka.clients.NetworkClient   : [Producer clientId=order-service-producer-1] Connection to node -1 (localhost/127.0.0.1:9092) could not be established. Node may not be available.
2026-07-27T00:55:44.809+05:30  WARN 13892 --- [order-service] [vice-producer-1] org.apache.kafka.clients.NetworkClient   : [Producer clientId=order-service-producer-1] Bootstrap broker localhost:9092 (id: -1 rack: null) disconnected
2026-07-27T00:55:45.823+05:30  INFO 13892 --- [order-service] [vice-producer-1] org.apache.kafka.clients.NetworkClient   : [Producer clientId=order-service-producer-1] Node -1 disconnected.
2026-07-27T00:55:45.826+05:30  WARN 13892 --- [order-service] [vice-producer-1] org.apache.kafka.clients.NetworkClient   : [Producer clientId=order-service-producer-1] Connection to node -1 (localhost/127.0.0.1:9092) could not be established. Node may not be available.
2026-07-27T00:55:45.826+05:30  WARN 13892 --- [order-service] [vice-producer-1] org.apache.kafka.clients.NetworkClient   : [Producer clientId=order-service-producer-1] Bootstrap broker localhost:9092 (id: -1 rack: null) disconnected
2026-07-27T00:55:46.746+05:30  INFO 13892 --- [order-service] [vice-producer-1] org.apache.kafka.clients.NetworkClient   : [Producer clientId=order-service-producer-1] Node -1 disconnected.
2026-07-27T00:55:46.746+05:30  WARN 13892 --- [order-service] [vice-producer-1] org.apache.kafka.clients.NetworkClient   : [Producer clientId=order-service-producer-1] Connection to node -1 (localhost/127.0.0.1:9092) could not be established. Node may not be available.
2026-07-27T00:55:46.746+05:30  WARN 13892 --- [order-service] [vice-producer-1] org.apache.kafka.clients.NetworkClient   : [Producer clientId=order-service-producer-1] Bootstrap broker localhost:9092 (id: -1 rack: null) disconnected
2026-07-27T00:55:47.723+05:30  INFO 13892 --- [order-service] [vice-producer-1] org.apache.kafka.clients.NetworkClient   : [Producer clientId=order-service-producer-1] Node -1 disconnected.
2026-07-27T00:55:47.723+05:30  WARN 13892 --- [order-service] [vice-producer-1] org.apache.kafka.clients.NetworkClient   : [Producer clientId=order-service-producer-1] Connection to node -1 (localhost/127.0.0.1:9092) could not be established. Node may not be available.
2026-07-27T00:55:47.723+05:30  WARN 13892 --- [order-service] [vice-producer-1] org.apache.kafka.clients.NetworkClient   : [Producer clientId=order-service-producer-1] Bootstrap broker localhost:9092 (id: -1 rack: null) disconnected
2026-07-27T00:55:48.702+05:30  INFO 13892 --- [order-service] [vice-producer-1] org.apache.kafka.clients.NetworkClient   : [Producer clientId=order-service-producer-1] Node -1 disconnected.
2026-07-27T00:55:48.703+05:30  WARN 13892 --- [order-service] [vice-producer-1] org.apache.kafka.clients.NetworkClient   : [Producer clientId=order-service-producer-1] Connection to node -1 (localhost/127.0.0.1:9092) could not be established. Node may not be available.
2026-07-27T00:55:48.703+05:30  WARN 13892 --- [order-service] [vice-producer-1] org.apache.kafka.clients.NetworkClient   : [Producer clientId=order-service-producer-1] Bootstrap broker localhost:9092 (id: -1 rack: null) disconnected
2026-07-27T00:55:49.677+05:30  INFO 13892 --- [order-service] [vice-producer-1] org.apache.kafka.clients.NetworkClient   : [Producer clientId=order-service-producer-1] Node -1 disconnected.
2026-07-27T00:55:49.677+05:30  WARN 13892 --- [order-service] [vice-producer-1] org.apache.kafka.clients.NetworkClient   : [Producer clientId=order-service-producer-1] Connection to node -1 (localhost/127.0.0.1:9092) could not be established. Node may not be available.
2026-07-27T00:55:49.677+05:30  WARN 13892 --- [order-service] [vice-producer-1] org.apache.kafka.clients.NetworkClient   : [Producer clientId=order-service-producer-1] Bootstrap broker localhost:9092 (id: -1 rack: null) disconnected
2026-07-27T00:55:50.720+05:30  INFO 13892 --- [order-service] [vice-producer-1] org.apache.kafka.clients.NetworkClient   : [Producer clientId=order-service-producer-1] Node -1 disconnected.
2026-07-27T00:55:50.721+05:30  WARN 13892 --- [order-service] [vice-producer-1] org.apache.kafka.clients.NetworkClient   : [Producer clientId=order-service-producer-1] Connection to node -1 (localhost/127.0.0.1:9092) could not be established. Node may not be available.
2026-07-27T00:55:50.721+05:30  WARN 13892 --- [order-service] [vice-producer-1] org.apache.kafka.clients.NetworkClient   : [Producer clientId=order-service-producer-1] Bootstrap broker localhost:9092 (id: -1 rack: null) disconnected
2026-07-27T00:55:51.769+05:30  INFO 13892 --- [order-service] [vice-producer-1] org.apache.kafka.clients.NetworkClient   : [Producer clientId=order-service-producer-1] Node -1 disconnected.
2026-07-27T00:55:51.769+05:30  WARN 13892 --- [order-service] [vice-producer-1] org.apache.kafka.clients.NetworkClient   : [Producer clientId=order-service-producer-1] Connection to node -1 (localhost/127.0.0.1:9092) could not be established. Node may not be available.
2026-07-27T00:55:51.769+05:30  WARN 13892 --- [order-service] [vice-producer-1] org.apache.kafka.clients.NetworkClient   : [Producer clientId=order-service-producer-1] Bootstrap broker localhost:9092 (id: -1 rack: null) disconnected
2026-07-27T00:55:52.778+05:30  INFO 13892 --- [order-service] [vice-producer-1] org.apache.kafka.clients.NetworkClient   : [Producer clientId=order-service-producer-1] Node -1 disconnected.
2026-07-27T00:55:52.778+05:30  WARN 13892 --- [order-service] [vice-producer-1] org.apache.kafka.clients.NetworkClient   : [Producer clientId=order-service-producer-1] Connection to node -1 (localhost/127.0.0.1:9092) could not be established. Node may not be available.
2026-07-27T00:55:52.778+05:30  WARN 13892 --- [order-service] [vice-producer-1] org.apache.kafka.clients.NetworkClient   : [Producer clientId=order-service-producer-1] Bootstrap broker localhost:9092 (id: -1 rack: null) disconnected
2026-07-27T00:55:53.824+05:30  INFO 13892 --- [order-service] [vice-producer-1] org.apache.kafka.clients.NetworkClient   : [Producer clientId=order-service-producer-1] Node -1 disconnected.
2026-07-27T00:55:53.825+05:30  WARN 13892 --- [order-service] [vice-producer-1] org.apache.kafka.clients.NetworkClient   : [Producer clientId=order-service-producer-1] Connection to node -1 (localhost/127.0.0.1:9092) could not be established. Node may not be available.
2026-07-27T00:55:53.825+05:30  WARN 13892 --- [order-service] [vice-producer-1] org.apache.kafka.clients.NetworkClient   : [Producer clientId=order-service-producer-1] Bootstrap broker localhost:9092 (id: -1 rack: null) disconnected
2026-07-27T00:55:54.845+05:30  INFO 13892 --- [order-service] [vice-producer-1] org.apache.kafka.clients.NetworkClient   : [Producer clientId=order-service-producer-1] Node -1 disconnected.
2026-07-27T00:55:54.846+05:30  WARN 13892 --- [order-service] [vice-producer-1] org.apache.kafka.clients.NetworkClient   : [Producer clientId=order-service-producer-1] Connection to node -1 (localhost/127.0.0.1:9092) could not be established. Node may not be available.
2026-07-27T00:55:54.846+05:30  WARN 13892 --- [order-service] [vice-producer-1] org.apache.kafka.clients.NetworkClient   : [Producer clientId=order-service-producer-1] Bootstrap broker localhost:9092 (id: -1 rack: null) disconnected
2026-07-27T00:55:55.828+05:30  INFO 13892 --- [order-service] [vice-producer-1] org.apache.kafka.clients.NetworkClient   : [Producer clientId=order-service-producer-1] Node -1 disconnected.
2026-07-27T00:55:55.828+05:30  WARN 13892 --- [order-service] [vice-producer-1] org.apache.kafka.clients.NetworkClient   : [Producer clientId=order-service-producer-1] Connection to node -1 (localhost/127.0.0.1:9092) could not be established. Node may not be available.
2026-07-27T00:55:55.828+05:30  WARN 13892 --- [order-service] [vice-producer-1] org.apache.kafka.clients.NetworkClient   : [Producer clientId=order-service-producer-1] Bootstrap broker localhost:9092 (id: -1 rack: null) disconnected
2026-07-27T00:55:56.813+05:30  INFO 13892 --- [order-service] [vice-producer-1] org.apache.kafka.clients.NetworkClient   : [Producer clientId=order-service-producer-1] Node -1 disconnected.
2026-07-27T00:55:56.813+05:30  WARN 13892 --- [order-service] [vice-producer-1] org.apache.kafka.clients.NetworkClient   : [Producer clientId=order-service-producer-1] Connection to node -1 (localhost/127.0.0.1:9092) could not be established. Node may not be available.
2026-07-27T00:55:56.813+05:30  WARN 13892 --- [order-service] [vice-producer-1] org.apache.kafka.clients.NetworkClient   : [Producer clientId=order-service-producer-1] Bootstrap broker localhost:9092 (id: -1 rack: null) disconnected
2026-07-27T00:55:57.821+05:30  INFO 13892 --- [order-service] [vice-producer-1] org.apache.kafka.clients.NetworkClient   : [Producer clientId=order-service-producer-1] Node -1 disconnected.
2026-07-27T00:55:57.821+05:30  WARN 13892 --- [order-service] [vice-producer-1] org.apache.kafka.clients.NetworkClient   : [Producer clientId=order-service-producer-1] Connection to node -1 (localhost/127.0.0.1:9092) could not be established. Node may not be available.
2026-07-27T00:55:57.821+05:30  WARN 13892 --- [order-service] [vice-producer-1] org.apache.kafka.clients.NetworkClient   : [Producer clientId=order-service-producer-1] Bootstrap broker localhost:9092 (id: -1 rack: null) disconnected
2026-07-27T00:55:58.850+05:30  INFO 13892 --- [order-service] [vice-producer-1] org.apache.kafka.clients.NetworkClient   : [Producer clientId=order-service-producer-1] Node -1 disconnected.
2026-07-27T00:55:58.850+05:30  WARN 13892 --- [order-service] [vice-producer-1] org.apache.kafka.clients.NetworkClient   : [Producer clientId=order-service-producer-1] Connection to node -1 (localhost/127.0.0.1:9092) could not be established. Node may not be available.
2026-07-27T00:55:58.850+05:30  WARN 13892 --- [order-service] [vice-producer-1] org.apache.kafka.clients.NetworkClient   : [Producer clientId=order-service-producer-1] Bootstrap broker localhost:9092 (id: -1 rack: null) disconnected
2026-07-27T00:55:59.766+05:30  INFO 13892 --- [order-service] [vice-producer-1] org.apache.kafka.clients.NetworkClient   : [Producer clientId=order-service-producer-1] Node -1 disconnected.
2026-07-27T00:55:59.766+05:30  WARN 13892 --- [order-service] [vice-producer-1] org.apache.kafka.clients.NetworkClient   : [Producer clientId=order-service-producer-1] Connection to node -1 (localhost/127.0.0.1:9092) could not be established. Node may not be available.
2026-07-27T00:55:59.766+05:30  WARN 13892 --- [order-service] [vice-producer-1] org.apache.kafka.clients.NetworkClient   : [Producer clientId=order-service-producer-1] Bootstrap broker localhost:9092 (id: -1 rack: null) disconnected
2026-07-27T00:56:00.810+05:30  INFO 13892 --- [order-service] [vice-producer-1] org.apache.kafka.clients.NetworkClient   : [Producer clientId=order-service-producer-1] Node -1 disconnected.
2026-07-27T00:56:00.825+05:30  WARN 13892 --- [order-service] [vice-producer-1] org.apache.kafka.clients.NetworkClient   : [Producer clientId=order-service-producer-1] Connection to node -1 (localhost/127.0.0.1:9092) could not be established. Node may not be available.
2026-07-27T00:56:00.825+05:30  WARN 13892 --- [order-service] [vice-producer-1] org.apache.kafka.clients.NetworkClient   : [Producer clientId=order-service-producer-1] Bootstrap broker localhost:9092 (id: -1 rack: null) disconnected
2026-07-27T00:56:01.773+05:30  INFO 13892 --- [order-service] [vice-producer-1] org.apache.kafka.clients.NetworkClient   : [Producer clientId=order-service-producer-1] Node -1 disconnected.
2026-07-27T00:56:01.774+05:30  WARN 13892 --- [order-service] [vice-producer-1] org.apache.kafka.clients.NetworkClient   : [Producer clientId=order-service-producer-1] Connection to node -1 (localhost/127.0.0.1:9092) could not be established. Node may not be available.
2026-07-27T00:56:01.774+05:30  WARN 13892 --- [order-service] [vice-producer-1] org.apache.kafka.clients.NetworkClient   : [Producer clientId=order-service-producer-1] Bootstrap broker localhost:9092 (id: -1 rack: null) disconnected
2026-07-27T00:56:02.644+05:30  INFO 13892 --- [order-service] [vice-producer-1] org.apache.kafka.clients.NetworkClient   : [Producer clientId=order-service-producer-1] Node -1 disconnected.
2026-07-27T00:56:02.644+05:30  WARN 13892 --- [order-service] [vice-producer-1] org.apache.kafka.clients.NetworkClient   : [Producer clientId=order-service-producer-1] Connection to node -1 (localhost/127.0.0.1:9092) could not be established. Node may not be available.
2026-07-27T00:56:02.644+05:30  WARN 13892 --- [order-service] [vice-producer-1] org.apache.kafka.clients.NetworkClient   : [Producer clientId=order-service-producer-1] Bootstrap broker localhost:9092 (id: -1 rack: null) disconnected
2026-07-27T00:56:03.596+05:30  INFO 13892 --- [order-service] [vice-producer-1] org.apache.kafka.clients.NetworkClient   : [Producer clientId=order-service-producer-1] Node -1 disconnected.
2026-07-27T00:56:03.597+05:30  WARN 13892 --- [order-service] [vice-producer-1] org.apache.kafka.clients.NetworkClient   : [Producer clientId=order-service-producer-1] Connection to node -1 (localhost/127.0.0.1:9092) could not be established. Node may not be available.
2026-07-27T00:56:03.597+05:30  WARN 13892 --- [order-service] [vice-producer-1] org.apache.kafka.clients.NetworkClient   : [Producer clientId=order-service-producer-1] Bootstrap broker localhost:9092 (id: -1 rack: null) disconnected
2026-07-27T00:56:04.642+05:30  INFO 13892 --- [order-service] [vice-producer-1] org.apache.kafka.clients.NetworkClient   : [Producer clientId=order-service-producer-1] Node -1 disconnected.
2026-07-27T00:56:04.642+05:30  WARN 13892 --- [order-service] [vice-producer-1] org.apache.kafka.clients.NetworkClient   : [Producer clientId=order-service-producer-1] Connection to node -1 (localhost/127.0.0.1:9092) could not be established. Node may not be available.
2026-07-27T00:56:04.642+05:30  WARN 13892 --- [order-service] [vice-producer-1] org.apache.kafka.clients.NetworkClient   : [Producer clientId=order-service-producer-1] Bootstrap broker localhost:9092 (id: -1 rack: null) disconnected
2026-07-27T00:56:05.650+05:30  INFO 13892 --- [order-service] [vice-producer-1] org.apache.kafka.clients.NetworkClient   : [Producer clientId=order-service-producer-1] Node -1 disconnected.
2026-07-27T00:56:05.651+05:30  WARN 13892 --- [order-service] [vice-producer-1] org.apache.kafka.clients.NetworkClient   : [Producer clientId=order-service-producer-1] Connection to node -1 (localhost/127.0.0.1:9092) could not be established. Node may not be available.
2026-07-27T00:56:05.651+05:30  WARN 13892 --- [order-service] [vice-producer-1] org.apache.kafka.clients.NetworkClient   : [Producer clientId=order-service-producer-1] Bootstrap broker localhost:9092 (id: -1 rack: null) disconnected
2026-07-27T00:56:06.633+05:30  INFO 13892 --- [order-service] [vice-producer-1] org.apache.kafka.clients.NetworkClient   : [Producer clientId=order-service-producer-1] Node -1 disconnected.
2026-07-27T00:56:06.633+05:30  WARN 13892 --- [order-service] [vice-producer-1] org.apache.kafka.clients.NetworkClient   : [Producer clientId=order-service-producer-1] Connection to node -1 (localhost/127.0.0.1:9092) could not be established. Node may not be available.
2026-07-27T00:56:06.633+05:30  WARN 13892 --- [order-service] [vice-producer-1] org.apache.kafka.clients.NetworkClient   : [Producer clientId=order-service-producer-1] Bootstrap broker localhost:9092 (id: -1 rack: null) disconnected
2026-07-27T00:56:07.676+05:30  INFO 13892 --- [order-service] [vice-producer-1] org.apache.kafka.clients.NetworkClient   : [Producer clientId=order-service-producer-1] Node -1 disconnected.
2026-07-27T00:56:07.676+05:30  WARN 13892 --- [order-service] [vice-producer-1] org.apache.kafka.clients.NetworkClient   : [Producer clientId=order-service-producer-1] Connection to node -1 (localhost/127.0.0.1:9092) could not be established. Node may not be available.
2026-07-27T00:56:07.676+05:30  WARN 13892 --- [order-service] [vice-producer-1] org.apache.kafka.clients.NetworkClient   : [Producer clientId=order-service-producer-1] Bootstrap broker localhost:9092 (id: -1 rack: null) disconnected
2026-07-27T00:56:08.690+05:30  INFO 13892 --- [order-service] [vice-producer-1] org.apache.kafka.clients.NetworkClient   : [Producer clientId=order-service-producer-1] Node -1 disconnected.
2026-07-27T00:56:08.690+05:30  WARN 13892 --- [order-service] [vice-producer-1] org.apache.kafka.clients.NetworkClient   : [Producer clientId=order-service-producer-1] Connection to node -1 (localhost/127.0.0.1:9092) could not be established. Node may not be available.
2026-07-27T00:56:08.690+05:30  WARN 13892 --- [order-service] [vice-producer-1] org.apache.kafka.clients.NetworkClient   : [Producer clientId=order-service-producer-1] Bootstrap broker localhost:9092 (id: -1 rack: null) disconnected
2026-07-27T00:56:09.735+05:30  INFO 13892 --- [order-service] [vice-producer-1] org.apache.kafka.clients.NetworkClient   : [Producer clientId=order-service-producer-1] Node -1 disconnected.
2026-07-27T00:56:09.735+05:30  WARN 13892 --- [order-service] [vice-producer-1] org.apache.kafka.clients.NetworkClient   : [Producer clientId=order-service-producer-1] Connection to node -1 (localhost/127.0.0.1:9092) could not be established. Node may not be available.
2026-07-27T00:56:09.735+05:30  WARN 13892 --- [order-service] [vice-producer-1] org.apache.kafka.clients.NetworkClient   : [Producer clientId=order-service-producer-1] Bootstrap broker localhost:9092 (id: -1 rack: null) disconnected
2026-07-27T00:56:10.718+05:30  INFO 13892 --- [order-service] [vice-producer-1] org.apache.kafka.clients.NetworkClient   : [Producer clientId=order-service-producer-1] Node -1 disconnected.
2026-07-27T00:56:10.718+05:30  WARN 13892 --- [order-service] [vice-producer-1] org.apache.kafka.clients.NetworkClient   : [Producer clientId=order-service-producer-1] Connection to node -1 (localhost/127.0.0.1:9092) could not be established. Node may not be available.
2026-07-27T00:56:10.718+05:30  WARN 13892 --- [order-service] [vice-producer-1] org.apache.kafka.clients.NetworkClient   : [Producer clientId=order-service-producer-1] Bootstrap broker localhost:9092 (id: -1 rack: null) disconnected
2026-07-27T00:56:11.761+05:30  INFO 13892 --- [order-service] [vice-producer-1] org.apache.kafka.clients.NetworkClient   : [Producer clientId=order-service-producer-1] Node -1 disconnected.
2026-07-27T00:56:11.761+05:30  WARN 13892 --- [order-service] [vice-producer-1] org.apache.kafka.clients.NetworkClient   : [Producer clientId=order-service-producer-1] Connection to node -1 (localhost/127.0.0.1:9092) could not be established. Node may not be available.
2026-07-27T00:56:11.761+05:30  WARN 13892 --- [order-service] [vice-producer-1] org.apache.kafka.clients.NetworkClient   : [Producer clientId=order-service-producer-1] Bootstrap broker localhost:9092 (id: -1 rack: null) disconnected
2026-07-27T00:56:12.812+05:30  INFO 13892 --- [order-service] [vice-producer-1] org.apache.kafka.clients.NetworkClient   : [Producer clientId=order-service-producer-1] Node -1 disconnected.
2026-07-27T00:56:12.813+05:30  WARN 13892 --- [order-service] [vice-producer-1] org.apache.kafka.clients.NetworkClient   : [Producer clientId=order-service-producer-1] Connection to node -1 (localhost/127.0.0.1:9092) could not be established. Node may not be available.
2026-07-27T00:56:12.813+05:30  WARN 13892 --- [order-service] [vice-producer-1] org.apache.kafka.clients.NetworkClient   : [Producer clientId=order-service-producer-1] Bootstrap broker localhost:9092 (id: -1 rack: null) disconnected
2026-07-27T00:56:13.668+05:30  INFO 13892 --- [order-service] [vice-producer-1] org.apache.kafka.clients.NetworkClient   : [Producer clientId=order-service-producer-1] Node -1 disconnected.
2026-07-27T00:56:13.668+05:30  WARN 13892 --- [order-service] [vice-producer-1] org.apache.kafka.clients.NetworkClient   : [Producer clientId=order-service-producer-1] Connection to node -1 (localhost/127.0.0.1:9092) could not be established. Node may not be available.
2026-07-27T00:56:13.668+05:30  WARN 13892 --- [order-service] [vice-producer-1] org.apache.kafka.clients.NetworkClient   : [Producer clientId=order-service-producer-1] Bootstrap broker localhost:9092 (id: -1 rack: null) disconnected
2026-07-27T00:56:14.513+05:30  INFO 13892 --- [order-service] [vice-producer-1] org.apache.kafka.clients.NetworkClient   : [Producer clientId=order-service-producer-1] Node -1 disconnected.
2026-07-27T00:56:14.513+05:30  WARN 13892 --- [order-service] [vice-producer-1] org.apache.kafka.clients.NetworkClient   : [Producer clientId=order-service-producer-1] Connection to node -1 (localhost/127.0.0.1:9092) could not be established. Node may not be available.
2026-07-27T00:56:14.515+05:30  WARN 13892 --- [order-service] [vice-producer-1] org.apache.kafka.clients.NetworkClient   : [Producer clientId=order-service-producer-1] Bootstrap broker localhost:9092 (id: -1 rack: null) disconnected
2026-07-27T00:56:15.492+05:30  INFO 13892 --- [order-service] [vice-producer-1] org.apache.kafka.clients.NetworkClient   : [Producer clientId=order-service-producer-1] Node -1 disconnected.
2026-07-27T00:56:15.492+05:30  WARN 13892 --- [order-service] [vice-producer-1] org.apache.kafka.clients.NetworkClient   : [Producer clientId=order-service-producer-1] Connection to node -1 (localhost/127.0.0.1:9092) could not be established. Node may not be available.
2026-07-27T00:56:15.493+05:30  WARN 13892 --- [order-service] [vice-producer-1] org.apache.kafka.clients.NetworkClient   : [Producer clientId=order-service-producer-1] Bootstrap broker localhost:9092 (id: -1 rack: null) disconnected
2026-07-27T00:56:16.507+05:30  INFO 13892 --- [order-service] [vice-producer-1] org.apache.kafka.clients.NetworkClient   : [Producer clientId=order-service-producer-1] Node -1 disconnected.
2026-07-27T00:56:16.507+05:30  WARN 13892 --- [order-service] [vice-producer-1] org.apache.kafka.clients.NetworkClient   : [Producer clientId=order-service-producer-1] Connection to node -1 (localhost/127.0.0.1:9092) could not be established. Node may not be available.
2026-07-27T00:56:16.507+05:30  WARN 13892 --- [order-service] [vice-producer-1] org.apache.kafka.clients.NetworkClient   : [Producer clientId=order-service-producer-1] Bootstrap broker localhost:9092 (id: -1 rack: null) disconnected
2026-07-27T00:56:17.524+05:30  INFO 13892 --- [order-service] [vice-producer-1] org.apache.kafka.clients.NetworkClient   : [Producer clientId=order-service-producer-1] Node -1 disconnected.
2026-07-27T00:56:17.525+05:30  WARN 13892 --- [order-service] [vice-producer-1] org.apache.kafka.clients.NetworkClient   : [Producer clientId=order-service-producer-1] Connection to node -1 (localhost/127.0.0.1:9092) could not be established. Node may not be available.
2026-07-27T00:56:17.525+05:30  WARN 13892 --- [order-service] [vice-producer-1] org.apache.kafka.clients.NetworkClient   : [Producer clientId=order-service-producer-1] Bootstrap broker localhost:9092 (id: -1 rack: null) disconnected
2026-07-27T00:56:18.443+05:30  INFO 13892 --- [order-service] [vice-producer-1] org.apache.kafka.clients.NetworkClient   : [Producer clientId=order-service-producer-1] Node -1 disconnected.
2026-07-27T00:56:18.443+05:30  WARN 13892 --- [order-service] [vice-producer-1] org.apache.kafka.clients.NetworkClient   : [Producer clientId=order-service-producer-1] Connection to node -1 (localhost/127.0.0.1:9092) could not be established. Node may not be available.
2026-07-27T00:56:18.443+05:30  WARN 13892 --- [order-service] [vice-producer-1] org.apache.kafka.clients.NetworkClient   : [Producer clientId=order-service-producer-1] Bootstrap broker localhost:9092 (id: -1 rack: null) disconnected
2026-07-27T00:56:19.454+05:30  INFO 13892 --- [order-service] [vice-producer-1] org.apache.kafka.clients.NetworkClient   : [Producer clientId=order-service-producer-1] Node -1 disconnected.
2026-07-27T00:56:19.454+05:30  WARN 13892 --- [order-service] [vice-producer-1] org.apache.kafka.clients.NetworkClient   : [Producer clientId=order-service-producer-1] Connection to node -1 (localhost/127.0.0.1:9092) could not be established. Node may not be available.
2026-07-27T00:56:19.454+05:30  WARN 13892 --- [order-service] [vice-producer-1] org.apache.kafka.clients.NetworkClient   : [Producer clientId=order-service-producer-1] Bootstrap broker localhost:9092 (id: -1 rack: null) disconnected
2026-07-27T00:56:20.466+05:30  INFO 13892 --- [order-service] [vice-producer-1] org.apache.kafka.clients.NetworkClient   : [Producer clientId=order-service-producer-1] Node -1 disconnected.
2026-07-27T00:56:20.466+05:30  WARN 13892 --- [order-service] [vice-producer-1] org.apache.kafka.clients.NetworkClient   : [Producer clientId=order-service-producer-1] Connection to node -1 (localhost/127.0.0.1:9092) could not be established. Node may not be available.
2026-07-27T00:56:20.466+05:30  WARN 13892 --- [order-service] [vice-producer-1] org.apache.kafka.clients.NetworkClient   : [Producer clientId=order-service-producer-1] Bootstrap broker localhost:9092 (id: -1 rack: null) disconnected
2026-07-27T00:56:21.477+05:30  INFO 13892 --- [order-service] [vice-producer-1] org.apache.kafka.clients.NetworkClient   : [Producer clientId=order-service-producer-1] Node -1 disconnected.
2026-07-27T00:56:21.477+05:30  WARN 13892 --- [order-service] [vice-producer-1] org.apache.kafka.clients.NetworkClient   : [Producer clientId=order-service-producer-1] Connection to node -1 (localhost/127.0.0.1:9092) could not be established. Node may not be available.
2026-07-27T00:56:21.477+05:30  WARN 13892 --- [order-service] [vice-producer-1] org.apache.kafka.clients.NetworkClient   : [Producer clientId=order-service-producer-1] Bootstrap broker localhost:9092 (id: -1 rack: null) disconnected
2026-07-27T00:56:22.522+05:30  INFO 13892 --- [order-service] [vice-producer-1] org.apache.kafka.clients.NetworkClient   : [Producer clientId=order-service-producer-1] Node -1 disconnected.
2026-07-27T00:56:22.522+05:30  WARN 13892 --- [order-service] [vice-producer-1] org.apache.kafka.clients.NetworkClient   : [Producer clientId=order-service-producer-1] Connection to node -1 (localhost/127.0.0.1:9092) could not be established. Node may not be available.
2026-07-27T00:56:22.522+05:30  WARN 13892 --- [order-service] [vice-producer-1] org.apache.kafka.clients.NetworkClient   : [Producer clientId=order-service-producer-1] Bootstrap broker localhost:9092 (id: -1 rack: null) disconnected
2026-07-27T00:56:23.532+05:30  INFO 13892 --- [order-service] [vice-producer-1] org.apache.kafka.clients.NetworkClient   : [Producer clientId=order-service-producer-1] Node -1 disconnected.
2026-07-27T00:56:23.532+05:30  WARN 13892 --- [order-service] [vice-producer-1] org.apache.kafka.clients.NetworkClient   : [Producer clientId=order-service-producer-1] Connection to node -1 (localhost/127.0.0.1:9092) could not be established. Node may not be available.
2026-07-27T00:56:23.532+05:30  WARN 13892 --- [order-service] [vice-producer-1] org.apache.kafka.clients.NetworkClient   : [Producer clientId=order-service-producer-1] Bootstrap broker localhost:9092 (id: -1 rack: null) disconnected
2026-07-27T00:56:24.536+05:30  INFO 13892 --- [order-service] [vice-producer-1] org.apache.kafka.clients.NetworkClient   : [Producer clientId=order-service-producer-1] Node -1 disconnected.
2026-07-27T00:56:24.537+05:30  WARN 13892 --- [order-service] [vice-producer-1] org.apache.kafka.clients.NetworkClient   : [Producer clientId=order-service-producer-1] Connection to node -1 (localhost/127.0.0.1:9092) could not be established. Node may not be available.
2026-07-27T00:56:24.537+05:30  WARN 13892 --- [order-service] [vice-producer-1] org.apache.kafka.clients.NetworkClient   : [Producer clientId=order-service-producer-1] Bootstrap broker localhost:9092 (id: -1 rack: null) disconnected
2026-07-27T00:56:25.456+05:30  INFO 13892 --- [order-service] [vice-producer-1] org.apache.kafka.clients.NetworkClient   : [Producer clientId=order-service-producer-1] Node -1 disconnected.
2026-07-27T00:56:25.456+05:30  WARN 13892 --- [order-service] [vice-producer-1] org.apache.kafka.clients.NetworkClient   : [Producer clientId=order-service-producer-1] Connection to node -1 (localhost/127.0.0.1:9092) could not be established. Node may not be available.
2026-07-27T00:56:25.456+05:30  WARN 13892 --- [order-service] [vice-producer-1] org.apache.kafka.clients.NetworkClient   : [Producer clientId=order-service-producer-1] Bootstrap broker localhost:9092 (id: -1 rack: null) disconnected
2026-07-27T00:56:26.370+05:30  INFO 13892 --- [order-service] [vice-producer-1] org.apache.kafka.clients.NetworkClient   : [Producer clientId=order-service-producer-1] Node -1 disconnected.
2026-07-27T00:56:26.370+05:30  WARN 13892 --- [order-service] [vice-producer-1] org.apache.kafka.clients.NetworkClient   : [Producer clientId=order-service-producer-1] Connection to node -1 (localhost/127.0.0.1:9092) could not be established. Node may not be available.
2026-07-27T00:56:26.370+05:30  WARN 13892 --- [order-service] [vice-producer-1] org.apache.kafka.clients.NetworkClient   : [Producer clientId=order-service-producer-1] Bootstrap broker localhost:9092 (id: -1 rack: null) disconnected
2026-07-27T00:56:27.231+05:30  INFO 13892 --- [order-service] [vice-producer-1] org.apache.kafka.clients.NetworkClient   : [Producer clientId=order-service-producer-1] Node -1 disconnected.
2026-07-27T00:56:27.232+05:30  WARN 13892 --- [order-service] [vice-producer-1] org.apache.kafka.clients.NetworkClient   : [Producer clientId=order-service-producer-1] Connection to node -1 (localhost/127.0.0.1:9092) could not be established. Node may not be available.
2026-07-27T00:56:27.232+05:30  WARN 13892 --- [order-service] [vice-producer-1] org.apache.kafka.clients.NetworkClient   : [Producer clientId=order-service-producer-1] Bootstrap broker localhost:9092 (id: -1 rack: null) disconnected
2026-07-27T00:56:28.275+05:30  INFO 13892 --- [order-service] [vice-producer-1] org.apache.kafka.clients.NetworkClient   : [Producer clientId=order-service-producer-1] Node -1 disconnected.
2026-07-27T00:56:28.275+05:30  WARN 13892 --- [order-service] [vice-producer-1] org.apache.kafka.clients.NetworkClient   : [Producer clientId=order-service-producer-1] Connection to node -1 (localhost/127.0.0.1:9092) could not be established. Node may not be available.
2026-07-27T00:56:28.275+05:30  WARN 13892 --- [order-service] [vice-producer-1] org.apache.kafka.clients.NetworkClient   : [Producer clientId=order-service-producer-1] Bootstrap broker localhost:9092 (id: -1 rack: null) disconnected
2026-07-27T00:56:29.196+05:30  INFO 13892 --- [order-service] [vice-producer-1] org.apache.kafka.clients.NetworkClient   : [Producer clientId=order-service-producer-1] Node -1 disconnected.
2026-07-27T00:56:29.196+05:30  WARN 13892 --- [order-service] [vice-producer-1] org.apache.kafka.clients.NetworkClient   : [Producer clientId=order-service-producer-1] Connection to node -1 (localhost/127.0.0.1:9092) could not be established. Node may not be available.
2026-07-27T00:56:29.196+05:30  WARN 13892 --- [order-service] [vice-producer-1] org.apache.kafka.clients.NetworkClient   : [Producer clientId=order-service-producer-1] Bootstrap broker localhost:9092 (id: -1 rack: null) disconnected
2026-07-27T00:56:30.051+05:30  INFO 13892 --- [order-service] [vice-producer-1] org.apache.kafka.clients.NetworkClient   : [Producer clientId=order-service-producer-1] Node -1 disconnected.
2026-07-27T00:56:30.051+05:30  WARN 13892 --- [order-service] [vice-producer-1] org.apache.kafka.clients.NetworkClient   : [Producer clientId=order-service-producer-1] Connection to node -1 (localhost/127.0.0.1:9092) could not be established. Node may not be available.
2026-07-27T00:56:30.051+05:30  WARN 13892 --- [order-service] [vice-producer-1] org.apache.kafka.clients.NetworkClient   : [Producer clientId=order-service-producer-1] Bootstrap broker localhost:9092 (id: -1 rack: null) disconnected
2026-07-27T00:56:31.063+05:30  INFO 13892 --- [order-service] [vice-producer-1] org.apache.kafka.clients.NetworkClient   : [Producer clientId=order-service-producer-1] Node -1 disconnected.
2026-07-27T00:56:31.063+05:30  WARN 13892 --- [order-service] [vice-producer-1] org.apache.kafka.clients.NetworkClient   : [Producer clientId=order-service-producer-1] Connection to node -1 (localhost/127.0.0.1:9092) could not be established. Node may not be available.
2026-07-27T00:56:31.063+05:30  WARN 13892 --- [order-service] [vice-producer-1] org.apache.kafka.clients.NetworkClient   : [Producer clientId=order-service-producer-1] Bootstrap broker localhost:9092 (id: -1 rack: null) disconnected
2026-07-27T00:56:31.949+05:30  INFO 13892 --- [order-service] [vice-producer-1] org.apache.kafka.clients.NetworkClient   : [Producer clientId=order-service-producer-1] Node -1 disconnected.
2026-07-27T00:56:31.949+05:30  WARN 13892 --- [order-service] [vice-producer-1] org.apache.kafka.clients.NetworkClient   : [Producer clientId=order-service-producer-1] Connection to node -1 (localhost/127.0.0.1:9092) could not be established. Node may not be available.
2026-07-27T00:56:31.949+05:30  WARN 13892 --- [order-service] [vice-producer-1] org.apache.kafka.clients.NetworkClient   : [Producer clientId=order-service-producer-1] Bootstrap broker localhost:9092 (id: -1 rack: null) disconnected
2026-07-27T00:56:33.004+05:30  INFO 13892 --- [order-service] [vice-producer-1] org.apache.kafka.clients.NetworkClient   : [Producer clientId=order-service-producer-1] Node -1 disconnected.
2026-07-27T00:56:33.005+05:30  WARN 13892 --- [order-service] [vice-producer-1] org.apache.kafka.clients.NetworkClient   : [Producer clientId=order-service-producer-1] Connection to node -1 (localhost/127.0.0.1:9092) could not be established. Node may not be available.
2026-07-27T00:56:33.005+05:30  WARN 13892 --- [order-service] [vice-producer-1] org.apache.kafka.clients.NetworkClient   : [Producer clientId=order-service-producer-1] Bootstrap broker localhost:9092 (id: -1 rack: null) disconnected
2026-07-27T00:56:34.020+05:30  INFO 13892 --- [order-service] [vice-producer-1] org.apache.kafka.clients.NetworkClient   : [Producer clientId=order-service-producer-1] Node -1 disconnected.
2026-07-27T00:56:34.020+05:30  WARN 13892 --- [order-service] [vice-producer-1] org.apache.kafka.clients.NetworkClient   : [Producer clientId=order-service-producer-1] Connection to node -1 (localhost/127.0.0.1:9092) could not be established. Node may not be available.
2026-07-27T00:56:34.020+05:30  WARN 13892 --- [order-service] [vice-producer-1] org.apache.kafka.clients.NetworkClient   : [Producer clientId=order-service-producer-1] Bootstrap broker localhost:9092 (id: -1 rack: null) disconnected
2026-07-27T00:56:35.080+05:30  INFO 13892 --- [order-service] [vice-producer-1] org.apache.kafka.clients.NetworkClient   : [Producer clientId=order-service-producer-1] Node -1 disconnected.
2026-07-27T00:56:35.080+05:30  WARN 13892 --- [order-service] [vice-producer-1] org.apache.kafka.clients.NetworkClient   : [Producer clientId=order-service-producer-1] Connection to node -1 (localhost/127.0.0.1:9092) could not be established. Node may not be available.
2026-07-27T00:56:35.080+05:30  WARN 13892 --- [order-service] [vice-producer-1] org.apache.kafka.clients.NetworkClient   : [Producer clientId=order-service-producer-1] Bootstrap broker localhost:9092 (id: -1 rack: null) disconnected
