WARNING: A restricted method in java.lang.System has been called
WARNING: java.lang.System::load has been called by org.fusesource.jansi.internal.JansiLoader in an unnamed module (file:/C:/Users/ADMIN/.m2/wrapper/dists/apache-maven-3.9.9/8e74001100ff70d6af083c5511fcc5ec49282d7017cde82c3698eee8fdf86698/lib/jansi-2.4.1.jar)
WARNING: Use --enable-native-access=ALL-UNNAMED to avoid a warning for callers in this module
WARNING: Restricted methods will be blocked in a future release unless native access is enabled

WARNING: A terminally deprecated method in sun.misc.Unsafe has been called
WARNING: sun.misc.Unsafe::objectFieldOffset has been called by com.google.common.util.concurrent.AbstractFuture$UnsafeAtomicHelper (file:/C:/Users/ADMIN/.m2/wrapper/dists/apache-maven-3.9.9/8e74001100ff70d6af083c5511fcc5ec49282d7017cde82c3698eee8fdf86698/lib/guava-33.2.1-jre.jar)
WARNING: Please consider reporting this to the maintainers of class com.google.common.util.concurrent.AbstractFuture$UnsafeAtomicHelper
WARNING: sun.misc.Unsafe::objectFieldOffset will be removed in a future release
[INFO] Scanning for projects...
[INFO] 
[INFO] --------------------< com.shubham:payment-service >---------------------
[INFO] Building payment-service 1.0.0
[INFO]   from pom.xml
[INFO] --------------------------------[ jar ]---------------------------------
[INFO] 
[INFO] >>> spring-boot:3.3.3:run (default-cli) > test-compile @ payment-service >>>
[INFO] 
[INFO] --- resources:3.3.1:resources (default-resources) @ payment-service ---
[INFO] Copying 1 resource from src\main\resources to target\classes
[INFO] Copying 0 resource from src\main\resources to target\classes
[INFO] 
[INFO] --- compiler:3.13.0:compile (default-compile) @ payment-service ---
[INFO] Nothing to compile - all classes are up to date.
[INFO] 
[INFO] --- resources:3.3.1:testResources (default-testResources) @ payment-service ---
[INFO] skip non existing resourceDirectory D:\OrderPulse\payment-service\src\test\resources
[INFO] 
[INFO] --- compiler:3.13.0:testCompile (default-testCompile) @ payment-service ---
[INFO] No sources to compile
[INFO] 
[INFO] <<< spring-boot:3.3.3:run (default-cli) < test-compile @ payment-service <<<
[INFO] 
[INFO] 
[INFO] --- spring-boot:3.3.3:run (default-cli) @ payment-service ---
[INFO] Attaching agents: []

  .   ____          _            __ _ _
 /\\ / ___'_ __ _ _(_)_ __  __ _ \ \ \ \
( ( )\___ | '_ | '_| | '_ \/ _` | \ \ \ \
 \\/  ___)| |_)| | | | | || (_| |  ) ) ) )
  '  |____| .__|_| |_|_| |_\__, | / / / /
 =========|_|==============|___/=/_/_/_/

 :: Spring Boot ::                (v3.3.3)

2026-07-27T00:51:10.331+05:30  INFO 12856 --- [payment-service] [           main] c.s.p.PaymentServiceApplication          : Starting PaymentServiceApplication using Java 25.0.3 with PID 12856 (D:\OrderPulse\payment-service\target\classes started by ADMIN in D:\OrderPulse\payment-service)
2026-07-27T00:51:10.340+05:30  INFO 12856 --- [payment-service] [           main] c.s.p.PaymentServiceApplication          : No active profile set, falling back to 1 default profile: "default"
2026-07-27T00:51:13.541+05:30  INFO 12856 --- [payment-service] [           main] .s.d.r.c.RepositoryConfigurationDelegate : Bootstrapping Spring Data JPA repositories in DEFAULT mode.
2026-07-27T00:51:13.979+05:30  INFO 12856 --- [payment-service] [           main] .s.d.r.c.RepositoryConfigurationDelegate : Finished Spring Data repository scanning in 418 ms. Found 1 JPA repository interface.
2026-07-27T00:51:14.640+05:30  INFO 12856 --- [payment-service] [           main] o.s.cloud.context.scope.GenericScope     : BeanFactory id=38c20649-f176-32f3-8894-d97822ac8195
2026-07-27T00:51:15.583+05:30  WARN 12856 --- [payment-service] [           main] trationDelegate$BeanPostProcessorChecker : Bean 'org.springframework.cloud.client.loadbalancer.LoadBalancerAutoConfiguration$DeferringLoadBalancerInterceptorConfig' of type [org.springframework.cloud.client.loadbalancer.LoadBalancerAutoConfiguration$DeferringLoadBalancerInterceptorConfig] is not eligible for getting processed by all BeanPostProcessors (for example: not eligible for auto-proxying). The currently created BeanPostProcessor [lbRestClientPostProcessor] is declared through a non-static factory method on that class; consider declaring it as static instead.
2026-07-27T00:51:15.589+05:30  WARN 12856 --- [payment-service] [           main] trationDelegate$BeanPostProcessorChecker : Bean 'deferringLoadBalancerInterceptor' of type [org.springframework.cloud.client.loadbalancer.DeferringLoadBalancerInterceptor] is not eligible for getting processed by all BeanPostProcessors (for example: not eligible for auto-proxying). Is this bean getting eagerly injected into a currently created BeanPostProcessor [lbRestClientPostProcessor]? Check the corresponding BeanPostProcessor declaration and its dependencies.
WARNING: A restricted method in java.lang.System has been called
WARNING: java.lang.System::load has been called by org.apache.tomcat.jni.Library in an unnamed module (file:/C:/Users/ADMIN/.m2/repository/org/apache/tomcat/embed/tomcat-embed-core/10.1.28/tomcat-embed-core-10.1.28.jar)
WARNING: Use --enable-native-access=ALL-UNNAMED to avoid a warning for callers in this module
WARNING: Restricted methods will be blocked in a future release unless native access is enabled

2026-07-27T00:51:16.334+05:30  INFO 12856 --- [payment-service] [           main] o.s.b.w.embedded.tomcat.TomcatWebServer  : Tomcat initialized with port 8084 (http)
2026-07-27T00:51:16.362+05:30  INFO 12856 --- [payment-service] [           main] o.apache.catalina.core.StandardService   : Starting service [Tomcat]
2026-07-27T00:51:16.363+05:30  INFO 12856 --- [payment-service] [           main] o.apache.catalina.core.StandardEngine    : Starting Servlet engine: [Apache Tomcat/10.1.28]
2026-07-27T00:51:16.607+05:30  INFO 12856 --- [payment-service] [           main] o.a.c.c.C.[Tomcat].[localhost].[/]       : Initializing Spring embedded WebApplicationContext
2026-07-27T00:51:16.608+05:30  INFO 12856 --- [payment-service] [           main] w.s.c.ServletWebServerApplicationContext : Root WebApplicationContext: initialization completed in 6077 ms
2026-07-27T00:51:17.017+05:30  INFO 12856 --- [payment-service] [           main] com.zaxxer.hikari.HikariDataSource       : HikariPool-1 - Starting...
2026-07-27T00:51:17.487+05:30  INFO 12856 --- [payment-service] [           main] com.zaxxer.hikari.pool.HikariPool        : HikariPool-1 - Added connection conn0: url=jdbc:h2:mem:payments_db user=SA
2026-07-27T00:51:17.498+05:30  INFO 12856 --- [payment-service] [           main] com.zaxxer.hikari.HikariDataSource       : HikariPool-1 - Start completed.
2026-07-27T00:51:17.531+05:30  INFO 12856 --- [payment-service] [           main] o.s.b.a.h2.H2ConsoleAutoConfiguration    : H2 console available at '/h2-console'. Database available at 'jdbc:h2:mem:payments_db'
2026-07-27T00:51:17.962+05:30  INFO 12856 --- [payment-service] [           main] o.hibernate.jpa.internal.util.LogHelper  : HHH000204: Processing PersistenceUnitInfo [name: default]
2026-07-27T00:51:18.094+05:30  INFO 12856 --- [payment-service] [           main] org.hibernate.Version                    : HHH000412: Hibernate ORM core version 6.5.2.Final
2026-07-27T00:51:18.195+05:30  INFO 12856 --- [payment-service] [           main] o.h.c.internal.RegionFactoryInitiator    : HHH000026: Second-level cache disabled
2026-07-27T00:51:18.874+05:30  INFO 12856 --- [payment-service] [           main] o.s.o.j.p.SpringPersistenceUnitInfo      : No LoadTimeWeaver setup: ignoring JPA class transformer
2026-07-27T00:51:20.878+05:30  INFO 12856 --- [payment-service] [           main] o.h.e.t.j.p.i.JtaPlatformInitiator       : HHH000489: No JTA platform available (set 'hibernate.transaction.jta.platform' to enable JTA platform integration)
Hibernate: create table payments (id bigint generated by default as identity, amount numeric(38,2), created_at timestamp(6), order_id bigint, status varchar(255), primary key (id))
2026-07-27T00:51:21.012+05:30  INFO 12856 --- [payment-service] [           main] j.LocalContainerEntityManagerFactoryBean : Initialized JPA EntityManagerFactory for persistence unit 'default'
2026-07-27T00:51:21.865+05:30  WARN 12856 --- [payment-service] [           main] JpaBaseConfiguration$JpaWebConfiguration : spring.jpa.open-in-view is enabled by default. Therefore, database queries may be performed during view rendering. Explicitly configure spring.jpa.open-in-view to disable this warning
2026-07-27T00:51:23.282+05:30  INFO 12856 --- [payment-service] [           main] DiscoveryClientOptionalArgsConfiguration : Eureka HTTP Client uses RestTemplate.
2026-07-27T00:51:23.416+05:30  WARN 12856 --- [payment-service] [           main] iguration$LoadBalancerCaffeineWarnLogger : Spring Cloud LoadBalancer is currently working with the default cache. While this cache implementation is useful for development and tests, it's recommended to use Caffeine cache in production.You can switch to using Caffeine cache, by adding it and org.springframework.cache.caffeine.CaffeineCacheManager to the classpath.
2026-07-27T00:51:23.436+05:30  INFO 12856 --- [payment-service] [           main] o.s.b.a.e.web.EndpointLinksResolver      : Exposing 3 endpoints beneath base path '/actuator'
2026-07-27T00:51:23.599+05:30  INFO 12856 --- [payment-service] [           main] o.s.b.w.embedded.tomcat.TomcatWebServer  : Tomcat started on port 8084 (http) with context path '/'
2026-07-27T00:51:23.627+05:30  INFO 12856 --- [payment-service] [           main] c.s.p.PaymentServiceApplication          : Started PaymentServiceApplication in 14.547 seconds (process running for 16.168)
2026-07-27T00:51:51.179+05:30  INFO 12856 --- [payment-service] [nio-8084-exec-2] o.a.c.c.C.[Tomcat].[localhost].[/]       : Initializing Spring DispatcherServlet 'dispatcherServlet'
2026-07-27T00:51:51.179+05:30  INFO 12856 --- [payment-service] [nio-8084-exec-2] o.s.web.servlet.DispatcherServlet        : Initializing Servlet 'dispatcherServlet'
2026-07-27T00:51:51.182+05:30  INFO 12856 --- [payment-service] [nio-8084-exec-2] o.s.web.servlet.DispatcherServlet        : Completed initialization in 3 ms
Hibernate: insert into payments (amount,created_at,order_id,status,id) values (?,?,?,?,default)
2026-07-27T00:51:51.531+05:30  INFO 12856 --- [payment-service] [nio-8084-exec-2] o.a.k.clients.producer.ProducerConfig    : ProducerConfig values: 
	acks = -1
	auto.include.jmx.reporter = true
	batch.size = 16384
	bootstrap.servers = [localhost:9092]
	buffer.memory = 33554432
	client.dns.lookup = use_all_dns_ips
	client.id = payment-service-producer-1
	compression.type = none
	connections.max.idle.ms = 540000
	delivery.timeout.ms = 120000
	enable.idempotence = true
	enable.metrics.push = true
	interceptor.classes = []
	key.serializer = class org.apache.kafka.common.serialization.StringSerializer
	linger.ms = 0
	max.block.ms = 2000
	max.in.flight.requests.per.connection = 5
	max.request.size = 1048576
	metadata.max.age.ms = 300000
	metadata.max.idle.ms = 300000
	metric.reporters = []
	metrics.num.samples = 2
	metrics.recording.level = INFO
	metrics.sample.window.ms = 30000
	partitioner.adaptive.partitioning.enable = true
	partitioner.availability.timeout.ms = 0
	partitioner.class = null
	partitioner.ignore.keys = false
	receive.buffer.bytes = 32768
	reconnect.backoff.max.ms = 1000
	reconnect.backoff.ms = 50
	request.timeout.ms = 2000
	retries = 2147483647
	retry.backoff.max.ms = 1000
	retry.backoff.ms = 100
	sasl.client.callback.handler.class = null
	sasl.jaas.config = null
	sasl.kerberos.kinit.cmd = /usr/bin/kinit
	sasl.kerberos.min.time.before.relogin = 60000
	sasl.kerberos.service.name = null
	sasl.kerberos.ticket.renew.jitter = 0.05
	sasl.kerberos.ticket.renew.window.factor = 0.8
	sasl.login.callback.handler.class = null
	sasl.login.class = null
	sasl.login.connect.timeout.ms = null
	sasl.login.read.timeout.ms = null
	sasl.login.refresh.buffer.seconds = 300
	sasl.login.refresh.min.period.seconds = 60
	sasl.login.refresh.window.factor = 0.8
	sasl.login.refresh.window.jitter = 0.05
	sasl.login.retry.backoff.max.ms = 10000
	sasl.login.retry.backoff.ms = 100
	sasl.mechanism = GSSAPI
	sasl.oauthbearer.clock.skew.seconds = 30
	sasl.oauthbearer.expected.audience = null
	sasl.oauthbearer.expected.issuer = null
	sasl.oauthbearer.jwks.endpoint.refresh.ms = 3600000
	sasl.oauthbearer.jwks.endpoint.retry.backoff.max.ms = 10000
	sasl.oauthbearer.jwks.endpoint.retry.backoff.ms = 100
	sasl.oauthbearer.jwks.endpoint.url = null
	sasl.oauthbearer.scope.claim.name = scope
	sasl.oauthbearer.sub.claim.name = sub
	sasl.oauthbearer.token.endpoint.url = null
	security.protocol = PLAINTEXT
	security.providers = null
	send.buffer.bytes = 131072
	socket.connection.setup.timeout.max.ms = 30000
	socket.connection.setup.timeout.ms = 10000
	ssl.cipher.suites = null
	ssl.enabled.protocols = [TLSv1.2, TLSv1.3]
	ssl.endpoint.identification.algorithm = https
	ssl.engine.factory.class = null
	ssl.key.password = null
	ssl.keymanager.algorithm = SunX509
	ssl.keystore.certificate.chain = null
	ssl.keystore.key = null
	ssl.keystore.location = null
	ssl.keystore.password = null
	ssl.keystore.type = JKS
	ssl.protocol = TLSv1.3
	ssl.provider = null
	ssl.secure.random.implementation = null
	ssl.trustmanager.algorithm = PKIX
	ssl.truststore.certificates = null
	ssl.truststore.location = null
	ssl.truststore.password = null
	ssl.truststore.type = JKS
	transaction.timeout.ms = 60000
	transactional.id = null
	value.serializer = class org.springframework.kafka.support.serializer.JsonSerializer

2026-07-27T00:51:51.629+05:30  INFO 12856 --- [payment-service] [nio-8084-exec-2] o.a.k.c.t.i.KafkaMetricsCollector        : initializing Kafka metrics collector
2026-07-27T00:51:51.667+05:30  INFO 12856 --- [payment-service] [nio-8084-exec-2] o.a.k.clients.producer.KafkaProducer     : [Producer clientId=payment-service-producer-1] Instantiated an idempotent producer.
2026-07-27T00:51:51.754+05:30  INFO 12856 --- [payment-service] [nio-8084-exec-2] o.a.kafka.common.utils.AppInfoParser     : Kafka version: 3.7.1
2026-07-27T00:51:51.755+05:30  INFO 12856 --- [payment-service] [nio-8084-exec-2] o.a.kafka.common.utils.AppInfoParser     : Kafka commitId: e2494e6ffb89f828
2026-07-27T00:51:51.755+05:30  INFO 12856 --- [payment-service] [nio-8084-exec-2] o.a.kafka.common.utils.AppInfoParser     : Kafka startTimeMs: 1785093711751
2026-07-27T00:51:52.108+05:30  INFO 12856 --- [payment-service] [vice-producer-1] org.apache.kafka.clients.NetworkClient   : [Producer clientId=payment-service-producer-1] Node -1 disconnected.
2026-07-27T00:51:52.111+05:30  WARN 12856 --- [payment-service] [vice-producer-1] org.apache.kafka.clients.NetworkClient   : [Producer clientId=payment-service-producer-1] Connection to node -1 (localhost/127.0.0.1:9092) could not be established. Node may not be available.
2026-07-27T00:51:52.111+05:30  WARN 12856 --- [payment-service] [vice-producer-1] org.apache.kafka.clients.NetworkClient   : [Producer clientId=payment-service-producer-1] Bootstrap broker localhost:9092 (id: -1 rack: null) disconnected
2026-07-27T00:51:52.216+05:30  INFO 12856 --- [payment-service] [vice-producer-1] org.apache.kafka.clients.NetworkClient   : [Producer clientId=payment-service-producer-1] Node -1 disconnected.
2026-07-27T00:51:52.217+05:30  WARN 12856 --- [payment-service] [vice-producer-1] org.apache.kafka.clients.NetworkClient   : [Producer clientId=payment-service-producer-1] Connection to node -1 (localhost/127.0.0.1:9092) could not be established. Node may not be available.
2026-07-27T00:51:52.217+05:30  WARN 12856 --- [payment-service] [vice-producer-1] org.apache.kafka.clients.NetworkClient   : [Producer clientId=payment-service-producer-1] Bootstrap broker localhost:9092 (id: -1 rack: null) disconnected
2026-07-27T00:51:52.320+05:30  INFO 12856 --- [payment-service] [vice-producer-1] org.apache.kafka.clients.NetworkClient   : [Producer clientId=payment-service-producer-1] Node -1 disconnected.
2026-07-27T00:51:52.320+05:30  WARN 12856 --- [payment-service] [vice-producer-1] org.apache.kafka.clients.NetworkClient   : [Producer clientId=payment-service-producer-1] Connection to node -1 (localhost/127.0.0.1:9092) could not be established. Node may not be available.
2026-07-27T00:51:52.321+05:30  WARN 12856 --- [payment-service] [vice-producer-1] org.apache.kafka.clients.NetworkClient   : [Producer clientId=payment-service-producer-1] Bootstrap broker localhost:9092 (id: -1 rack: null) disconnected
Hibernate: insert into payments (amount,created_at,order_id,status,id) values (?,?,?,?,default)
2026-07-27T00:51:52.525+05:30  INFO 12856 --- [payment-service] [vice-producer-1] org.apache.kafka.clients.NetworkClient   : [Producer clientId=payment-service-producer-1] Node -1 disconnected.
2026-07-27T00:51:52.526+05:30  WARN 12856 --- [payment-service] [vice-producer-1] org.apache.kafka.clients.NetworkClient   : [Producer clientId=payment-service-producer-1] Connection to node -1 (localhost/127.0.0.1:9092) could not be established. Node may not be available.
2026-07-27T00:51:52.526+05:30  WARN 12856 --- [payment-service] [vice-producer-1] org.apache.kafka.clients.NetworkClient   : [Producer clientId=payment-service-producer-1] Bootstrap broker localhost:9092 (id: -1 rack: null) disconnected
2026-07-27T00:51:53.006+05:30  INFO 12856 --- [payment-service] [vice-producer-1] org.apache.kafka.clients.NetworkClient   : [Producer clientId=payment-service-producer-1] Node -1 disconnected.
2026-07-27T00:51:53.007+05:30  WARN 12856 --- [payment-service] [vice-producer-1] org.apache.kafka.clients.NetworkClient   : [Producer clientId=payment-service-producer-1] Connection to node -1 (localhost/127.0.0.1:9092) could not be established. Node may not be available.
2026-07-27T00:51:53.008+05:30  WARN 12856 --- [payment-service] [vice-producer-1] org.apache.kafka.clients.NetworkClient   : [Producer clientId=payment-service-producer-1] Bootstrap broker localhost:9092 (id: -1 rack: null) disconnected
Hibernate: insert into payments (amount,created_at,order_id,status,id) values (?,?,?,?,default)
2026-07-27T00:51:53.793+05:30 ERROR 12856 --- [payment-service] [nio-8084-exec-2] o.s.k.support.LoggingProducerListener    : Exception thrown when sending a message with key='null' and payload='{status=PAID, paymentId=1, orderId=1}' to topic payment-events:

org.apache.kafka.common.errors.TimeoutException: Topic payment-events not present in metadata after 2000 ms.

2026-07-27T00:51:53.803+05:30  WARN 12856 --- [payment-service] [nio-8084-exec-2] c.s.p.service.PaymentService             : Kafka not available, payment event skipped: Send failed
2026-07-27T00:51:53.804+05:30  INFO 12856 --- [payment-service] [nio-8084-exec-2] c.s.p.service.PaymentService             : Payment processed: 1
2026-07-27T00:51:53.951+05:30  INFO 12856 --- [payment-service] [vice-producer-1] org.apache.kafka.clients.NetworkClient   : [Producer clientId=payment-service-producer-1] Node -1 disconnected.
2026-07-27T00:51:53.952+05:30  WARN 12856 --- [payment-service] [vice-producer-1] org.apache.kafka.clients.NetworkClient   : [Producer clientId=payment-service-producer-1] Connection to node -1 (localhost/127.0.0.1:9092) could not be established. Node may not be available.
2026-07-27T00:51:53.952+05:30  WARN 12856 --- [payment-service] [vice-producer-1] org.apache.kafka.clients.NetworkClient   : [Producer clientId=payment-service-producer-1] Bootstrap broker localhost:9092 (id: -1 rack: null) disconnected
Hibernate: insert into payments (amount,created_at,order_id,status,id) values (?,?,?,?,default)
Hibernate: insert into payments (amount,created_at,order_id,status,id) values (?,?,?,?,default)
2026-07-27T00:51:54.349+05:30 ERROR 12856 --- [payment-service] [nio-8084-exec-1] o.s.k.support.LoggingProducerListener    : Exception thrown when sending a message with key='null' and payload='{status=PAID, paymentId=2, orderId=2}' to topic payment-events:

org.apache.kafka.common.errors.TimeoutException: Topic payment-events not present in metadata after 2000 ms.

2026-07-27T00:51:54.350+05:30  WARN 12856 --- [payment-service] [nio-8084-exec-1] c.s.p.service.PaymentService             : Kafka not available, payment event skipped: Send failed
2026-07-27T00:51:54.350+05:30  INFO 12856 --- [payment-service] [nio-8084-exec-1] c.s.p.service.PaymentService             : Payment processed: 2
2026-07-27T00:51:54.772+05:30  INFO 12856 --- [payment-service] [vice-producer-1] org.apache.kafka.clients.NetworkClient   : [Producer clientId=payment-service-producer-1] Node -1 disconnected.
2026-07-27T00:51:54.772+05:30  WARN 12856 --- [payment-service] [vice-producer-1] org.apache.kafka.clients.NetworkClient   : [Producer clientId=payment-service-producer-1] Connection to node -1 (localhost/127.0.0.1:9092) could not be established. Node may not be available.
2026-07-27T00:51:54.773+05:30  WARN 12856 --- [payment-service] [vice-producer-1] org.apache.kafka.clients.NetworkClient   : [Producer clientId=payment-service-producer-1] Bootstrap broker localhost:9092 (id: -1 rack: null) disconnected
2026-07-27T00:51:55.491+05:30 ERROR 12856 --- [payment-service] [nio-8084-exec-3] o.s.k.support.LoggingProducerListener    : Exception thrown when sending a message with key='null' and payload='{status=PAID, paymentId=3, orderId=3}' to topic payment-events:

org.apache.kafka.common.errors.TimeoutException: Topic payment-events not present in metadata after 2000 ms.

2026-07-27T00:51:55.491+05:30  WARN 12856 --- [payment-service] [nio-8084-exec-3] c.s.p.service.PaymentService             : Kafka not available, payment event skipped: Send failed
2026-07-27T00:51:55.491+05:30  INFO 12856 --- [payment-service] [nio-8084-exec-3] c.s.p.service.PaymentService             : Payment processed: 3
2026-07-27T00:51:55.774+05:30  INFO 12856 --- [payment-service] [vice-producer-1] org.apache.kafka.clients.NetworkClient   : [Producer clientId=payment-service-producer-1] Node -1 disconnected.
2026-07-27T00:51:55.774+05:30  WARN 12856 --- [payment-service] [vice-producer-1] org.apache.kafka.clients.NetworkClient   : [Producer clientId=payment-service-producer-1] Connection to node -1 (localhost/127.0.0.1:9092) could not be established. Node may not be available.
2026-07-27T00:51:55.774+05:30  WARN 12856 --- [payment-service] [vice-producer-1] org.apache.kafka.clients.NetworkClient   : [Producer clientId=payment-service-producer-1] Bootstrap broker localhost:9092 (id: -1 rack: null) disconnected
2026-07-27T00:51:55.995+05:30 ERROR 12856 --- [payment-service] [nio-8084-exec-5] o.s.k.support.LoggingProducerListener    : Exception thrown when sending a message with key='null' and payload='{status=PAID, paymentId=4, orderId=4}' to topic payment-events:

org.apache.kafka.common.errors.TimeoutException: Topic payment-events not present in metadata after 2000 ms.

2026-07-27T00:51:55.995+05:30  WARN 12856 --- [payment-service] [nio-8084-exec-5] c.s.p.service.PaymentService             : Kafka not available, payment event skipped: Send failed
2026-07-27T00:51:55.996+05:30  INFO 12856 --- [payment-service] [nio-8084-exec-5] c.s.p.service.PaymentService             : Payment processed: 4
2026-07-27T00:51:56.266+05:30 ERROR 12856 --- [payment-service] [nio-8084-exec-4] o.s.k.support.LoggingProducerListener    : Exception thrown when sending a message with key='null' and payload='{status=PAID, paymentId=5, orderId=5}' to topic payment-events:

org.apache.kafka.common.errors.TimeoutException: Topic payment-events not present in metadata after 2000 ms.

2026-07-27T00:51:56.267+05:30  WARN 12856 --- [payment-service] [nio-8084-exec-4] c.s.p.service.PaymentService             : Kafka not available, payment event skipped: Send failed
2026-07-27T00:51:56.267+05:30  INFO 12856 --- [payment-service] [nio-8084-exec-4] c.s.p.service.PaymentService             : Payment processed: 5
2026-07-27T00:51:56.735+05:30  INFO 12856 --- [payment-service] [vice-producer-1] org.apache.kafka.clients.NetworkClient   : [Producer clientId=payment-service-producer-1] Node -1 disconnected.
2026-07-27T00:51:56.735+05:30  WARN 12856 --- [payment-service] [vice-producer-1] org.apache.kafka.clients.NetworkClient   : [Producer clientId=payment-service-producer-1] Connection to node -1 (localhost/127.0.0.1:9092) could not be established. Node may not be available.
2026-07-27T00:51:56.735+05:30  WARN 12856 --- [payment-service] [vice-producer-1] org.apache.kafka.clients.NetworkClient   : [Producer clientId=payment-service-producer-1] Bootstrap broker localhost:9092 (id: -1 rack: null) disconnected
2026-07-27T00:51:57.646+05:30  INFO 12856 --- [payment-service] [vice-producer-1] org.apache.kafka.clients.NetworkClient   : [Producer clientId=payment-service-producer-1] Node -1 disconnected.
2026-07-27T00:51:57.646+05:30  WARN 12856 --- [payment-service] [vice-producer-1] org.apache.kafka.clients.NetworkClient   : [Producer clientId=payment-service-producer-1] Connection to node -1 (localhost/127.0.0.1:9092) could not be established. Node may not be available.
2026-07-27T00:51:57.646+05:30  WARN 12856 --- [payment-service] [vice-producer-1] org.apache.kafka.clients.NetworkClient   : [Producer clientId=payment-service-producer-1] Bootstrap broker localhost:9092 (id: -1 rack: null) disconnected
2026-07-27T00:51:58.562+05:30  INFO 12856 --- [payment-service] [vice-producer-1] org.apache.kafka.clients.NetworkClient   : [Producer clientId=payment-service-producer-1] Node -1 disconnected.
2026-07-27T00:51:58.563+05:30  WARN 12856 --- [payment-service] [vice-producer-1] org.apache.kafka.clients.NetworkClient   : [Producer clientId=payment-service-producer-1] Connection to node -1 (localhost/127.0.0.1:9092) could not be established. Node may not be available.
2026-07-27T00:51:58.563+05:30  WARN 12856 --- [payment-service] [vice-producer-1] org.apache.kafka.clients.NetworkClient   : [Producer clientId=payment-service-producer-1] Bootstrap broker localhost:9092 (id: -1 rack: null) disconnected
2026-07-27T00:51:59.593+05:30  INFO 12856 --- [payment-service] [vice-producer-1] org.apache.kafka.clients.NetworkClient   : [Producer clientId=payment-service-producer-1] Node -1 disconnected.
2026-07-27T00:51:59.594+05:30  WARN 12856 --- [payment-service] [vice-producer-1] org.apache.kafka.clients.NetworkClient   : [Producer clientId=payment-service-producer-1] Connection to node -1 (localhost/127.0.0.1:9092) could not be established. Node may not be available.
2026-07-27T00:51:59.594+05:30  WARN 12856 --- [payment-service] [vice-producer-1] org.apache.kafka.clients.NetworkClient   : [Producer clientId=payment-service-producer-1] Bootstrap broker localhost:9092 (id: -1 rack: null) disconnected
2026-07-27T00:52:00.596+05:30  INFO 12856 --- [payment-service] [vice-producer-1] org.apache.kafka.clients.NetworkClient   : [Producer clientId=payment-service-producer-1] Node -1 disconnected.
2026-07-27T00:52:00.596+05:30  WARN 12856 --- [payment-service] [vice-producer-1] org.apache.kafka.clients.NetworkClient   : [Producer clientId=payment-service-producer-1] Connection to node -1 (localhost/127.0.0.1:9092) could not be established. Node may not be available.
2026-07-27T00:52:00.596+05:30  WARN 12856 --- [payment-service] [vice-producer-1] org.apache.kafka.clients.NetworkClient   : [Producer clientId=payment-service-producer-1] Bootstrap broker localhost:9092 (id: -1 rack: null) disconnected
2026-07-27T00:52:01.559+05:30  INFO 12856 --- [payment-service] [vice-producer-1] org.apache.kafka.clients.NetworkClient   : [Producer clientId=payment-service-producer-1] Node -1 disconnected.
2026-07-27T00:52:01.560+05:30  WARN 12856 --- [payment-service] [vice-producer-1] org.apache.kafka.clients.NetworkClient   : [Producer clientId=payment-service-producer-1] Connection to node -1 (localhost/127.0.0.1:9092) could not be established. Node may not be available.
2026-07-27T00:52:01.560+05:30  WARN 12856 --- [payment-service] [vice-producer-1] org.apache.kafka.clients.NetworkClient   : [Producer clientId=payment-service-producer-1] Bootstrap broker localhost:9092 (id: -1 rack: null) disconnected
2026-07-27T00:52:02.574+05:30  INFO 12856 --- [payment-service] [vice-producer-1] org.apache.kafka.clients.NetworkClient   : [Producer clientId=payment-service-producer-1] Node -1 disconnected.
2026-07-27T00:52:02.574+05:30  WARN 12856 --- [payment-service] [vice-producer-1] org.apache.kafka.clients.NetworkClient   : [Producer clientId=payment-service-producer-1] Connection to node -1 (localhost/127.0.0.1:9092) could not be established. Node may not be available.
2026-07-27T00:52:02.574+05:30  WARN 12856 --- [payment-service] [vice-producer-1] org.apache.kafka.clients.NetworkClient   : [Producer clientId=payment-service-producer-1] Bootstrap broker localhost:9092 (id: -1 rack: null) disconnected
2026-07-27T00:52:03.577+05:30  INFO 12856 --- [payment-service] [vice-producer-1] org.apache.kafka.clients.NetworkClient   : [Producer clientId=payment-service-producer-1] Node -1 disconnected.
2026-07-27T00:52:03.577+05:30  WARN 12856 --- [payment-service] [vice-producer-1] org.apache.kafka.clients.NetworkClient   : [Producer clientId=payment-service-producer-1] Connection to node -1 (localhost/127.0.0.1:9092) could not be established. Node may not be available.
2026-07-27T00:52:03.577+05:30  WARN 12856 --- [payment-service] [vice-producer-1] org.apache.kafka.clients.NetworkClient   : [Producer clientId=payment-service-producer-1] Bootstrap broker localhost:9092 (id: -1 rack: null) disconnected
2026-07-27T00:52:04.579+05:30  INFO 12856 --- [payment-service] [vice-producer-1] org.apache.kafka.clients.NetworkClient   : [Producer clientId=payment-service-producer-1] Node -1 disconnected.
2026-07-27T00:52:04.579+05:30  WARN 12856 --- [payment-service] [vice-producer-1] org.apache.kafka.clients.NetworkClient   : [Producer clientId=payment-service-producer-1] Connection to node -1 (localhost/127.0.0.1:9092) could not be established. Node may not be available.
2026-07-27T00:52:04.580+05:30  WARN 12856 --- [payment-service] [vice-producer-1] org.apache.kafka.clients.NetworkClient   : [Producer clientId=payment-service-producer-1] Bootstrap broker localhost:9092 (id: -1 rack: null) disconnected
2026-07-27T00:52:05.600+05:30  INFO 12856 --- [payment-service] [vice-producer-1] org.apache.kafka.clients.NetworkClient   : [Producer clientId=payment-service-producer-1] Node -1 disconnected.
2026-07-27T00:52:05.601+05:30  WARN 12856 --- [payment-service] [vice-producer-1] org.apache.kafka.clients.NetworkClient   : [Producer clientId=payment-service-producer-1] Connection to node -1 (localhost/127.0.0.1:9092) could not be established. Node may not be available.
2026-07-27T00:52:05.601+05:30  WARN 12856 --- [payment-service] [vice-producer-1] org.apache.kafka.clients.NetworkClient   : [Producer clientId=payment-service-producer-1] Bootstrap broker localhost:9092 (id: -1 rack: null) disconnected
2026-07-27T00:52:06.464+05:30  INFO 12856 --- [payment-service] [vice-producer-1] org.apache.kafka.clients.NetworkClient   : [Producer clientId=payment-service-producer-1] Node -1 disconnected.
2026-07-27T00:52:06.464+05:30  WARN 12856 --- [payment-service] [vice-producer-1] org.apache.kafka.clients.NetworkClient   : [Producer clientId=payment-service-producer-1] Connection to node -1 (localhost/127.0.0.1:9092) could not be established. Node may not be available.
2026-07-27T00:52:06.464+05:30  WARN 12856 --- [payment-service] [vice-producer-1] org.apache.kafka.clients.NetworkClient   : [Producer clientId=payment-service-producer-1] Bootstrap broker localhost:9092 (id: -1 rack: null) disconnected
2026-07-27T00:52:07.511+05:30  INFO 12856 --- [payment-service] [vice-producer-1] org.apache.kafka.clients.NetworkClient   : [Producer clientId=payment-service-producer-1] Node -1 disconnected.
2026-07-27T00:52:07.511+05:30  WARN 12856 --- [payment-service] [vice-producer-1] org.apache.kafka.clients.NetworkClient   : [Producer clientId=payment-service-producer-1] Connection to node -1 (localhost/127.0.0.1:9092) could not be established. Node may not be available.
2026-07-27T00:52:07.511+05:30  WARN 12856 --- [payment-service] [vice-producer-1] org.apache.kafka.clients.NetworkClient   : [Producer clientId=payment-service-producer-1] Bootstrap broker localhost:9092 (id: -1 rack: null) disconnected
2026-07-27T00:52:08.472+05:30  INFO 12856 --- [payment-service] [vice-producer-1] org.apache.kafka.clients.NetworkClient   : [Producer clientId=payment-service-producer-1] Node -1 disconnected.
2026-07-27T00:52:08.473+05:30  WARN 12856 --- [payment-service] [vice-producer-1] org.apache.kafka.clients.NetworkClient   : [Producer clientId=payment-service-producer-1] Connection to node -1 (localhost/127.0.0.1:9092) could not be established. Node may not be available.
2026-07-27T00:52:08.474+05:30  WARN 12856 --- [payment-service] [vice-producer-1] org.apache.kafka.clients.NetworkClient   : [Producer clientId=payment-service-producer-1] Bootstrap broker localhost:9092 (id: -1 rack: null) disconnected
2026-07-27T00:52:09.484+05:30  INFO 12856 --- [payment-service] [vice-producer-1] org.apache.kafka.clients.NetworkClient   : [Producer clientId=payment-service-producer-1] Node -1 disconnected.
2026-07-27T00:52:09.484+05:30  WARN 12856 --- [payment-service] [vice-producer-1] org.apache.kafka.clients.NetworkClient   : [Producer clientId=payment-service-producer-1] Connection to node -1 (localhost/127.0.0.1:9092) could not be established. Node may not be available.
2026-07-27T00:52:09.484+05:30  WARN 12856 --- [payment-service] [vice-producer-1] org.apache.kafka.clients.NetworkClient   : [Producer clientId=payment-service-producer-1] Bootstrap broker localhost:9092 (id: -1 rack: null) disconnected
2026-07-27T00:52:10.294+05:30  INFO 12856 --- [payment-service] [vice-producer-1] org.apache.kafka.clients.NetworkClient   : [Producer clientId=payment-service-producer-1] Node -1 disconnected.
2026-07-27T00:52:10.295+05:30  WARN 12856 --- [payment-service] [vice-producer-1] org.apache.kafka.clients.NetworkClient   : [Producer clientId=payment-service-producer-1] Connection to node -1 (localhost/127.0.0.1:9092) could not be established. Node may not be available.
2026-07-27T00:52:10.295+05:30  WARN 12856 --- [payment-service] [vice-producer-1] org.apache.kafka.clients.NetworkClient   : [Producer clientId=payment-service-producer-1] Bootstrap broker localhost:9092 (id: -1 rack: null) disconnected
2026-07-27T00:52:11.243+05:30  INFO 12856 --- [payment-service] [vice-producer-1] org.apache.kafka.clients.NetworkClient   : [Producer clientId=payment-service-producer-1] Node -1 disconnected.
2026-07-27T00:52:11.243+05:30  WARN 12856 --- [payment-service] [vice-producer-1] org.apache.kafka.clients.NetworkClient   : [Producer clientId=payment-service-producer-1] Connection to node -1 (localhost/127.0.0.1:9092) could not be established. Node may not be available.
2026-07-27T00:52:11.243+05:30  WARN 12856 --- [payment-service] [vice-producer-1] org.apache.kafka.clients.NetworkClient   : [Producer clientId=payment-service-producer-1] Bootstrap broker localhost:9092 (id: -1 rack: null) disconnected
2026-07-27T00:52:12.293+05:30  INFO 12856 --- [payment-service] [vice-producer-1] org.apache.kafka.clients.NetworkClient   : [Producer clientId=payment-service-producer-1] Node -1 disconnected.
2026-07-27T00:52:12.293+05:30  WARN 12856 --- [payment-service] [vice-producer-1] org.apache.kafka.clients.NetworkClient   : [Producer clientId=payment-service-producer-1] Connection to node -1 (localhost/127.0.0.1:9092) could not be established. Node may not be available.
2026-07-27T00:52:12.293+05:30  WARN 12856 --- [payment-service] [vice-producer-1] org.apache.kafka.clients.NetworkClient   : [Producer clientId=payment-service-producer-1] Bootstrap broker localhost:9092 (id: -1 rack: null) disconnected
2026-07-27T00:52:13.122+05:30  INFO 12856 --- [payment-service] [vice-producer-1] org.apache.kafka.clients.NetworkClient   : [Producer clientId=payment-service-producer-1] Node -1 disconnected.
2026-07-27T00:52:13.122+05:30  WARN 12856 --- [payment-service] [vice-producer-1] org.apache.kafka.clients.NetworkClient   : [Producer clientId=payment-service-producer-1] Connection to node -1 (localhost/127.0.0.1:9092) could not be established. Node may not be available.
2026-07-27T00:52:13.122+05:30  WARN 12856 --- [payment-service] [vice-producer-1] org.apache.kafka.clients.NetworkClient   : [Producer clientId=payment-service-producer-1] Bootstrap broker localhost:9092 (id: -1 rack: null) disconnected
2026-07-27T00:52:14.082+05:30  INFO 12856 --- [payment-service] [vice-producer-1] org.apache.kafka.clients.NetworkClient   : [Producer clientId=payment-service-producer-1] Node -1 disconnected.
2026-07-27T00:52:14.082+05:30  WARN 12856 --- [payment-service] [vice-producer-1] org.apache.kafka.clients.NetworkClient   : [Producer clientId=payment-service-producer-1] Connection to node -1 (localhost/127.0.0.1:9092) could not be established. Node may not be available.
2026-07-27T00:52:14.082+05:30  WARN 12856 --- [payment-service] [vice-producer-1] org.apache.kafka.clients.NetworkClient   : [Producer clientId=payment-service-producer-1] Bootstrap broker localhost:9092 (id: -1 rack: null) disconnected
2026-07-27T00:52:15.121+05:30  INFO 12856 --- [payment-service] [vice-producer-1] org.apache.kafka.clients.NetworkClient   : [Producer clientId=payment-service-producer-1] Node -1 disconnected.
2026-07-27T00:52:15.121+05:30  WARN 12856 --- [payment-service] [vice-producer-1] org.apache.kafka.clients.NetworkClient   : [Producer clientId=payment-service-producer-1] Connection to node -1 (localhost/127.0.0.1:9092) could not be established. Node may not be available.
2026-07-27T00:52:15.121+05:30  WARN 12856 --- [payment-service] [vice-producer-1] org.apache.kafka.clients.NetworkClient   : [Producer clientId=payment-service-producer-1] Bootstrap broker localhost:9092 (id: -1 rack: null) disconnected
2026-07-27T00:52:15.983+05:30  INFO 12856 --- [payment-service] [vice-producer-1] org.apache.kafka.clients.NetworkClient   : [Producer clientId=payment-service-producer-1] Node -1 disconnected.
2026-07-27T00:52:15.983+05:30  WARN 12856 --- [payment-service] [vice-producer-1] org.apache.kafka.clients.NetworkClient   : [Producer clientId=payment-service-producer-1] Connection to node -1 (localhost/127.0.0.1:9092) could not be established. Node may not be available.
2026-07-27T00:52:15.983+05:30  WARN 12856 --- [payment-service] [vice-producer-1] org.apache.kafka.clients.NetworkClient   : [Producer clientId=payment-service-producer-1] Bootstrap broker localhost:9092 (id: -1 rack: null) disconnected
2026-07-27T00:52:17.031+05:30  INFO 12856 --- [payment-service] [vice-producer-1] org.apache.kafka.clients.NetworkClient   : [Producer clientId=payment-service-producer-1] Node -1 disconnected.
2026-07-27T00:52:17.032+05:30  WARN 12856 --- [payment-service] [vice-producer-1] org.apache.kafka.clients.NetworkClient   : [Producer clientId=payment-service-producer-1] Connection to node -1 (localhost/127.0.0.1:9092) could not be established. Node may not be available.
2026-07-27T00:52:17.032+05:30  WARN 12856 --- [payment-service] [vice-producer-1] org.apache.kafka.clients.NetworkClient   : [Producer clientId=payment-service-producer-1] Bootstrap broker localhost:9092 (id: -1 rack: null) disconnected
2026-07-27T00:52:17.994+05:30  INFO 12856 --- [payment-service] [vice-producer-1] org.apache.kafka.clients.NetworkClient   : [Producer clientId=payment-service-producer-1] Node -1 disconnected.
2026-07-27T00:52:17.995+05:30  WARN 12856 --- [payment-service] [vice-producer-1] org.apache.kafka.clients.NetworkClient   : [Producer clientId=payment-service-producer-1] Connection to node -1 (localhost/127.0.0.1:9092) could not be established. Node may not be available.
2026-07-27T00:52:17.995+05:30  WARN 12856 --- [payment-service] [vice-producer-1] org.apache.kafka.clients.NetworkClient   : [Producer clientId=payment-service-producer-1] Bootstrap broker localhost:9092 (id: -1 rack: null) disconnected
2026-07-27T00:52:18.884+05:30  INFO 12856 --- [payment-service] [vice-producer-1] org.apache.kafka.clients.NetworkClient   : [Producer clientId=payment-service-producer-1] Node -1 disconnected.
2026-07-27T00:52:18.886+05:30  WARN 12856 --- [payment-service] [vice-producer-1] org.apache.kafka.clients.NetworkClient   : [Producer clientId=payment-service-producer-1] Connection to node -1 (localhost/127.0.0.1:9092) could not be established. Node may not be available.
2026-07-27T00:52:18.886+05:30  WARN 12856 --- [payment-service] [vice-producer-1] org.apache.kafka.clients.NetworkClient   : [Producer clientId=payment-service-producer-1] Bootstrap broker localhost:9092 (id: -1 rack: null) disconnected
2026-07-27T00:52:19.904+05:30  INFO 12856 --- [payment-service] [vice-producer-1] org.apache.kafka.clients.NetworkClient   : [Producer clientId=payment-service-producer-1] Node -1 disconnected.
2026-07-27T00:52:19.904+05:30  WARN 12856 --- [payment-service] [vice-producer-1] org.apache.kafka.clients.NetworkClient   : [Producer clientId=payment-service-producer-1] Connection to node -1 (localhost/127.0.0.1:9092) could not be established. Node may not be available.
2026-07-27T00:52:19.904+05:30  WARN 12856 --- [payment-service] [vice-producer-1] org.apache.kafka.clients.NetworkClient   : [Producer clientId=payment-service-producer-1] Bootstrap broker localhost:9092 (id: -1 rack: null) disconnected
2026-07-27T00:52:20.896+05:30  INFO 12856 --- [payment-service] [vice-producer-1] org.apache.kafka.clients.NetworkClient   : [Producer clientId=payment-service-producer-1] Node -1 disconnected.
2026-07-27T00:52:20.896+05:30  WARN 12856 --- [payment-service] [vice-producer-1] org.apache.kafka.clients.NetworkClient   : [Producer clientId=payment-service-producer-1] Connection to node -1 (localhost/127.0.0.1:9092) could not be established. Node may not be available.
2026-07-27T00:52:20.896+05:30  WARN 12856 --- [payment-service] [vice-producer-1] org.apache.kafka.clients.NetworkClient   : [Producer clientId=payment-service-producer-1] Bootstrap broker localhost:9092 (id: -1 rack: null) disconnected
2026-07-27T00:52:21.897+05:30  INFO 12856 --- [payment-service] [vice-producer-1] org.apache.kafka.clients.NetworkClient   : [Producer clientId=payment-service-producer-1] Node -1 disconnected.
2026-07-27T00:52:21.898+05:30  WARN 12856 --- [payment-service] [vice-producer-1] org.apache.kafka.clients.NetworkClient   : [Producer clientId=payment-service-producer-1] Connection to node -1 (localhost/127.0.0.1:9092) could not be established. Node may not be available.
2026-07-27T00:52:21.898+05:30  WARN 12856 --- [payment-service] [vice-producer-1] org.apache.kafka.clients.NetworkClient   : [Producer clientId=payment-service-producer-1] Bootstrap broker localhost:9092 (id: -1 rack: null) disconnected
2026-07-27T00:52:22.898+05:30  INFO 12856 --- [payment-service] [vice-producer-1] org.apache.kafka.clients.NetworkClient   : [Producer clientId=payment-service-producer-1] Node -1 disconnected.
2026-07-27T00:52:22.900+05:30  WARN 12856 --- [payment-service] [vice-producer-1] org.apache.kafka.clients.NetworkClient   : [Producer clientId=payment-service-producer-1] Connection to node -1 (localhost/127.0.0.1:9092) could not be established. Node may not be available.
2026-07-27T00:52:22.900+05:30  WARN 12856 --- [payment-service] [vice-producer-1] org.apache.kafka.clients.NetworkClient   : [Producer clientId=payment-service-producer-1] Bootstrap broker localhost:9092 (id: -1 rack: null) disconnected
2026-07-27T00:52:23.913+05:30  INFO 12856 --- [payment-service] [vice-producer-1] org.apache.kafka.clients.NetworkClient   : [Producer clientId=payment-service-producer-1] Node -1 disconnected.
2026-07-27T00:52:23.913+05:30  WARN 12856 --- [payment-service] [vice-producer-1] org.apache.kafka.clients.NetworkClient   : [Producer clientId=payment-service-producer-1] Connection to node -1 (localhost/127.0.0.1:9092) could not be established. Node may not be available.
2026-07-27T00:52:23.913+05:30  WARN 12856 --- [payment-service] [vice-producer-1] org.apache.kafka.clients.NetworkClient   : [Producer clientId=payment-service-producer-1] Bootstrap broker localhost:9092 (id: -1 rack: null) disconnected
2026-07-27T00:52:24.924+05:30  INFO 12856 --- [payment-service] [vice-producer-1] org.apache.kafka.clients.NetworkClient   : [Producer clientId=payment-service-producer-1] Node -1 disconnected.
2026-07-27T00:52:24.924+05:30  WARN 12856 --- [payment-service] [vice-producer-1] org.apache.kafka.clients.NetworkClient   : [Producer clientId=payment-service-producer-1] Connection to node -1 (localhost/127.0.0.1:9092) could not be established. Node may not be available.
2026-07-27T00:52:24.924+05:30  WARN 12856 --- [payment-service] [vice-producer-1] org.apache.kafka.clients.NetworkClient   : [Producer clientId=payment-service-producer-1] Bootstrap broker localhost:9092 (id: -1 rack: null) disconnected
2026-07-27T00:52:25.926+05:30  INFO 12856 --- [payment-service] [vice-producer-1] org.apache.kafka.clients.NetworkClient   : [Producer clientId=payment-service-producer-1] Node -1 disconnected.
2026-07-27T00:52:25.926+05:30  WARN 12856 --- [payment-service] [vice-producer-1] org.apache.kafka.clients.NetworkClient   : [Producer clientId=payment-service-producer-1] Connection to node -1 (localhost/127.0.0.1:9092) could not be established. Node may not be available.
2026-07-27T00:52:25.926+05:30  WARN 12856 --- [payment-service] [vice-producer-1] org.apache.kafka.clients.NetworkClient   : [Producer clientId=payment-service-producer-1] Bootstrap broker localhost:9092 (id: -1 rack: null) disconnected
2026-07-27T00:52:26.928+05:30  INFO 12856 --- [payment-service] [vice-producer-1] org.apache.kafka.clients.NetworkClient   : [Producer clientId=payment-service-producer-1] Node -1 disconnected.
2026-07-27T00:52:26.928+05:30  WARN 12856 --- [payment-service] [vice-producer-1] org.apache.kafka.clients.NetworkClient   : [Producer clientId=payment-service-producer-1] Connection to node -1 (localhost/127.0.0.1:9092) could not be established. Node may not be available.
2026-07-27T00:52:26.928+05:30  WARN 12856 --- [payment-service] [vice-producer-1] org.apache.kafka.clients.NetworkClient   : [Producer clientId=payment-service-producer-1] Bootstrap broker localhost:9092 (id: -1 rack: null) disconnected
2026-07-27T00:52:27.787+05:30  INFO 12856 --- [payment-service] [vice-producer-1] org.apache.kafka.clients.NetworkClient   : [Producer clientId=payment-service-producer-1] Node -1 disconnected.
2026-07-27T00:52:27.787+05:30  WARN 12856 --- [payment-service] [vice-producer-1] org.apache.kafka.clients.NetworkClient   : [Producer clientId=payment-service-producer-1] Connection to node -1 (localhost/127.0.0.1:9092) could not be established. Node may not be available.
2026-07-27T00:52:27.787+05:30  WARN 12856 --- [payment-service] [vice-producer-1] org.apache.kafka.clients.NetworkClient   : [Producer clientId=payment-service-producer-1] Bootstrap broker localhost:9092 (id: -1 rack: null) disconnected
2026-07-27T00:52:28.687+05:30  INFO 12856 --- [payment-service] [vice-producer-1] org.apache.kafka.clients.NetworkClient   : [Producer clientId=payment-service-producer-1] Node -1 disconnected.
2026-07-27T00:52:28.687+05:30  WARN 12856 --- [payment-service] [vice-producer-1] org.apache.kafka.clients.NetworkClient   : [Producer clientId=payment-service-producer-1] Connection to node -1 (localhost/127.0.0.1:9092) could not be established. Node may not be available.
2026-07-27T00:52:28.687+05:30  WARN 12856 --- [payment-service] [vice-producer-1] org.apache.kafka.clients.NetworkClient   : [Producer clientId=payment-service-producer-1] Bootstrap broker localhost:9092 (id: -1 rack: null) disconnected
2026-07-27T00:52:29.689+05:30  INFO 12856 --- [payment-service] [vice-producer-1] org.apache.kafka.clients.NetworkClient   : [Producer clientId=payment-service-producer-1] Node -1 disconnected.
2026-07-27T00:52:29.689+05:30  WARN 12856 --- [payment-service] [vice-producer-1] org.apache.kafka.clients.NetworkClient   : [Producer clientId=payment-service-producer-1] Connection to node -1 (localhost/127.0.0.1:9092) could not be established. Node may not be available.
2026-07-27T00:52:29.689+05:30  WARN 12856 --- [payment-service] [vice-producer-1] org.apache.kafka.clients.NetworkClient   : [Producer clientId=payment-service-producer-1] Bootstrap broker localhost:9092 (id: -1 rack: null) disconnected
2026-07-27T00:52:30.704+05:30  INFO 12856 --- [payment-service] [vice-producer-1] org.apache.kafka.clients.NetworkClient   : [Producer clientId=payment-service-producer-1] Node -1 disconnected.
2026-07-27T00:52:30.704+05:30  WARN 12856 --- [payment-service] [vice-producer-1] org.apache.kafka.clients.NetworkClient   : [Producer clientId=payment-service-producer-1] Connection to node -1 (localhost/127.0.0.1:9092) could not be established. Node may not be available.
2026-07-27T00:52:30.704+05:30  WARN 12856 --- [payment-service] [vice-producer-1] org.apache.kafka.clients.NetworkClient   : [Producer clientId=payment-service-producer-1] Bootstrap broker localhost:9092 (id: -1 rack: null) disconnected
2026-07-27T00:52:31.748+05:30  INFO 12856 --- [payment-service] [vice-producer-1] org.apache.kafka.clients.NetworkClient   : [Producer clientId=payment-service-producer-1] Node -1 disconnected.
2026-07-27T00:52:31.749+05:30  WARN 12856 --- [payment-service] [vice-producer-1] org.apache.kafka.clients.NetworkClient   : [Producer clientId=payment-service-producer-1] Connection to node -1 (localhost/127.0.0.1:9092) could not be established. Node may not be available.
2026-07-27T00:52:31.749+05:30  WARN 12856 --- [payment-service] [vice-producer-1] org.apache.kafka.clients.NetworkClient   : [Producer clientId=payment-service-producer-1] Bootstrap broker localhost:9092 (id: -1 rack: null) disconnected
2026-07-27T00:52:32.760+05:30  INFO 12856 --- [payment-service] [vice-producer-1] org.apache.kafka.clients.NetworkClient   : [Producer clientId=payment-service-producer-1] Node -1 disconnected.
2026-07-27T00:52:32.760+05:30  WARN 12856 --- [payment-service] [vice-producer-1] org.apache.kafka.clients.NetworkClient   : [Producer clientId=payment-service-producer-1] Connection to node -1 (localhost/127.0.0.1:9092) could not be established. Node may not be available.
2026-07-27T00:52:32.760+05:30  WARN 12856 --- [payment-service] [vice-producer-1] org.apache.kafka.clients.NetworkClient   : [Producer clientId=payment-service-producer-1] Bootstrap broker localhost:9092 (id: -1 rack: null) disconnected
2026-07-27T00:52:33.771+05:30  INFO 12856 --- [payment-service] [vice-producer-1] org.apache.kafka.clients.NetworkClient   : [Producer clientId=payment-service-producer-1] Node -1 disconnected.
2026-07-27T00:52:33.771+05:30  WARN 12856 --- [payment-service] [vice-producer-1] org.apache.kafka.clients.NetworkClient   : [Producer clientId=payment-service-producer-1] Connection to node -1 (localhost/127.0.0.1:9092) could not be established. Node may not be available.
2026-07-27T00:52:33.771+05:30  WARN 12856 --- [payment-service] [vice-producer-1] org.apache.kafka.clients.NetworkClient   : [Producer clientId=payment-service-producer-1] Bootstrap broker localhost:9092 (id: -1 rack: null) disconnected
2026-07-27T00:52:34.773+05:30  INFO 12856 --- [payment-service] [vice-producer-1] org.apache.kafka.clients.NetworkClient   : [Producer clientId=payment-service-producer-1] Node -1 disconnected.
2026-07-27T00:52:34.773+05:30  WARN 12856 --- [payment-service] [vice-producer-1] org.apache.kafka.clients.NetworkClient   : [Producer clientId=payment-service-producer-1] Connection to node -1 (localhost/127.0.0.1:9092) could not be established. Node may not be available.
2026-07-27T00:52:34.773+05:30  WARN 12856 --- [payment-service] [vice-producer-1] org.apache.kafka.clients.NetworkClient   : [Producer clientId=payment-service-producer-1] Bootstrap broker localhost:9092 (id: -1 rack: null) disconnected
2026-07-27T00:52:35.783+05:30  INFO 12856 --- [payment-service] [vice-producer-1] org.apache.kafka.clients.NetworkClient   : [Producer clientId=payment-service-producer-1] Node -1 disconnected.
2026-07-27T00:52:35.783+05:30  WARN 12856 --- [payment-service] [vice-producer-1] org.apache.kafka.clients.NetworkClient   : [Producer clientId=payment-service-producer-1] Connection to node -1 (localhost/127.0.0.1:9092) could not be established. Node may not be available.
2026-07-27T00:52:35.783+05:30  WARN 12856 --- [payment-service] [vice-producer-1] org.apache.kafka.clients.NetworkClient   : [Producer clientId=payment-service-producer-1] Bootstrap broker localhost:9092 (id: -1 rack: null) disconnected
2026-07-27T00:52:36.797+05:30  INFO 12856 --- [payment-service] [vice-producer-1] org.apache.kafka.clients.NetworkClient   : [Producer clientId=payment-service-producer-1] Node -1 disconnected.
2026-07-27T00:52:36.798+05:30  WARN 12856 --- [payment-service] [vice-producer-1] org.apache.kafka.clients.NetworkClient   : [Producer clientId=payment-service-producer-1] Connection to node -1 (localhost/127.0.0.1:9092) could not be established. Node may not be available.
2026-07-27T00:52:36.798+05:30  WARN 12856 --- [payment-service] [vice-producer-1] org.apache.kafka.clients.NetworkClient   : [Producer clientId=payment-service-producer-1] Bootstrap broker localhost:9092 (id: -1 rack: null) disconnected
2026-07-27T00:52:37.799+05:30  INFO 12856 --- [payment-service] [vice-producer-1] org.apache.kafka.clients.NetworkClient   : [Producer clientId=payment-service-producer-1] Node -1 disconnected.
2026-07-27T00:52:37.799+05:30  WARN 12856 --- [payment-service] [vice-producer-1] org.apache.kafka.clients.NetworkClient   : [Producer clientId=payment-service-producer-1] Connection to node -1 (localhost/127.0.0.1:9092) could not be established. Node may not be available.
2026-07-27T00:52:37.799+05:30  WARN 12856 --- [payment-service] [vice-producer-1] org.apache.kafka.clients.NetworkClient   : [Producer clientId=payment-service-producer-1] Bootstrap broker localhost:9092 (id: -1 rack: null) disconnected
2026-07-27T00:52:38.663+05:30  INFO 12856 --- [payment-service] [vice-producer-1] org.apache.kafka.clients.NetworkClient   : [Producer clientId=payment-service-producer-1] Node -1 disconnected.
2026-07-27T00:52:38.663+05:30  WARN 12856 --- [payment-service] [vice-producer-1] org.apache.kafka.clients.NetworkClient   : [Producer clientId=payment-service-producer-1] Connection to node -1 (localhost/127.0.0.1:9092) could not be established. Node may not be available.
2026-07-27T00:52:38.663+05:30  WARN 12856 --- [payment-service] [vice-producer-1] org.apache.kafka.clients.NetworkClient   : [Producer clientId=payment-service-producer-1] Bootstrap broker localhost:9092 (id: -1 rack: null) disconnected
2026-07-27T00:52:39.668+05:30  INFO 12856 --- [payment-service] [vice-producer-1] org.apache.kafka.clients.NetworkClient   : [Producer clientId=payment-service-producer-1] Node -1 disconnected.
2026-07-27T00:52:39.668+05:30  WARN 12856 --- [payment-service] [vice-producer-1] org.apache.kafka.clients.NetworkClient   : [Producer clientId=payment-service-producer-1] Connection to node -1 (localhost/127.0.0.1:9092) could not be established. Node may not be available.
2026-07-27T00:52:39.669+05:30  WARN 12856 --- [payment-service] [vice-producer-1] org.apache.kafka.clients.NetworkClient   : [Producer clientId=payment-service-producer-1] Bootstrap broker localhost:9092 (id: -1 rack: null) disconnected
2026-07-27T00:52:40.628+05:30  INFO 12856 --- [payment-service] [vice-producer-1] org.apache.kafka.clients.NetworkClient   : [Producer clientId=payment-service-producer-1] Node -1 disconnected.
2026-07-27T00:52:40.628+05:30  WARN 12856 --- [payment-service] [vice-producer-1] org.apache.kafka.clients.NetworkClient   : [Producer clientId=payment-service-producer-1] Connection to node -1 (localhost/127.0.0.1:9092) could not be established. Node may not be available.
2026-07-27T00:52:40.628+05:30  WARN 12856 --- [payment-service] [vice-producer-1] org.apache.kafka.clients.NetworkClient   : [Producer clientId=payment-service-producer-1] Bootstrap broker localhost:9092 (id: -1 rack: null) disconnected
2026-07-27T00:52:41.639+05:30  INFO 12856 --- [payment-service] [vice-producer-1] org.apache.kafka.clients.NetworkClient   : [Producer clientId=payment-service-producer-1] Node -1 disconnected.
2026-07-27T00:52:41.640+05:30  WARN 12856 --- [payment-service] [vice-producer-1] org.apache.kafka.clients.NetworkClient   : [Producer clientId=payment-service-producer-1] Connection to node -1 (localhost/127.0.0.1:9092) could not be established. Node may not be available.
2026-07-27T00:52:41.640+05:30  WARN 12856 --- [payment-service] [vice-producer-1] org.apache.kafka.clients.NetworkClient   : [Producer clientId=payment-service-producer-1] Bootstrap broker localhost:9092 (id: -1 rack: null) disconnected
2026-07-27T00:52:42.681+05:30  INFO 12856 --- [payment-service] [vice-producer-1] org.apache.kafka.clients.NetworkClient   : [Producer clientId=payment-service-producer-1] Node -1 disconnected.
2026-07-27T00:52:42.681+05:30  WARN 12856 --- [payment-service] [vice-producer-1] org.apache.kafka.clients.NetworkClient   : [Producer clientId=payment-service-producer-1] Connection to node -1 (localhost/127.0.0.1:9092) could not be established. Node may not be available.
2026-07-27T00:52:42.681+05:30  WARN 12856 --- [payment-service] [vice-producer-1] org.apache.kafka.clients.NetworkClient   : [Producer clientId=payment-service-producer-1] Bootstrap broker localhost:9092 (id: -1 rack: null) disconnected
2026-07-27T00:52:43.491+05:30  INFO 12856 --- [payment-service] [vice-producer-1] org.apache.kafka.clients.NetworkClient   : [Producer clientId=payment-service-producer-1] Node -1 disconnected.
2026-07-27T00:52:43.491+05:30  WARN 12856 --- [payment-service] [vice-producer-1] org.apache.kafka.clients.NetworkClient   : [Producer clientId=payment-service-producer-1] Connection to node -1 (localhost/127.0.0.1:9092) could not be established. Node may not be available.
2026-07-27T00:52:43.491+05:30  WARN 12856 --- [payment-service] [vice-producer-1] org.apache.kafka.clients.NetworkClient   : [Producer clientId=payment-service-producer-1] Bootstrap broker localhost:9092 (id: -1 rack: null) disconnected
2026-07-27T00:52:44.446+05:30  INFO 12856 --- [payment-service] [vice-producer-1] org.apache.kafka.clients.NetworkClient   : [Producer clientId=payment-service-producer-1] Node -1 disconnected.
2026-07-27T00:52:44.447+05:30  WARN 12856 --- [payment-service] [vice-producer-1] org.apache.kafka.clients.NetworkClient   : [Producer clientId=payment-service-producer-1] Connection to node -1 (localhost/127.0.0.1:9092) could not be established. Node may not be available.
2026-07-27T00:52:44.447+05:30  WARN 12856 --- [payment-service] [vice-producer-1] org.apache.kafka.clients.NetworkClient   : [Producer clientId=payment-service-producer-1] Bootstrap broker localhost:9092 (id: -1 rack: null) disconnected
2026-07-27T00:52:45.409+05:30  INFO 12856 --- [payment-service] [vice-producer-1] org.apache.kafka.clients.NetworkClient   : [Producer clientId=payment-service-producer-1] Node -1 disconnected.
2026-07-27T00:52:45.409+05:30  WARN 12856 --- [payment-service] [vice-producer-1] org.apache.kafka.clients.NetworkClient   : [Producer clientId=payment-service-producer-1] Connection to node -1 (localhost/127.0.0.1:9092) could not be established. Node may not be available.
2026-07-27T00:52:45.409+05:30  WARN 12856 --- [payment-service] [vice-producer-1] org.apache.kafka.clients.NetworkClient   : [Producer clientId=payment-service-producer-1] Bootstrap broker localhost:9092 (id: -1 rack: null) disconnected
2026-07-27T00:52:46.316+05:30  INFO 12856 --- [payment-service] [vice-producer-1] org.apache.kafka.clients.NetworkClient   : [Producer clientId=payment-service-producer-1] Node -1 disconnected.
2026-07-27T00:52:46.317+05:30  WARN 12856 --- [payment-service] [vice-producer-1] org.apache.kafka.clients.NetworkClient   : [Producer clientId=payment-service-producer-1] Connection to node -1 (localhost/127.0.0.1:9092) could not be established. Node may not be available.
2026-07-27T00:52:46.317+05:30  WARN 12856 --- [payment-service] [vice-producer-1] org.apache.kafka.clients.NetworkClient   : [Producer clientId=payment-service-producer-1] Bootstrap broker localhost:9092 (id: -1 rack: null) disconnected
2026-07-27T00:52:47.321+05:30  INFO 12856 --- [payment-service] [vice-producer-1] org.apache.kafka.clients.NetworkClient   : [Producer clientId=payment-service-producer-1] Node -1 disconnected.
2026-07-27T00:52:47.322+05:30  WARN 12856 --- [payment-service] [vice-producer-1] org.apache.kafka.clients.NetworkClient   : [Producer clientId=payment-service-producer-1] Connection to node -1 (localhost/127.0.0.1:9092) could not be established. Node may not be available.
2026-07-27T00:52:47.322+05:30  WARN 12856 --- [payment-service] [vice-producer-1] org.apache.kafka.clients.NetworkClient   : [Producer clientId=payment-service-producer-1] Bootstrap broker localhost:9092 (id: -1 rack: null) disconnected
2026-07-27T00:52:48.132+05:30  INFO 12856 --- [payment-service] [vice-producer-1] org.apache.kafka.clients.NetworkClient   : [Producer clientId=payment-service-producer-1] Node -1 disconnected.
2026-07-27T00:52:48.133+05:30  WARN 12856 --- [payment-service] [vice-producer-1] org.apache.kafka.clients.NetworkClient   : [Producer clientId=payment-service-producer-1] Connection to node -1 (localhost/127.0.0.1:9092) could not be established. Node may not be available.
2026-07-27T00:52:48.133+05:30  WARN 12856 --- [payment-service] [vice-producer-1] org.apache.kafka.clients.NetworkClient   : [Producer clientId=payment-service-producer-1] Bootstrap broker localhost:9092 (id: -1 rack: null) disconnected
Hibernate: insert into payments (amount,created_at,order_id,status,id) values (?,?,?,?,default)
2026-07-27T00:52:49.061+05:30  INFO 12856 --- [payment-service] [vice-producer-1] org.apache.kafka.clients.NetworkClient   : [Producer clientId=payment-service-producer-1] Node -1 disconnected.
2026-07-27T00:52:49.061+05:30  WARN 12856 --- [payment-service] [vice-producer-1] org.apache.kafka.clients.NetworkClient   : [Producer clientId=payment-service-producer-1] Connection to node -1 (localhost/127.0.0.1:9092) could not be established. Node may not be available.
2026-07-27T00:52:49.062+05:30  WARN 12856 --- [payment-service] [vice-producer-1] org.apache.kafka.clients.NetworkClient   : [Producer clientId=payment-service-producer-1] Bootstrap broker localhost:9092 (id: -1 rack: null) disconnected
Hibernate: insert into payments (amount,created_at,order_id,status,id) values (?,?,?,?,default)
2026-07-27T00:52:50.029+05:30  INFO 12856 --- [payment-service] [vice-producer-1] org.apache.kafka.clients.NetworkClient   : [Producer clientId=payment-service-producer-1] Node -1 disconnected.
2026-07-27T00:52:50.029+05:30  WARN 12856 --- [payment-service] [vice-producer-1] org.apache.kafka.clients.NetworkClient   : [Producer clientId=payment-service-producer-1] Connection to node -1 (localhost/127.0.0.1:9092) could not be established. Node may not be available.
2026-07-27T00:52:50.029+05:30  WARN 12856 --- [payment-service] [vice-producer-1] org.apache.kafka.clients.NetworkClient   : [Producer clientId=payment-service-producer-1] Bootstrap broker localhost:9092 (id: -1 rack: null) disconnected
Hibernate: insert into payments (amount,created_at,order_id,status,id) values (?,?,?,?,default)
2026-07-27T00:52:50.403+05:30 ERROR 12856 --- [payment-service] [nio-8084-exec-6] o.s.k.support.LoggingProducerListener    : Exception thrown when sending a message with key='null' and payload='{status=PAID, paymentId=6, orderId=1}' to topic payment-events:

org.apache.kafka.common.errors.TimeoutException: Topic payment-events not present in metadata after 2000 ms.

2026-07-27T00:52:50.405+05:30  WARN 12856 --- [payment-service] [nio-8084-exec-6] c.s.p.service.PaymentService             : Kafka not available, payment event skipped: Send failed
2026-07-27T00:52:50.405+05:30  INFO 12856 --- [payment-service] [nio-8084-exec-6] c.s.p.service.PaymentService             : Payment processed: 6
2026-07-27T00:52:51.054+05:30  INFO 12856 --- [payment-service] [vice-producer-1] org.apache.kafka.clients.NetworkClient   : [Producer clientId=payment-service-producer-1] Node -1 disconnected.
2026-07-27T00:52:51.054+05:30  WARN 12856 --- [payment-service] [vice-producer-1] org.apache.kafka.clients.NetworkClient   : [Producer clientId=payment-service-producer-1] Connection to node -1 (localhost/127.0.0.1:9092) could not be established. Node may not be available.
2026-07-27T00:52:51.054+05:30  WARN 12856 --- [payment-service] [vice-producer-1] org.apache.kafka.clients.NetworkClient   : [Producer clientId=payment-service-producer-1] Bootstrap broker localhost:9092 (id: -1 rack: null) disconnected
2026-07-27T00:52:51.621+05:30 ERROR 12856 --- [payment-service] [nio-8084-exec-7] o.s.k.support.LoggingProducerListener    : Exception thrown when sending a message with key='null' and payload='{status=PAID, paymentId=7, orderId=1}' to topic payment-events:

org.apache.kafka.common.errors.TimeoutException: Topic payment-events not present in metadata after 2000 ms.

2026-07-27T00:52:51.622+05:30  WARN 12856 --- [payment-service] [nio-8084-exec-7] c.s.p.service.PaymentService             : Kafka not available, payment event skipped: Send failed
2026-07-27T00:52:51.622+05:30  INFO 12856 --- [payment-service] [nio-8084-exec-7] c.s.p.service.PaymentService             : Payment processed: 7
2026-07-27T00:52:51.957+05:30  INFO 12856 --- [payment-service] [vice-producer-1] org.apache.kafka.clients.NetworkClient   : [Producer clientId=payment-service-producer-1] Node -1 disconnected.
2026-07-27T00:52:51.958+05:30  WARN 12856 --- [payment-service] [vice-producer-1] org.apache.kafka.clients.NetworkClient   : [Producer clientId=payment-service-producer-1] Connection to node -1 (localhost/127.0.0.1:9092) could not be established. Node may not be available.
2026-07-27T00:52:51.958+05:30  WARN 12856 --- [payment-service] [vice-producer-1] org.apache.kafka.clients.NetworkClient   : [Producer clientId=payment-service-producer-1] Bootstrap broker localhost:9092 (id: -1 rack: null) disconnected
2026-07-27T00:52:52.193+05:30 ERROR 12856 --- [payment-service] [nio-8084-exec-8] o.s.k.support.LoggingProducerListener    : Exception thrown when sending a message with key='null' and payload='{status=PAID, paymentId=8, orderId=1}' to topic payment-events:

org.apache.kafka.common.errors.TimeoutException: Topic payment-events not present in metadata after 2000 ms.

2026-07-27T00:52:52.194+05:30  WARN 12856 --- [payment-service] [nio-8084-exec-8] c.s.p.service.PaymentService             : Kafka not available, payment event skipped: Send failed
2026-07-27T00:52:52.194+05:30  INFO 12856 --- [payment-service] [nio-8084-exec-8] c.s.p.service.PaymentService             : Payment processed: 8
2026-07-27T00:52:52.919+05:30  INFO 12856 --- [payment-service] [vice-producer-1] org.apache.kafka.clients.NetworkClient   : [Producer clientId=payment-service-producer-1] Node -1 disconnected.
2026-07-27T00:52:52.920+05:30  WARN 12856 --- [payment-service] [vice-producer-1] org.apache.kafka.clients.NetworkClient   : [Producer clientId=payment-service-producer-1] Connection to node -1 (localhost/127.0.0.1:9092) could not be established. Node may not be available.
2026-07-27T00:52:52.920+05:30  WARN 12856 --- [payment-service] [vice-producer-1] org.apache.kafka.clients.NetworkClient   : [Producer clientId=payment-service-producer-1] Bootstrap broker localhost:9092 (id: -1 rack: null) disconnected
2026-07-27T00:52:53.833+05:30  INFO 12856 --- [payment-service] [vice-producer-1] org.apache.kafka.clients.NetworkClient   : [Producer clientId=payment-service-producer-1] Node -1 disconnected.
2026-07-27T00:52:53.833+05:30  WARN 12856 --- [payment-service] [vice-producer-1] org.apache.kafka.clients.NetworkClient   : [Producer clientId=payment-service-producer-1] Connection to node -1 (localhost/127.0.0.1:9092) could not be established. Node may not be available.
2026-07-27T00:52:53.833+05:30  WARN 12856 --- [payment-service] [vice-producer-1] org.apache.kafka.clients.NetworkClient   : [Producer clientId=payment-service-producer-1] Bootstrap broker localhost:9092 (id: -1 rack: null) disconnected
2026-07-27T00:52:54.847+05:30  INFO 12856 --- [payment-service] [vice-producer-1] org.apache.kafka.clients.NetworkClient   : [Producer clientId=payment-service-producer-1] Node -1 disconnected.
2026-07-27T00:52:54.848+05:30  WARN 12856 --- [payment-service] [vice-producer-1] org.apache.kafka.clients.NetworkClient   : [Producer clientId=payment-service-producer-1] Connection to node -1 (localhost/127.0.0.1:9092) could not be established. Node may not be available.
2026-07-27T00:52:54.848+05:30  WARN 12856 --- [payment-service] [vice-producer-1] org.apache.kafka.clients.NetworkClient   : [Producer clientId=payment-service-producer-1] Bootstrap broker localhost:9092 (id: -1 rack: null) disconnected
2026-07-27T00:52:55.848+05:30  INFO 12856 --- [payment-service] [vice-producer-1] org.apache.kafka.clients.NetworkClient   : [Producer clientId=payment-service-producer-1] Node -1 disconnected.
2026-07-27T00:52:55.848+05:30  WARN 12856 --- [payment-service] [vice-producer-1] org.apache.kafka.clients.NetworkClient   : [Producer clientId=payment-service-producer-1] Connection to node -1 (localhost/127.0.0.1:9092) could not be established. Node may not be available.
2026-07-27T00:52:55.848+05:30  WARN 12856 --- [payment-service] [vice-producer-1] org.apache.kafka.clients.NetworkClient   : [Producer clientId=payment-service-producer-1] Bootstrap broker localhost:9092 (id: -1 rack: null) disconnected
2026-07-27T00:52:56.850+05:30  INFO 12856 --- [payment-service] [vice-producer-1] org.apache.kafka.clients.NetworkClient   : [Producer clientId=payment-service-producer-1] Node -1 disconnected.
2026-07-27T00:52:56.850+05:30  WARN 12856 --- [payment-service] [vice-producer-1] org.apache.kafka.clients.NetworkClient   : [Producer clientId=payment-service-producer-1] Connection to node -1 (localhost/127.0.0.1:9092) could not be established. Node may not be available.
2026-07-27T00:52:56.850+05:30  WARN 12856 --- [payment-service] [vice-producer-1] org.apache.kafka.clients.NetworkClient   : [Producer clientId=payment-service-producer-1] Bootstrap broker localhost:9092 (id: -1 rack: null) disconnected
Hibernate: insert into payments (amount,created_at,order_id,status,id) values (?,?,?,?,default)
2026-07-27T00:52:57.818+05:30  INFO 12856 --- [payment-service] [vice-producer-1] org.apache.kafka.clients.NetworkClient   : [Producer clientId=payment-service-producer-1] Node -1 disconnected.
2026-07-27T00:52:57.819+05:30  WARN 12856 --- [payment-service] [vice-producer-1] org.apache.kafka.clients.NetworkClient   : [Producer clientId=payment-service-producer-1] Connection to node -1 (localhost/127.0.0.1:9092) could not be established. Node may not be available.
2026-07-27T00:52:57.819+05:30  WARN 12856 --- [payment-service] [vice-producer-1] org.apache.kafka.clients.NetworkClient   : [Producer clientId=payment-service-producer-1] Bootstrap broker localhost:9092 (id: -1 rack: null) disconnected
2026-07-27T00:52:58.830+05:30  INFO 12856 --- [payment-service] [vice-producer-1] org.apache.kafka.clients.NetworkClient   : [Producer clientId=payment-service-producer-1] Node -1 disconnected.
2026-07-27T00:52:58.833+05:30  WARN 12856 --- [payment-service] [vice-producer-1] org.apache.kafka.clients.NetworkClient   : [Producer clientId=payment-service-producer-1] Connection to node -1 (localhost/127.0.0.1:9092) could not be established. Node may not be available.
2026-07-27T00:52:58.835+05:30  WARN 12856 --- [payment-service] [vice-producer-1] org.apache.kafka.clients.NetworkClient   : [Producer clientId=payment-service-producer-1] Bootstrap broker localhost:9092 (id: -1 rack: null) disconnected
2026-07-27T00:52:59.514+05:30 ERROR 12856 --- [payment-service] [nio-8084-exec-2] o.s.k.support.LoggingProducerListener    : Exception thrown when sending a message with key='null' and payload='{status=REFUNDED, paymentId=9, orderId=1}' to topic payment-events:

org.apache.kafka.common.errors.TimeoutException: Topic payment-events not present in metadata after 2000 ms.

2026-07-27T00:52:59.514+05:30  WARN 12856 --- [payment-service] [nio-8084-exec-2] c.s.p.service.PaymentService             : Kafka not available, refund event skipped: Send failed
2026-07-27T00:52:59.515+05:30  INFO 12856 --- [payment-service] [nio-8084-exec-2] c.s.p.service.PaymentService             : Payment refunded for order: 1
2026-07-27T00:52:59.833+05:30  INFO 12856 --- [payment-service] [vice-producer-1] org.apache.kafka.clients.NetworkClient   : [Producer clientId=payment-service-producer-1] Node -1 disconnected.
2026-07-27T00:52:59.833+05:30  WARN 12856 --- [payment-service] [vice-producer-1] org.apache.kafka.clients.NetworkClient   : [Producer clientId=payment-service-producer-1] Connection to node -1 (localhost/127.0.0.1:9092) could not be established. Node may not be available.
2026-07-27T00:52:59.833+05:30  WARN 12856 --- [payment-service] [vice-producer-1] org.apache.kafka.clients.NetworkClient   : [Producer clientId=payment-service-producer-1] Bootstrap broker localhost:9092 (id: -1 rack: null) disconnected
2026-07-27T00:53:00.835+05:30  INFO 12856 --- [payment-service] [vice-producer-1] org.apache.kafka.clients.NetworkClient   : [Producer clientId=payment-service-producer-1] Node -1 disconnected.
2026-07-27T00:53:00.835+05:30  WARN 12856 --- [payment-service] [vice-producer-1] org.apache.kafka.clients.NetworkClient   : [Producer clientId=payment-service-producer-1] Connection to node -1 (localhost/127.0.0.1:9092) could not be established. Node may not be available.
2026-07-27T00:53:00.835+05:30  WARN 12856 --- [payment-service] [vice-producer-1] org.apache.kafka.clients.NetworkClient   : [Producer clientId=payment-service-producer-1] Bootstrap broker localhost:9092 (id: -1 rack: null) disconnected
2026-07-27T00:53:01.698+05:30  INFO 12856 --- [payment-service] [vice-producer-1] org.apache.kafka.clients.NetworkClient   : [Producer clientId=payment-service-producer-1] Node -1 disconnected.
2026-07-27T00:53:01.698+05:30  WARN 12856 --- [payment-service] [vice-producer-1] org.apache.kafka.clients.NetworkClient   : [Producer clientId=payment-service-producer-1] Connection to node -1 (localhost/127.0.0.1:9092) could not be established. Node may not be available.
2026-07-27T00:53:01.698+05:30  WARN 12856 --- [payment-service] [vice-producer-1] org.apache.kafka.clients.NetworkClient   : [Producer clientId=payment-service-producer-1] Bootstrap broker localhost:9092 (id: -1 rack: null) disconnected
2026-07-27T00:53:02.700+05:30  INFO 12856 --- [payment-service] [vice-producer-1] org.apache.kafka.clients.NetworkClient   : [Producer clientId=payment-service-producer-1] Node -1 disconnected.
2026-07-27T00:53:02.701+05:30  WARN 12856 --- [payment-service] [vice-producer-1] org.apache.kafka.clients.NetworkClient   : [Producer clientId=payment-service-producer-1] Connection to node -1 (localhost/127.0.0.1:9092) could not be established. Node may not be available.
2026-07-27T00:53:02.701+05:30  WARN 12856 --- [payment-service] [vice-producer-1] org.apache.kafka.clients.NetworkClient   : [Producer clientId=payment-service-producer-1] Bootstrap broker localhost:9092 (id: -1 rack: null) disconnected
2026-07-27T00:53:03.661+05:30  INFO 12856 --- [payment-service] [vice-producer-1] org.apache.kafka.clients.NetworkClient   : [Producer clientId=payment-service-producer-1] Node -1 disconnected.
2026-07-27T00:53:03.661+05:30  WARN 12856 --- [payment-service] [vice-producer-1] org.apache.kafka.clients.NetworkClient   : [Producer clientId=payment-service-producer-1] Connection to node -1 (localhost/127.0.0.1:9092) could not be established. Node may not be available.
2026-07-27T00:53:03.661+05:30  WARN 12856 --- [payment-service] [vice-producer-1] org.apache.kafka.clients.NetworkClient   : [Producer clientId=payment-service-producer-1] Bootstrap broker localhost:9092 (id: -1 rack: null) disconnected
2026-07-27T00:53:04.668+05:30  INFO 12856 --- [payment-service] [vice-producer-1] org.apache.kafka.clients.NetworkClient   : [Producer clientId=payment-service-producer-1] Node -1 disconnected.
2026-07-27T00:53:04.669+05:30  WARN 12856 --- [payment-service] [vice-producer-1] org.apache.kafka.clients.NetworkClient   : [Producer clientId=payment-service-producer-1] Connection to node -1 (localhost/127.0.0.1:9092) could not be established. Node may not be available.
2026-07-27T00:53:04.671+05:30  WARN 12856 --- [payment-service] [vice-producer-1] org.apache.kafka.clients.NetworkClient   : [Producer clientId=payment-service-producer-1] Bootstrap broker localhost:9092 (id: -1 rack: null) disconnected
2026-07-27T00:53:05.519+05:30  INFO 12856 --- [payment-service] [vice-producer-1] org.apache.kafka.clients.NetworkClient   : [Producer clientId=payment-service-producer-1] Node -1 disconnected.
2026-07-27T00:53:05.521+05:30  WARN 12856 --- [payment-service] [vice-producer-1] org.apache.kafka.clients.NetworkClient   : [Producer clientId=payment-service-producer-1] Connection to node -1 (localhost/127.0.0.1:9092) could not be established. Node may not be available.
2026-07-27T00:53:05.523+05:30  WARN 12856 --- [payment-service] [vice-producer-1] org.apache.kafka.clients.NetworkClient   : [Producer clientId=payment-service-producer-1] Bootstrap broker localhost:9092 (id: -1 rack: null) disconnected
2026-07-27T00:53:06.539+05:30  INFO 12856 --- [payment-service] [vice-producer-1] org.apache.kafka.clients.NetworkClient   : [Producer clientId=payment-service-producer-1] Node -1 disconnected.
2026-07-27T00:53:06.539+05:30  WARN 12856 --- [payment-service] [vice-producer-1] org.apache.kafka.clients.NetworkClient   : [Producer clientId=payment-service-producer-1] Connection to node -1 (localhost/127.0.0.1:9092) could not be established. Node may not be available.
2026-07-27T00:53:06.539+05:30  WARN 12856 --- [payment-service] [vice-producer-1] org.apache.kafka.clients.NetworkClient   : [Producer clientId=payment-service-producer-1] Bootstrap broker localhost:9092 (id: -1 rack: null) disconnected
2026-07-27T00:53:07.560+05:30  INFO 12856 --- [payment-service] [vice-producer-1] org.apache.kafka.clients.NetworkClient   : [Producer clientId=payment-service-producer-1] Node -1 disconnected.
2026-07-27T00:53:07.560+05:30  WARN 12856 --- [payment-service] [vice-producer-1] org.apache.kafka.clients.NetworkClient   : [Producer clientId=payment-service-producer-1] Connection to node -1 (localhost/127.0.0.1:9092) could not be established. Node may not be available.
2026-07-27T00:53:07.560+05:30  WARN 12856 --- [payment-service] [vice-producer-1] org.apache.kafka.clients.NetworkClient   : [Producer clientId=payment-service-producer-1] Bootstrap broker localhost:9092 (id: -1 rack: null) disconnected
2026-07-27T00:53:08.441+05:30  INFO 12856 --- [payment-service] [vice-producer-1] org.apache.kafka.clients.NetworkClient   : [Producer clientId=payment-service-producer-1] Node -1 disconnected.
2026-07-27T00:53:08.443+05:30  WARN 12856 --- [payment-service] [vice-producer-1] org.apache.kafka.clients.NetworkClient   : [Producer clientId=payment-service-producer-1] Connection to node -1 (localhost/127.0.0.1:9092) could not be established. Node may not be available.
2026-07-27T00:53:08.443+05:30  WARN 12856 --- [payment-service] [vice-producer-1] org.apache.kafka.clients.NetworkClient   : [Producer clientId=payment-service-producer-1] Bootstrap broker localhost:9092 (id: -1 rack: null) disconnected
Hibernate: select p1_0.id,p1_0.amount,p1_0.created_at,p1_0.order_id,p1_0.status from payments p1_0
2026-07-27T00:53:09.262+05:30  INFO 12856 --- [payment-service] [vice-producer-1] org.apache.kafka.clients.NetworkClient   : [Producer clientId=payment-service-producer-1] Node -1 disconnected.
2026-07-27T00:53:09.262+05:30  WARN 12856 --- [payment-service] [vice-producer-1] org.apache.kafka.clients.NetworkClient   : [Producer clientId=payment-service-producer-1] Connection to node -1 (localhost/127.0.0.1:9092) could not be established. Node may not be available.
2026-07-27T00:53:09.262+05:30  WARN 12856 --- [payment-service] [vice-producer-1] org.apache.kafka.clients.NetworkClient   : [Producer clientId=payment-service-producer-1] Bootstrap broker localhost:9092 (id: -1 rack: null) disconnected
2026-07-27T00:53:10.208+05:30  INFO 12856 --- [payment-service] [vice-producer-1] org.apache.kafka.clients.NetworkClient   : [Producer clientId=payment-service-producer-1] Node -1 disconnected.
2026-07-27T00:53:10.208+05:30  WARN 12856 --- [payment-service] [vice-producer-1] org.apache.kafka.clients.NetworkClient   : [Producer clientId=payment-service-producer-1] Connection to node -1 (localhost/127.0.0.1:9092) could not be established. Node may not be available.
2026-07-27T00:53:10.208+05:30  WARN 12856 --- [payment-service] [vice-producer-1] org.apache.kafka.clients.NetworkClient   : [Producer clientId=payment-service-producer-1] Bootstrap broker localhost:9092 (id: -1 rack: null) disconnected
2026-07-27T00:53:11.225+05:30  INFO 12856 --- [payment-service] [vice-producer-1] org.apache.kafka.clients.NetworkClient   : [Producer clientId=payment-service-producer-1] Node -1 disconnected.
2026-07-27T00:53:11.225+05:30  WARN 12856 --- [payment-service] [vice-producer-1] org.apache.kafka.clients.NetworkClient   : [Producer clientId=payment-service-producer-1] Connection to node -1 (localhost/127.0.0.1:9092) could not be established. Node may not be available.
2026-07-27T00:53:11.225+05:30  WARN 12856 --- [payment-service] [vice-producer-1] org.apache.kafka.clients.NetworkClient   : [Producer clientId=payment-service-producer-1] Bootstrap broker localhost:9092 (id: -1 rack: null) disconnected
2026-07-27T00:53:12.226+05:30  INFO 12856 --- [payment-service] [vice-producer-1] org.apache.kafka.clients.NetworkClient   : [Producer clientId=payment-service-producer-1] Node -1 disconnected.
2026-07-27T00:53:12.226+05:30  WARN 12856 --- [payment-service] [vice-producer-1] org.apache.kafka.clients.NetworkClient   : [Producer clientId=payment-service-producer-1] Connection to node -1 (localhost/127.0.0.1:9092) could not be established. Node may not be available.
2026-07-27T00:53:12.226+05:30  WARN 12856 --- [payment-service] [vice-producer-1] org.apache.kafka.clients.NetworkClient   : [Producer clientId=payment-service-producer-1] Bootstrap broker localhost:9092 (id: -1 rack: null) disconnected
2026-07-27T00:53:13.137+05:30  INFO 12856 --- [payment-service] [vice-producer-1] org.apache.kafka.clients.NetworkClient   : [Producer clientId=payment-service-producer-1] Node -1 disconnected.
2026-07-27T00:53:13.138+05:30  WARN 12856 --- [payment-service] [vice-producer-1] org.apache.kafka.clients.NetworkClient   : [Producer clientId=payment-service-producer-1] Connection to node -1 (localhost/127.0.0.1:9092) could not be established. Node may not be available.
2026-07-27T00:53:13.138+05:30  WARN 12856 --- [payment-service] [vice-producer-1] org.apache.kafka.clients.NetworkClient   : [Producer clientId=payment-service-producer-1] Bootstrap broker localhost:9092 (id: -1 rack: null) disconnected
2026-07-27T00:53:14.050+05:30  INFO 12856 --- [payment-service] [vice-producer-1] org.apache.kafka.clients.NetworkClient   : [Producer clientId=payment-service-producer-1] Node -1 disconnected.
2026-07-27T00:53:14.050+05:30  WARN 12856 --- [payment-service] [vice-producer-1] org.apache.kafka.clients.NetworkClient   : [Producer clientId=payment-service-producer-1] Connection to node -1 (localhost/127.0.0.1:9092) could not be established. Node may not be available.
2026-07-27T00:53:14.050+05:30  WARN 12856 --- [payment-service] [vice-producer-1] org.apache.kafka.clients.NetworkClient   : [Producer clientId=payment-service-producer-1] Bootstrap broker localhost:9092 (id: -1 rack: null) disconnected
2026-07-27T00:53:15.070+05:30  INFO 12856 --- [payment-service] [vice-producer-1] org.apache.kafka.clients.NetworkClient   : [Producer clientId=payment-service-producer-1] Node -1 disconnected.
2026-07-27T00:53:15.070+05:30  WARN 12856 --- [payment-service] [vice-producer-1] org.apache.kafka.clients.NetworkClient   : [Producer clientId=payment-service-producer-1] Connection to node -1 (localhost/127.0.0.1:9092) could not be established. Node may not be available.
2026-07-27T00:53:15.070+05:30  WARN 12856 --- [payment-service] [vice-producer-1] org.apache.kafka.clients.NetworkClient   : [Producer clientId=payment-service-producer-1] Bootstrap broker localhost:9092 (id: -1 rack: null) disconnected
2026-07-27T00:53:16.072+05:30  INFO 12856 --- [payment-service] [vice-producer-1] org.apache.kafka.clients.NetworkClient   : [Producer clientId=payment-service-producer-1] Node -1 disconnected.
2026-07-27T00:53:16.072+05:30  WARN 12856 --- [payment-service] [vice-producer-1] org.apache.kafka.clients.NetworkClient   : [Producer clientId=payment-service-producer-1] Connection to node -1 (localhost/127.0.0.1:9092) could not be established. Node may not be available.
2026-07-27T00:53:16.072+05:30  WARN 12856 --- [payment-service] [vice-producer-1] org.apache.kafka.clients.NetworkClient   : [Producer clientId=payment-service-producer-1] Bootstrap broker localhost:9092 (id: -1 rack: null) disconnected
2026-07-27T00:53:17.073+05:30  INFO 12856 --- [payment-service] [vice-producer-1] org.apache.kafka.clients.NetworkClient   : [Producer clientId=payment-service-producer-1] Node -1 disconnected.
2026-07-27T00:53:17.073+05:30  WARN 12856 --- [payment-service] [vice-producer-1] org.apache.kafka.clients.NetworkClient   : [Producer clientId=payment-service-producer-1] Connection to node -1 (localhost/127.0.0.1:9092) could not be established. Node may not be available.
2026-07-27T00:53:17.073+05:30  WARN 12856 --- [payment-service] [vice-producer-1] org.apache.kafka.clients.NetworkClient   : [Producer clientId=payment-service-producer-1] Bootstrap broker localhost:9092 (id: -1 rack: null) disconnected
2026-07-27T00:53:18.074+05:30  INFO 12856 --- [payment-service] [vice-producer-1] org.apache.kafka.clients.NetworkClient   : [Producer clientId=payment-service-producer-1] Node -1 disconnected.
2026-07-27T00:53:18.074+05:30  WARN 12856 --- [payment-service] [vice-producer-1] org.apache.kafka.clients.NetworkClient   : [Producer clientId=payment-service-producer-1] Connection to node -1 (localhost/127.0.0.1:9092) could not be established. Node may not be available.
2026-07-27T00:53:18.074+05:30  WARN 12856 --- [payment-service] [vice-producer-1] org.apache.kafka.clients.NetworkClient   : [Producer clientId=payment-service-producer-1] Bootstrap broker localhost:9092 (id: -1 rack: null) disconnected
2026-07-27T00:53:18.884+05:30  INFO 12856 --- [payment-service] [vice-producer-1] org.apache.kafka.clients.NetworkClient   : [Producer clientId=payment-service-producer-1] Node -1 disconnected.
2026-07-27T00:53:18.884+05:30  WARN 12856 --- [payment-service] [vice-producer-1] org.apache.kafka.clients.NetworkClient   : [Producer clientId=payment-service-producer-1] Connection to node -1 (localhost/127.0.0.1:9092) could not be established. Node may not be available.
2026-07-27T00:53:18.884+05:30  WARN 12856 --- [payment-service] [vice-producer-1] org.apache.kafka.clients.NetworkClient   : [Producer clientId=payment-service-producer-1] Bootstrap broker localhost:9092 (id: -1 rack: null) disconnected
2026-07-27T00:53:19.893+05:30  INFO 12856 --- [payment-service] [vice-producer-1] org.apache.kafka.clients.NetworkClient   : [Producer clientId=payment-service-producer-1] Node -1 disconnected.
2026-07-27T00:53:19.893+05:30  WARN 12856 --- [payment-service] [vice-producer-1] org.apache.kafka.clients.NetworkClient   : [Producer clientId=payment-service-producer-1] Connection to node -1 (localhost/127.0.0.1:9092) could not be established. Node may not be available.
2026-07-27T00:53:19.893+05:30  WARN 12856 --- [payment-service] [vice-producer-1] org.apache.kafka.clients.NetworkClient   : [Producer clientId=payment-service-producer-1] Bootstrap broker localhost:9092 (id: -1 rack: null) disconnected
2026-07-27T00:53:20.895+05:30  INFO 12856 --- [payment-service] [vice-producer-1] org.apache.kafka.clients.NetworkClient   : [Producer clientId=payment-service-producer-1] Node -1 disconnected.
2026-07-27T00:53:20.895+05:30  WARN 12856 --- [payment-service] [vice-producer-1] org.apache.kafka.clients.NetworkClient   : [Producer clientId=payment-service-producer-1] Connection to node -1 (localhost/127.0.0.1:9092) could not be established. Node may not be available.
2026-07-27T00:53:20.895+05:30  WARN 12856 --- [payment-service] [vice-producer-1] org.apache.kafka.clients.NetworkClient   : [Producer clientId=payment-service-producer-1] Bootstrap broker localhost:9092 (id: -1 rack: null) disconnected
2026-07-27T00:53:21.705+05:30  INFO 12856 --- [payment-service] [vice-producer-1] org.apache.kafka.clients.NetworkClient   : [Producer clientId=payment-service-producer-1] Node -1 disconnected.
2026-07-27T00:53:21.706+05:30  WARN 12856 --- [payment-service] [vice-producer-1] org.apache.kafka.clients.NetworkClient   : [Producer clientId=payment-service-producer-1] Connection to node -1 (localhost/127.0.0.1:9092) could not be established. Node may not be available.
2026-07-27T00:53:21.706+05:30  WARN 12856 --- [payment-service] [vice-producer-1] org.apache.kafka.clients.NetworkClient   : [Producer clientId=payment-service-producer-1] Bootstrap broker localhost:9092 (id: -1 rack: null) disconnected
2026-07-27T00:53:22.719+05:30  INFO 12856 --- [payment-service] [vice-producer-1] org.apache.kafka.clients.NetworkClient   : [Producer clientId=payment-service-producer-1] Node -1 disconnected.
2026-07-27T00:53:22.720+05:30  WARN 12856 --- [payment-service] [vice-producer-1] org.apache.kafka.clients.NetworkClient   : [Producer clientId=payment-service-producer-1] Connection to node -1 (localhost/127.0.0.1:9092) could not be established. Node may not be available.
2026-07-27T00:53:22.720+05:30  WARN 12856 --- [payment-service] [vice-producer-1] org.apache.kafka.clients.NetworkClient   : [Producer clientId=payment-service-producer-1] Bootstrap broker localhost:9092 (id: -1 rack: null) disconnected
2026-07-27T00:53:23.722+05:30  INFO 12856 --- [payment-service] [vice-producer-1] org.apache.kafka.clients.NetworkClient   : [Producer clientId=payment-service-producer-1] Node -1 disconnected.
2026-07-27T00:53:23.722+05:30  WARN 12856 --- [payment-service] [vice-producer-1] org.apache.kafka.clients.NetworkClient   : [Producer clientId=payment-service-producer-1] Connection to node -1 (localhost/127.0.0.1:9092) could not be established. Node may not be available.
2026-07-27T00:53:23.722+05:30  WARN 12856 --- [payment-service] [vice-producer-1] org.apache.kafka.clients.NetworkClient   : [Producer clientId=payment-service-producer-1] Bootstrap broker localhost:9092 (id: -1 rack: null) disconnected
2026-07-27T00:53:24.724+05:30  INFO 12856 --- [payment-service] [vice-producer-1] org.apache.kafka.clients.NetworkClient   : [Producer clientId=payment-service-producer-1] Node -1 disconnected.
2026-07-27T00:53:24.724+05:30  WARN 12856 --- [payment-service] [vice-producer-1] org.apache.kafka.clients.NetworkClient   : [Producer clientId=payment-service-producer-1] Connection to node -1 (localhost/127.0.0.1:9092) could not be established. Node may not be available.
2026-07-27T00:53:24.724+05:30  WARN 12856 --- [payment-service] [vice-producer-1] org.apache.kafka.clients.NetworkClient   : [Producer clientId=payment-service-producer-1] Bootstrap broker localhost:9092 (id: -1 rack: null) disconnected
2026-07-27T00:53:25.725+05:30  INFO 12856 --- [payment-service] [vice-producer-1] org.apache.kafka.clients.NetworkClient   : [Producer clientId=payment-service-producer-1] Node -1 disconnected.
2026-07-27T00:53:25.725+05:30  WARN 12856 --- [payment-service] [vice-producer-1] org.apache.kafka.clients.NetworkClient   : [Producer clientId=payment-service-producer-1] Connection to node -1 (localhost/127.0.0.1:9092) could not be established. Node may not be available.
2026-07-27T00:53:25.725+05:30  WARN 12856 --- [payment-service] [vice-producer-1] org.apache.kafka.clients.NetworkClient   : [Producer clientId=payment-service-producer-1] Bootstrap broker localhost:9092 (id: -1 rack: null) disconnected
2026-07-27T00:53:26.726+05:30  INFO 12856 --- [payment-service] [vice-producer-1] org.apache.kafka.clients.NetworkClient   : [Producer clientId=payment-service-producer-1] Node -1 disconnected.
2026-07-27T00:53:26.726+05:30  WARN 12856 --- [payment-service] [vice-producer-1] org.apache.kafka.clients.NetworkClient   : [Producer clientId=payment-service-producer-1] Connection to node -1 (localhost/127.0.0.1:9092) could not be established. Node may not be available.
2026-07-27T00:53:26.726+05:30  WARN 12856 --- [payment-service] [vice-producer-1] org.apache.kafka.clients.NetworkClient   : [Producer clientId=payment-service-producer-1] Bootstrap broker localhost:9092 (id: -1 rack: null) disconnected
2026-07-27T00:53:27.588+05:30  INFO 12856 --- [payment-service] [vice-producer-1] org.apache.kafka.clients.NetworkClient   : [Producer clientId=payment-service-producer-1] Node -1 disconnected.
2026-07-27T00:53:27.588+05:30  WARN 12856 --- [payment-service] [vice-producer-1] org.apache.kafka.clients.NetworkClient   : [Producer clientId=payment-service-producer-1] Connection to node -1 (localhost/127.0.0.1:9092) could not be established. Node may not be available.
2026-07-27T00:53:27.588+05:30  WARN 12856 --- [payment-service] [vice-producer-1] org.apache.kafka.clients.NetworkClient   : [Producer clientId=payment-service-producer-1] Bootstrap broker localhost:9092 (id: -1 rack: null) disconnected
2026-07-27T00:53:28.635+05:30  INFO 12856 --- [payment-service] [vice-producer-1] org.apache.kafka.clients.NetworkClient   : [Producer clientId=payment-service-producer-1] Node -1 disconnected.
2026-07-27T00:53:28.636+05:30  WARN 12856 --- [payment-service] [vice-producer-1] org.apache.kafka.clients.NetworkClient   : [Producer clientId=payment-service-producer-1] Connection to node -1 (localhost/127.0.0.1:9092) could not be established. Node may not be available.
2026-07-27T00:53:28.636+05:30  WARN 12856 --- [payment-service] [vice-producer-1] org.apache.kafka.clients.NetworkClient   : [Producer clientId=payment-service-producer-1] Bootstrap broker localhost:9092 (id: -1 rack: null) disconnected
2026-07-27T00:53:29.468+05:30  INFO 12856 --- [payment-service] [vice-producer-1] org.apache.kafka.clients.NetworkClient   : [Producer clientId=payment-service-producer-1] Node -1 disconnected.
2026-07-27T00:53:29.468+05:30  WARN 12856 --- [payment-service] [vice-producer-1] org.apache.kafka.clients.NetworkClient   : [Producer clientId=payment-service-producer-1] Connection to node -1 (localhost/127.0.0.1:9092) could not be established. Node may not be available.
2026-07-27T00:53:29.468+05:30  WARN 12856 --- [payment-service] [vice-producer-1] org.apache.kafka.clients.NetworkClient   : [Producer clientId=payment-service-producer-1] Bootstrap broker localhost:9092 (id: -1 rack: null) disconnected
2026-07-27T00:53:30.481+05:30  INFO 12856 --- [payment-service] [vice-producer-1] org.apache.kafka.clients.NetworkClient   : [Producer clientId=payment-service-producer-1] Node -1 disconnected.
2026-07-27T00:53:30.481+05:30  WARN 12856 --- [payment-service] [vice-producer-1] org.apache.kafka.clients.NetworkClient   : [Producer clientId=payment-service-producer-1] Connection to node -1 (localhost/127.0.0.1:9092) could not be established. Node may not be available.
2026-07-27T00:53:30.481+05:30  WARN 12856 --- [payment-service] [vice-producer-1] org.apache.kafka.clients.NetworkClient   : [Producer clientId=payment-service-producer-1] Bootstrap broker localhost:9092 (id: -1 rack: null) disconnected
2026-07-27T00:53:31.413+05:30  INFO 12856 --- [payment-service] [vice-producer-1] org.apache.kafka.clients.NetworkClient   : [Producer clientId=payment-service-producer-1] Node -1 disconnected.
2026-07-27T00:53:31.413+05:30  WARN 12856 --- [payment-service] [vice-producer-1] org.apache.kafka.clients.NetworkClient   : [Producer clientId=payment-service-producer-1] Connection to node -1 (localhost/127.0.0.1:9092) could not be established. Node may not be available.
2026-07-27T00:53:31.414+05:30  WARN 12856 --- [payment-service] [vice-producer-1] org.apache.kafka.clients.NetworkClient   : [Producer clientId=payment-service-producer-1] Bootstrap broker localhost:9092 (id: -1 rack: null) disconnected
2026-07-27T00:53:32.325+05:30  INFO 12856 --- [payment-service] [vice-producer-1] org.apache.kafka.clients.NetworkClient   : [Producer clientId=payment-service-producer-1] Node -1 disconnected.
2026-07-27T00:53:32.325+05:30  WARN 12856 --- [payment-service] [vice-producer-1] org.apache.kafka.clients.NetworkClient   : [Producer clientId=payment-service-producer-1] Connection to node -1 (localhost/127.0.0.1:9092) could not be established. Node may not be available.
2026-07-27T00:53:32.325+05:30  WARN 12856 --- [payment-service] [vice-producer-1] org.apache.kafka.clients.NetworkClient   : [Producer clientId=payment-service-producer-1] Bootstrap broker localhost:9092 (id: -1 rack: null) disconnected
2026-07-27T00:53:33.327+05:30  INFO 12856 --- [payment-service] [vice-producer-1] org.apache.kafka.clients.NetworkClient   : [Producer clientId=payment-service-producer-1] Node -1 disconnected.
2026-07-27T00:53:33.327+05:30  WARN 12856 --- [payment-service] [vice-producer-1] org.apache.kafka.clients.NetworkClient   : [Producer clientId=payment-service-producer-1] Connection to node -1 (localhost/127.0.0.1:9092) could not be established. Node may not be available.
2026-07-27T00:53:33.327+05:30  WARN 12856 --- [payment-service] [vice-producer-1] org.apache.kafka.clients.NetworkClient   : [Producer clientId=payment-service-producer-1] Bootstrap broker localhost:9092 (id: -1 rack: null) disconnected
2026-07-27T00:53:34.173+05:30  INFO 12856 --- [payment-service] [vice-producer-1] org.apache.kafka.clients.NetworkClient   : [Producer clientId=payment-service-producer-1] Node -1 disconnected.
2026-07-27T00:53:34.174+05:30  WARN 12856 --- [payment-service] [vice-producer-1] org.apache.kafka.clients.NetworkClient   : [Producer clientId=payment-service-producer-1] Connection to node -1 (localhost/127.0.0.1:9092) could not be established. Node may not be available.
2026-07-27T00:53:34.174+05:30  WARN 12856 --- [payment-service] [vice-producer-1] org.apache.kafka.clients.NetworkClient   : [Producer clientId=payment-service-producer-1] Bootstrap broker localhost:9092 (id: -1 rack: null) disconnected
2026-07-27T00:53:35.187+05:30  INFO 12856 --- [payment-service] [vice-producer-1] org.apache.kafka.clients.NetworkClient   : [Producer clientId=payment-service-producer-1] Node -1 disconnected.
2026-07-27T00:53:35.187+05:30  WARN 12856 --- [payment-service] [vice-producer-1] org.apache.kafka.clients.NetworkClient   : [Producer clientId=payment-service-producer-1] Connection to node -1 (localhost/127.0.0.1:9092) could not be established. Node may not be available.
2026-07-27T00:53:35.187+05:30  WARN 12856 --- [payment-service] [vice-producer-1] org.apache.kafka.clients.NetworkClient   : [Producer clientId=payment-service-producer-1] Bootstrap broker localhost:9092 (id: -1 rack: null) disconnected
2026-07-27T00:53:36.183+05:30  INFO 12856 --- [payment-service] [vice-producer-1] org.apache.kafka.clients.NetworkClient   : [Producer clientId=payment-service-producer-1] Node -1 disconnected.
2026-07-27T00:53:36.183+05:30  WARN 12856 --- [payment-service] [vice-producer-1] org.apache.kafka.clients.NetworkClient   : [Producer clientId=payment-service-producer-1] Connection to node -1 (localhost/127.0.0.1:9092) could not be established. Node may not be available.
2026-07-27T00:53:36.183+05:30  WARN 12856 --- [payment-service] [vice-producer-1] org.apache.kafka.clients.NetworkClient   : [Producer clientId=payment-service-producer-1] Bootstrap broker localhost:9092 (id: -1 rack: null) disconnected
2026-07-27T00:53:37.106+05:30  INFO 12856 --- [payment-service] [vice-producer-1] org.apache.kafka.clients.NetworkClient   : [Producer clientId=payment-service-producer-1] Node -1 disconnected.
2026-07-27T00:53:37.107+05:30  WARN 12856 --- [payment-service] [vice-producer-1] org.apache.kafka.clients.NetworkClient   : [Producer clientId=payment-service-producer-1] Connection to node -1 (localhost/127.0.0.1:9092) could not be established. Node may not be available.
2026-07-27T00:53:37.107+05:30  WARN 12856 --- [payment-service] [vice-producer-1] org.apache.kafka.clients.NetworkClient   : [Producer clientId=payment-service-producer-1] Bootstrap broker localhost:9092 (id: -1 rack: null) disconnected
2026-07-27T00:53:38.122+05:30  INFO 12856 --- [payment-service] [vice-producer-1] org.apache.kafka.clients.NetworkClient   : [Producer clientId=payment-service-producer-1] Node -1 disconnected.
2026-07-27T00:53:38.122+05:30  WARN 12856 --- [payment-service] [vice-producer-1] org.apache.kafka.clients.NetworkClient   : [Producer clientId=payment-service-producer-1] Connection to node -1 (localhost/127.0.0.1:9092) could not be established. Node may not be available.
2026-07-27T00:53:38.122+05:30  WARN 12856 --- [payment-service] [vice-producer-1] org.apache.kafka.clients.NetworkClient   : [Producer clientId=payment-service-producer-1] Bootstrap broker localhost:9092 (id: -1 rack: null) disconnected
2026-07-27T00:53:39.104+05:30  INFO 12856 --- [payment-service] [vice-producer-1] org.apache.kafka.clients.NetworkClient   : [Producer clientId=payment-service-producer-1] Node -1 disconnected.
2026-07-27T00:53:39.104+05:30  WARN 12856 --- [payment-service] [vice-producer-1] org.apache.kafka.clients.NetworkClient   : [Producer clientId=payment-service-producer-1] Connection to node -1 (localhost/127.0.0.1:9092) could not be established. Node may not be available.
2026-07-27T00:53:39.104+05:30  WARN 12856 --- [payment-service] [vice-producer-1] org.apache.kafka.clients.NetworkClient   : [Producer clientId=payment-service-producer-1] Bootstrap broker localhost:9092 (id: -1 rack: null) disconnected
2026-07-27T00:53:39.964+05:30  INFO 12856 --- [payment-service] [vice-producer-1] org.apache.kafka.clients.NetworkClient   : [Producer clientId=payment-service-producer-1] Node -1 disconnected.
2026-07-27T00:53:39.964+05:30  WARN 12856 --- [payment-service] [vice-producer-1] org.apache.kafka.clients.NetworkClient   : [Producer clientId=payment-service-producer-1] Connection to node -1 (localhost/127.0.0.1:9092) could not be established. Node may not be available.
2026-07-27T00:53:39.964+05:30  WARN 12856 --- [payment-service] [vice-producer-1] org.apache.kafka.clients.NetworkClient   : [Producer clientId=payment-service-producer-1] Bootstrap broker localhost:9092 (id: -1 rack: null) disconnected
2026-07-27T00:53:40.917+05:30  INFO 12856 --- [payment-service] [vice-producer-1] org.apache.kafka.clients.NetworkClient   : [Producer clientId=payment-service-producer-1] Node -1 disconnected.
2026-07-27T00:53:40.917+05:30  WARN 12856 --- [payment-service] [vice-producer-1] org.apache.kafka.clients.NetworkClient   : [Producer clientId=payment-service-producer-1] Connection to node -1 (localhost/127.0.0.1:9092) could not be established. Node may not be available.
2026-07-27T00:53:40.917+05:30  WARN 12856 --- [payment-service] [vice-producer-1] org.apache.kafka.clients.NetworkClient   : [Producer clientId=payment-service-producer-1] Bootstrap broker localhost:9092 (id: -1 rack: null) disconnected
2026-07-27T00:53:41.880+05:30  INFO 12856 --- [payment-service] [vice-producer-1] org.apache.kafka.clients.NetworkClient   : [Producer clientId=payment-service-producer-1] Node -1 disconnected.
2026-07-27T00:53:41.880+05:30  WARN 12856 --- [payment-service] [vice-producer-1] org.apache.kafka.clients.NetworkClient   : [Producer clientId=payment-service-producer-1] Connection to node -1 (localhost/127.0.0.1:9092) could not be established. Node may not be available.
2026-07-27T00:53:41.880+05:30  WARN 12856 --- [payment-service] [vice-producer-1] org.apache.kafka.clients.NetworkClient   : [Producer clientId=payment-service-producer-1] Bootstrap broker localhost:9092 (id: -1 rack: null) disconnected
2026-07-27T00:53:42.893+05:30  INFO 12856 --- [payment-service] [vice-producer-1] org.apache.kafka.clients.NetworkClient   : [Producer clientId=payment-service-producer-1] Node -1 disconnected.
2026-07-27T00:53:42.893+05:30  WARN 12856 --- [payment-service] [vice-producer-1] org.apache.kafka.clients.NetworkClient   : [Producer clientId=payment-service-producer-1] Connection to node -1 (localhost/127.0.0.1:9092) could not be established. Node may not be available.
2026-07-27T00:53:42.893+05:30  WARN 12856 --- [payment-service] [vice-producer-1] org.apache.kafka.clients.NetworkClient   : [Producer clientId=payment-service-producer-1] Bootstrap broker localhost:9092 (id: -1 rack: null) disconnected
2026-07-27T00:53:43.894+05:30  INFO 12856 --- [payment-service] [vice-producer-1] org.apache.kafka.clients.NetworkClient   : [Producer clientId=payment-service-producer-1] Node -1 disconnected.
2026-07-27T00:53:43.894+05:30  WARN 12856 --- [payment-service] [vice-producer-1] org.apache.kafka.clients.NetworkClient   : [Producer clientId=payment-service-producer-1] Connection to node -1 (localhost/127.0.0.1:9092) could not be established. Node may not be available.
2026-07-27T00:53:43.894+05:30  WARN 12856 --- [payment-service] [vice-producer-1] org.apache.kafka.clients.NetworkClient   : [Producer clientId=payment-service-producer-1] Bootstrap broker localhost:9092 (id: -1 rack: null) disconnected
2026-07-27T00:53:44.934+05:30  INFO 12856 --- [payment-service] [vice-producer-1] org.apache.kafka.clients.NetworkClient   : [Producer clientId=payment-service-producer-1] Node -1 disconnected.
2026-07-27T00:53:44.934+05:30  WARN 12856 --- [payment-service] [vice-producer-1] org.apache.kafka.clients.NetworkClient   : [Producer clientId=payment-service-producer-1] Connection to node -1 (localhost/127.0.0.1:9092) could not be established. Node may not be available.
2026-07-27T00:53:44.934+05:30  WARN 12856 --- [payment-service] [vice-producer-1] org.apache.kafka.clients.NetworkClient   : [Producer clientId=payment-service-producer-1] Bootstrap broker localhost:9092 (id: -1 rack: null) disconnected
2026-07-27T00:53:45.935+05:30  INFO 12856 --- [payment-service] [vice-producer-1] org.apache.kafka.clients.NetworkClient   : [Producer clientId=payment-service-producer-1] Node -1 disconnected.
2026-07-27T00:53:45.935+05:30  WARN 12856 --- [payment-service] [vice-producer-1] org.apache.kafka.clients.NetworkClient   : [Producer clientId=payment-service-producer-1] Connection to node -1 (localhost/127.0.0.1:9092) could not be established. Node may not be available.
2026-07-27T00:53:45.935+05:30  WARN 12856 --- [payment-service] [vice-producer-1] org.apache.kafka.clients.NetworkClient   : [Producer clientId=payment-service-producer-1] Bootstrap broker localhost:9092 (id: -1 rack: null) disconnected
2026-07-27T00:53:46.746+05:30  INFO 12856 --- [payment-service] [vice-producer-1] org.apache.kafka.clients.NetworkClient   : [Producer clientId=payment-service-producer-1] Node -1 disconnected.
2026-07-27T00:53:46.747+05:30  WARN 12856 --- [payment-service] [vice-producer-1] org.apache.kafka.clients.NetworkClient   : [Producer clientId=payment-service-producer-1] Connection to node -1 (localhost/127.0.0.1:9092) could not be established. Node may not be available.
2026-07-27T00:53:46.747+05:30  WARN 12856 --- [payment-service] [vice-producer-1] org.apache.kafka.clients.NetworkClient   : [Producer clientId=payment-service-producer-1] Bootstrap broker localhost:9092 (id: -1 rack: null) disconnected
2026-07-27T00:53:47.695+05:30  INFO 12856 --- [payment-service] [vice-producer-1] org.apache.kafka.clients.NetworkClient   : [Producer clientId=payment-service-producer-1] Node -1 disconnected.
2026-07-27T00:53:47.695+05:30  WARN 12856 --- [payment-service] [vice-producer-1] org.apache.kafka.clients.NetworkClient   : [Producer clientId=payment-service-producer-1] Connection to node -1 (localhost/127.0.0.1:9092) could not be established. Node may not be available.
2026-07-27T00:53:47.695+05:30  WARN 12856 --- [payment-service] [vice-producer-1] org.apache.kafka.clients.NetworkClient   : [Producer clientId=payment-service-producer-1] Bootstrap broker localhost:9092 (id: -1 rack: null) disconnected
2026-07-27T00:53:48.708+05:30  INFO 12856 --- [payment-service] [vice-producer-1] org.apache.kafka.clients.NetworkClient   : [Producer clientId=payment-service-producer-1] Node -1 disconnected.
2026-07-27T00:53:48.708+05:30  WARN 12856 --- [payment-service] [vice-producer-1] org.apache.kafka.clients.NetworkClient   : [Producer clientId=payment-service-producer-1] Connection to node -1 (localhost/127.0.0.1:9092) could not be established. Node may not be available.
2026-07-27T00:53:48.708+05:30  WARN 12856 --- [payment-service] [vice-producer-1] org.apache.kafka.clients.NetworkClient   : [Producer clientId=payment-service-producer-1] Bootstrap broker localhost:9092 (id: -1 rack: null) disconnected
2026-07-27T00:53:49.710+05:30  INFO 12856 --- [payment-service] [vice-producer-1] org.apache.kafka.clients.NetworkClient   : [Producer clientId=payment-service-producer-1] Node -1 disconnected.
2026-07-27T00:53:49.710+05:30  WARN 12856 --- [payment-service] [vice-producer-1] org.apache.kafka.clients.NetworkClient   : [Producer clientId=payment-service-producer-1] Connection to node -1 (localhost/127.0.0.1:9092) could not be established. Node may not be available.
2026-07-27T00:53:49.710+05:30  WARN 12856 --- [payment-service] [vice-producer-1] org.apache.kafka.clients.NetworkClient   : [Producer clientId=payment-service-producer-1] Bootstrap broker localhost:9092 (id: -1 rack: null) disconnected
2026-07-27T00:53:50.625+05:30  INFO 12856 --- [payment-service] [vice-producer-1] org.apache.kafka.clients.NetworkClient   : [Producer clientId=payment-service-producer-1] Node -1 disconnected.
2026-07-27T00:53:50.625+05:30  WARN 12856 --- [payment-service] [vice-producer-1] org.apache.kafka.clients.NetworkClient   : [Producer clientId=payment-service-producer-1] Connection to node -1 (localhost/127.0.0.1:9092) could not be established. Node may not be available.
2026-07-27T00:53:50.625+05:30  WARN 12856 --- [payment-service] [vice-producer-1] org.apache.kafka.clients.NetworkClient   : [Producer clientId=payment-service-producer-1] Bootstrap broker localhost:9092 (id: -1 rack: null) disconnected
2026-07-27T00:53:51.644+05:30  INFO 12856 --- [payment-service] [vice-producer-1] org.apache.kafka.clients.NetworkClient   : [Producer clientId=payment-service-producer-1] Node -1 disconnected.
2026-07-27T00:53:51.644+05:30  WARN 12856 --- [payment-service] [vice-producer-1] org.apache.kafka.clients.NetworkClient   : [Producer clientId=payment-service-producer-1] Connection to node -1 (localhost/127.0.0.1:9092) could not be established. Node may not be available.
2026-07-27T00:53:51.645+05:30  WARN 12856 --- [payment-service] [vice-producer-1] org.apache.kafka.clients.NetworkClient   : [Producer clientId=payment-service-producer-1] Bootstrap broker localhost:9092 (id: -1 rack: null) disconnected
2026-07-27T00:53:52.647+05:30  INFO 12856 --- [payment-service] [vice-producer-1] org.apache.kafka.clients.NetworkClient   : [Producer clientId=payment-service-producer-1] Node -1 disconnected.
2026-07-27T00:53:52.648+05:30  WARN 12856 --- [payment-service] [vice-producer-1] org.apache.kafka.clients.NetworkClient   : [Producer clientId=payment-service-producer-1] Connection to node -1 (localhost/127.0.0.1:9092) could not be established. Node may not be available.
2026-07-27T00:53:52.648+05:30  WARN 12856 --- [payment-service] [vice-producer-1] org.apache.kafka.clients.NetworkClient   : [Producer clientId=payment-service-producer-1] Bootstrap broker localhost:9092 (id: -1 rack: null) disconnected
2026-07-27T00:53:53.560+05:30  INFO 12856 --- [payment-service] [vice-producer-1] org.apache.kafka.clients.NetworkClient   : [Producer clientId=payment-service-producer-1] Node -1 disconnected.
2026-07-27T00:53:53.560+05:30  WARN 12856 --- [payment-service] [vice-producer-1] org.apache.kafka.clients.NetworkClient   : [Producer clientId=payment-service-producer-1] Connection to node -1 (localhost/127.0.0.1:9092) could not be established. Node may not be available.
2026-07-27T00:53:53.560+05:30  WARN 12856 --- [payment-service] [vice-producer-1] org.apache.kafka.clients.NetworkClient   : [Producer clientId=payment-service-producer-1] Bootstrap broker localhost:9092 (id: -1 rack: null) disconnected
2026-07-27T00:53:54.572+05:30  INFO 12856 --- [payment-service] [vice-producer-1] org.apache.kafka.clients.NetworkClient   : [Producer clientId=payment-service-producer-1] Node -1 disconnected.
2026-07-27T00:53:54.572+05:30  WARN 12856 --- [payment-service] [vice-producer-1] org.apache.kafka.clients.NetworkClient   : [Producer clientId=payment-service-producer-1] Connection to node -1 (localhost/127.0.0.1:9092) could not be established. Node may not be available.
2026-07-27T00:53:54.572+05:30  WARN 12856 --- [payment-service] [vice-producer-1] org.apache.kafka.clients.NetworkClient   : [Producer clientId=payment-service-producer-1] Bootstrap broker localhost:9092 (id: -1 rack: null) disconnected
2026-07-27T00:53:55.581+05:30  INFO 12856 --- [payment-service] [vice-producer-1] org.apache.kafka.clients.NetworkClient   : [Producer clientId=payment-service-producer-1] Node -1 disconnected.
2026-07-27T00:53:55.581+05:30  WARN 12856 --- [payment-service] [vice-producer-1] org.apache.kafka.clients.NetworkClient   : [Producer clientId=payment-service-producer-1] Connection to node -1 (localhost/127.0.0.1:9092) could not be established. Node may not be available.
2026-07-27T00:53:55.581+05:30  WARN 12856 --- [payment-service] [vice-producer-1] org.apache.kafka.clients.NetworkClient   : [Producer clientId=payment-service-producer-1] Bootstrap broker localhost:9092 (id: -1 rack: null) disconnected
2026-07-27T00:53:56.582+05:30  INFO 12856 --- [payment-service] [vice-producer-1] org.apache.kafka.clients.NetworkClient   : [Producer clientId=payment-service-producer-1] Node -1 disconnected.
2026-07-27T00:53:56.582+05:30  WARN 12856 --- [payment-service] [vice-producer-1] org.apache.kafka.clients.NetworkClient   : [Producer clientId=payment-service-producer-1] Connection to node -1 (localhost/127.0.0.1:9092) could not be established. Node may not be available.
2026-07-27T00:53:56.582+05:30  WARN 12856 --- [payment-service] [vice-producer-1] org.apache.kafka.clients.NetworkClient   : [Producer clientId=payment-service-producer-1] Bootstrap broker localhost:9092 (id: -1 rack: null) disconnected
2026-07-27T00:53:57.544+05:30  INFO 12856 --- [payment-service] [vice-producer-1] org.apache.kafka.clients.NetworkClient   : [Producer clientId=payment-service-producer-1] Node -1 disconnected.
2026-07-27T00:53:57.544+05:30  WARN 12856 --- [payment-service] [vice-producer-1] org.apache.kafka.clients.NetworkClient   : [Producer clientId=payment-service-producer-1] Connection to node -1 (localhost/127.0.0.1:9092) could not be established. Node may not be available.
2026-07-27T00:53:57.544+05:30  WARN 12856 --- [payment-service] [vice-producer-1] org.apache.kafka.clients.NetworkClient   : [Producer clientId=payment-service-producer-1] Bootstrap broker localhost:9092 (id: -1 rack: null) disconnected
2026-07-27T00:53:58.557+05:30  INFO 12856 --- [payment-service] [vice-producer-1] org.apache.kafka.clients.NetworkClient   : [Producer clientId=payment-service-producer-1] Node -1 disconnected.
2026-07-27T00:53:58.557+05:30  WARN 12856 --- [payment-service] [vice-producer-1] org.apache.kafka.clients.NetworkClient   : [Producer clientId=payment-service-producer-1] Connection to node -1 (localhost/127.0.0.1:9092) could not be established. Node may not be available.
2026-07-27T00:53:58.557+05:30  WARN 12856 --- [payment-service] [vice-producer-1] org.apache.kafka.clients.NetworkClient   : [Producer clientId=payment-service-producer-1] Bootstrap broker localhost:9092 (id: -1 rack: null) disconnected
2026-07-27T00:53:59.366+05:30  INFO 12856 --- [payment-service] [vice-producer-1] org.apache.kafka.clients.NetworkClient   : [Producer clientId=payment-service-producer-1] Node -1 disconnected.
2026-07-27T00:53:59.366+05:30  WARN 12856 --- [payment-service] [vice-producer-1] org.apache.kafka.clients.NetworkClient   : [Producer clientId=payment-service-producer-1] Connection to node -1 (localhost/127.0.0.1:9092) could not be established. Node may not be available.
2026-07-27T00:53:59.366+05:30  WARN 12856 --- [payment-service] [vice-producer-1] org.apache.kafka.clients.NetworkClient   : [Producer clientId=payment-service-producer-1] Bootstrap broker localhost:9092 (id: -1 rack: null) disconnected
2026-07-27T00:54:00.384+05:30  INFO 12856 --- [payment-service] [vice-producer-1] org.apache.kafka.clients.NetworkClient   : [Producer clientId=payment-service-producer-1] Node -1 disconnected.
2026-07-27T00:54:00.384+05:30  WARN 12856 --- [payment-service] [vice-producer-1] org.apache.kafka.clients.NetworkClient   : [Producer clientId=payment-service-producer-1] Connection to node -1 (localhost/127.0.0.1:9092) could not be established. Node may not be available.
2026-07-27T00:54:00.384+05:30  WARN 12856 --- [payment-service] [vice-producer-1] org.apache.kafka.clients.NetworkClient   : [Producer clientId=payment-service-producer-1] Bootstrap broker localhost:9092 (id: -1 rack: null) disconnected
2026-07-27T00:54:01.245+05:30  INFO 12856 --- [payment-service] [vice-producer-1] org.apache.kafka.clients.NetworkClient   : [Producer clientId=payment-service-producer-1] Node -1 disconnected.
2026-07-27T00:54:01.245+05:30  WARN 12856 --- [payment-service] [vice-producer-1] org.apache.kafka.clients.NetworkClient   : [Producer clientId=payment-service-producer-1] Connection to node -1 (localhost/127.0.0.1:9092) could not be established. Node may not be available.
2026-07-27T00:54:01.246+05:30  WARN 12856 --- [payment-service] [vice-producer-1] org.apache.kafka.clients.NetworkClient   : [Producer clientId=payment-service-producer-1] Bootstrap broker localhost:9092 (id: -1 rack: null) disconnected
2026-07-27T00:54:02.260+05:30  INFO 12856 --- [payment-service] [vice-producer-1] org.apache.kafka.clients.NetworkClient   : [Producer clientId=payment-service-producer-1] Node -1 disconnected.
2026-07-27T00:54:02.260+05:30  WARN 12856 --- [payment-service] [vice-producer-1] org.apache.kafka.clients.NetworkClient   : [Producer clientId=payment-service-producer-1] Connection to node -1 (localhost/127.0.0.1:9092) could not be established. Node may not be available.
2026-07-27T00:54:02.260+05:30  WARN 12856 --- [payment-service] [vice-producer-1] org.apache.kafka.clients.NetworkClient   : [Producer clientId=payment-service-producer-1] Bootstrap broker localhost:9092 (id: -1 rack: null) disconnected
2026-07-27T00:54:03.278+05:30  INFO 12856 --- [payment-service] [vice-producer-1] org.apache.kafka.clients.NetworkClient   : [Producer clientId=payment-service-producer-1] Node -1 disconnected.
2026-07-27T00:54:03.278+05:30  WARN 12856 --- [payment-service] [vice-producer-1] org.apache.kafka.clients.NetworkClient   : [Producer clientId=payment-service-producer-1] Connection to node -1 (localhost/127.0.0.1:9092) could not be established. Node may not be available.
2026-07-27T00:54:03.278+05:30  WARN 12856 --- [payment-service] [vice-producer-1] org.apache.kafka.clients.NetworkClient   : [Producer clientId=payment-service-producer-1] Bootstrap broker localhost:9092 (id: -1 rack: null) disconnected
2026-07-27T00:54:04.137+05:30  INFO 12856 --- [payment-service] [vice-producer-1] org.apache.kafka.clients.NetworkClient   : [Producer clientId=payment-service-producer-1] Node -1 disconnected.
2026-07-27T00:54:04.137+05:30  WARN 12856 --- [payment-service] [vice-producer-1] org.apache.kafka.clients.NetworkClient   : [Producer clientId=payment-service-producer-1] Connection to node -1 (localhost/127.0.0.1:9092) could not be established. Node may not be available.
2026-07-27T00:54:04.137+05:30  WARN 12856 --- [payment-service] [vice-producer-1] org.apache.kafka.clients.NetworkClient   : [Producer clientId=payment-service-producer-1] Bootstrap broker localhost:9092 (id: -1 rack: null) disconnected
2026-07-27T00:54:05.150+05:30  INFO 12856 --- [payment-service] [vice-producer-1] org.apache.kafka.clients.NetworkClient   : [Producer clientId=payment-service-producer-1] Node -1 disconnected.
2026-07-27T00:54:05.150+05:30  WARN 12856 --- [payment-service] [vice-producer-1] org.apache.kafka.clients.NetworkClient   : [Producer clientId=payment-service-producer-1] Connection to node -1 (localhost/127.0.0.1:9092) could not be established. Node may not be available.
2026-07-27T00:54:05.150+05:30  WARN 12856 --- [payment-service] [vice-producer-1] org.apache.kafka.clients.NetworkClient   : [Producer clientId=payment-service-producer-1] Bootstrap broker localhost:9092 (id: -1 rack: null) disconnected
2026-07-27T00:54:06.013+05:30  INFO 12856 --- [payment-service] [vice-producer-1] org.apache.kafka.clients.NetworkClient   : [Producer clientId=payment-service-producer-1] Node -1 disconnected.
2026-07-27T00:54:06.013+05:30  WARN 12856 --- [payment-service] [vice-producer-1] org.apache.kafka.clients.NetworkClient   : [Producer clientId=payment-service-producer-1] Connection to node -1 (localhost/127.0.0.1:9092) could not be established. Node may not be available.
2026-07-27T00:54:06.013+05:30  WARN 12856 --- [payment-service] [vice-producer-1] org.apache.kafka.clients.NetworkClient   : [Producer clientId=payment-service-producer-1] Bootstrap broker localhost:9092 (id: -1 rack: null) disconnected
2026-07-27T00:54:07.026+05:30  INFO 12856 --- [payment-service] [vice-producer-1] org.apache.kafka.clients.NetworkClient   : [Producer clientId=payment-service-producer-1] Node -1 disconnected.
2026-07-27T00:54:07.026+05:30  WARN 12856 --- [payment-service] [vice-producer-1] org.apache.kafka.clients.NetworkClient   : [Producer clientId=payment-service-producer-1] Connection to node -1 (localhost/127.0.0.1:9092) could not be established. Node may not be available.
2026-07-27T00:54:07.026+05:30  WARN 12856 --- [payment-service] [vice-producer-1] org.apache.kafka.clients.NetworkClient   : [Producer clientId=payment-service-producer-1] Bootstrap broker localhost:9092 (id: -1 rack: null) disconnected
2026-07-27T00:54:08.027+05:30  INFO 12856 --- [payment-service] [vice-producer-1] org.apache.kafka.clients.NetworkClient   : [Producer clientId=payment-service-producer-1] Node -1 disconnected.
2026-07-27T00:54:08.027+05:30  WARN 12856 --- [payment-service] [vice-producer-1] org.apache.kafka.clients.NetworkClient   : [Producer clientId=payment-service-producer-1] Connection to node -1 (localhost/127.0.0.1:9092) could not be established. Node may not be available.
2026-07-27T00:54:08.027+05:30  WARN 12856 --- [payment-service] [vice-producer-1] org.apache.kafka.clients.NetworkClient   : [Producer clientId=payment-service-producer-1] Bootstrap broker localhost:9092 (id: -1 rack: null) disconnected
2026-07-27T00:54:08.888+05:30  INFO 12856 --- [payment-service] [vice-producer-1] org.apache.kafka.clients.NetworkClient   : [Producer clientId=payment-service-producer-1] Node -1 disconnected.
2026-07-27T00:54:08.888+05:30  WARN 12856 --- [payment-service] [vice-producer-1] org.apache.kafka.clients.NetworkClient   : [Producer clientId=payment-service-producer-1] Connection to node -1 (localhost/127.0.0.1:9092) could not be established. Node may not be available.
2026-07-27T00:54:08.888+05:30  WARN 12856 --- [payment-service] [vice-producer-1] org.apache.kafka.clients.NetworkClient   : [Producer clientId=payment-service-producer-1] Bootstrap broker localhost:9092 (id: -1 rack: null) disconnected
2026-07-27T00:54:09.838+05:30  INFO 12856 --- [payment-service] [vice-producer-1] org.apache.kafka.clients.NetworkClient   : [Producer clientId=payment-service-producer-1] Node -1 disconnected.
2026-07-27T00:54:09.838+05:30  WARN 12856 --- [payment-service] [vice-producer-1] org.apache.kafka.clients.NetworkClient   : [Producer clientId=payment-service-producer-1] Connection to node -1 (localhost/127.0.0.1:9092) could not be established. Node may not be available.
2026-07-27T00:54:09.838+05:30  WARN 12856 --- [payment-service] [vice-producer-1] org.apache.kafka.clients.NetworkClient   : [Producer clientId=payment-service-producer-1] Bootstrap broker localhost:9092 (id: -1 rack: null) disconnected
2026-07-27T00:54:10.838+05:30  INFO 12856 --- [payment-service] [vice-producer-1] org.apache.kafka.clients.NetworkClient   : [Producer clientId=payment-service-producer-1] Node -1 disconnected.
2026-07-27T00:54:10.838+05:30  WARN 12856 --- [payment-service] [vice-producer-1] org.apache.kafka.clients.NetworkClient   : [Producer clientId=payment-service-producer-1] Connection to node -1 (localhost/127.0.0.1:9092) could not be established. Node may not be available.
2026-07-27T00:54:10.838+05:30  WARN 12856 --- [payment-service] [vice-producer-1] org.apache.kafka.clients.NetworkClient   : [Producer clientId=payment-service-producer-1] Bootstrap broker localhost:9092 (id: -1 rack: null) disconnected
2026-07-27T00:54:11.840+05:30  INFO 12856 --- [payment-service] [vice-producer-1] org.apache.kafka.clients.NetworkClient   : [Producer clientId=payment-service-producer-1] Node -1 disconnected.
2026-07-27T00:54:11.840+05:30  WARN 12856 --- [payment-service] [vice-producer-1] org.apache.kafka.clients.NetworkClient   : [Producer clientId=payment-service-producer-1] Connection to node -1 (localhost/127.0.0.1:9092) could not be established. Node may not be available.
2026-07-27T00:54:11.840+05:30  WARN 12856 --- [payment-service] [vice-producer-1] org.apache.kafka.clients.NetworkClient   : [Producer clientId=payment-service-producer-1] Bootstrap broker localhost:9092 (id: -1 rack: null) disconnected
2026-07-27T00:54:12.800+05:30  INFO 12856 --- [payment-service] [vice-producer-1] org.apache.kafka.clients.NetworkClient   : [Producer clientId=payment-service-producer-1] Node -1 disconnected.
2026-07-27T00:54:12.800+05:30  WARN 12856 --- [payment-service] [vice-producer-1] org.apache.kafka.clients.NetworkClient   : [Producer clientId=payment-service-producer-1] Connection to node -1 (localhost/127.0.0.1:9092) could not be established. Node may not be available.
2026-07-27T00:54:12.800+05:30  WARN 12856 --- [payment-service] [vice-producer-1] org.apache.kafka.clients.NetworkClient   : [Producer clientId=payment-service-producer-1] Bootstrap broker localhost:9092 (id: -1 rack: null) disconnected
2026-07-27T00:54:13.813+05:30  INFO 12856 --- [payment-service] [vice-producer-1] org.apache.kafka.clients.NetworkClient   : [Producer clientId=payment-service-producer-1] Node -1 disconnected.
2026-07-27T00:54:13.814+05:30  WARN 12856 --- [payment-service] [vice-producer-1] org.apache.kafka.clients.NetworkClient   : [Producer clientId=payment-service-producer-1] Connection to node -1 (localhost/127.0.0.1:9092) could not be established. Node may not be available.
2026-07-27T00:54:13.814+05:30  WARN 12856 --- [payment-service] [vice-producer-1] org.apache.kafka.clients.NetworkClient   : [Producer clientId=payment-service-producer-1] Bootstrap broker localhost:9092 (id: -1 rack: null) disconnected
2026-07-27T00:54:14.814+05:30  INFO 12856 --- [payment-service] [vice-producer-1] org.apache.kafka.clients.NetworkClient   : [Producer clientId=payment-service-producer-1] Node -1 disconnected.
2026-07-27T00:54:14.814+05:30  WARN 12856 --- [payment-service] [vice-producer-1] org.apache.kafka.clients.NetworkClient   : [Producer clientId=payment-service-producer-1] Connection to node -1 (localhost/127.0.0.1:9092) could not be established. Node may not be available.
2026-07-27T00:54:14.814+05:30  WARN 12856 --- [payment-service] [vice-producer-1] org.apache.kafka.clients.NetworkClient   : [Producer clientId=payment-service-producer-1] Bootstrap broker localhost:9092 (id: -1 rack: null) disconnected
2026-07-27T00:54:15.674+05:30  INFO 12856 --- [payment-service] [vice-producer-1] org.apache.kafka.clients.NetworkClient   : [Producer clientId=payment-service-producer-1] Node -1 disconnected.
2026-07-27T00:54:15.674+05:30  WARN 12856 --- [payment-service] [vice-producer-1] org.apache.kafka.clients.NetworkClient   : [Producer clientId=payment-service-producer-1] Connection to node -1 (localhost/127.0.0.1:9092) could not be established. Node may not be available.
2026-07-27T00:54:15.674+05:30  WARN 12856 --- [payment-service] [vice-producer-1] org.apache.kafka.clients.NetworkClient   : [Producer clientId=payment-service-producer-1] Bootstrap broker localhost:9092 (id: -1 rack: null) disconnected
2026-07-27T00:54:16.723+05:30  INFO 12856 --- [payment-service] [vice-producer-1] org.apache.kafka.clients.NetworkClient   : [Producer clientId=payment-service-producer-1] Node -1 disconnected.
2026-07-27T00:54:16.723+05:30  WARN 12856 --- [payment-service] [vice-producer-1] org.apache.kafka.clients.NetworkClient   : [Producer clientId=payment-service-producer-1] Connection to node -1 (localhost/127.0.0.1:9092) could not be established. Node may not be available.
2026-07-27T00:54:16.723+05:30  WARN 12856 --- [payment-service] [vice-producer-1] org.apache.kafka.clients.NetworkClient   : [Producer clientId=payment-service-producer-1] Bootstrap broker localhost:9092 (id: -1 rack: null) disconnected
2026-07-27T00:54:17.724+05:30  INFO 12856 --- [payment-service] [vice-producer-1] org.apache.kafka.clients.NetworkClient   : [Producer clientId=payment-service-producer-1] Node -1 disconnected.
2026-07-27T00:54:17.725+05:30  WARN 12856 --- [payment-service] [vice-producer-1] org.apache.kafka.clients.NetworkClient   : [Producer clientId=payment-service-producer-1] Connection to node -1 (localhost/127.0.0.1:9092) could not be established. Node may not be available.
2026-07-27T00:54:17.725+05:30  WARN 12856 --- [payment-service] [vice-producer-1] org.apache.kafka.clients.NetworkClient   : [Producer clientId=payment-service-producer-1] Bootstrap broker localhost:9092 (id: -1 rack: null) disconnected
2026-07-27T00:54:18.726+05:30  INFO 12856 --- [payment-service] [vice-producer-1] org.apache.kafka.clients.NetworkClient   : [Producer clientId=payment-service-producer-1] Node -1 disconnected.
2026-07-27T00:54:18.726+05:30  WARN 12856 --- [payment-service] [vice-producer-1] org.apache.kafka.clients.NetworkClient   : [Producer clientId=payment-service-producer-1] Connection to node -1 (localhost/127.0.0.1:9092) could not be established. Node may not be available.
2026-07-27T00:54:18.726+05:30  WARN 12856 --- [payment-service] [vice-producer-1] org.apache.kafka.clients.NetworkClient   : [Producer clientId=payment-service-producer-1] Bootstrap broker localhost:9092 (id: -1 rack: null) disconnected
2026-07-27T00:54:19.553+05:30  INFO 12856 --- [payment-service] [vice-producer-1] org.apache.kafka.clients.NetworkClient   : [Producer clientId=payment-service-producer-1] Node -1 disconnected.
2026-07-27T00:54:19.553+05:30  WARN 12856 --- [payment-service] [vice-producer-1] org.apache.kafka.clients.NetworkClient   : [Producer clientId=payment-service-producer-1] Connection to node -1 (localhost/127.0.0.1:9092) could not be established. Node may not be available.
2026-07-27T00:54:19.553+05:30  WARN 12856 --- [payment-service] [vice-producer-1] org.apache.kafka.clients.NetworkClient   : [Producer clientId=payment-service-producer-1] Bootstrap broker localhost:9092 (id: -1 rack: null) disconnected
2026-07-27T00:54:20.585+05:30  INFO 12856 --- [payment-service] [vice-producer-1] org.apache.kafka.clients.NetworkClient   : [Producer clientId=payment-service-producer-1] Node -1 disconnected.
2026-07-27T00:54:20.585+05:30  WARN 12856 --- [payment-service] [vice-producer-1] org.apache.kafka.clients.NetworkClient   : [Producer clientId=payment-service-producer-1] Connection to node -1 (localhost/127.0.0.1:9092) could not be established. Node may not be available.
2026-07-27T00:54:20.585+05:30  WARN 12856 --- [payment-service] [vice-producer-1] org.apache.kafka.clients.NetworkClient   : [Producer clientId=payment-service-producer-1] Bootstrap broker localhost:9092 (id: -1 rack: null) disconnected
2026-07-27T00:54:21.530+05:30  INFO 12856 --- [payment-service] [vice-producer-1] org.apache.kafka.clients.NetworkClient   : [Producer clientId=payment-service-producer-1] Node -1 disconnected.
2026-07-27T00:54:21.531+05:30  WARN 12856 --- [payment-service] [vice-producer-1] org.apache.kafka.clients.NetworkClient   : [Producer clientId=payment-service-producer-1] Connection to node -1 (localhost/127.0.0.1:9092) could not be established. Node may not be available.
2026-07-27T00:54:21.531+05:30  WARN 12856 --- [payment-service] [vice-producer-1] org.apache.kafka.clients.NetworkClient   : [Producer clientId=payment-service-producer-1] Bootstrap broker localhost:9092 (id: -1 rack: null) disconnected
2026-07-27T00:54:22.394+05:30  INFO 12856 --- [payment-service] [vice-producer-1] org.apache.kafka.clients.NetworkClient   : [Producer clientId=payment-service-producer-1] Node -1 disconnected.
2026-07-27T00:54:22.394+05:30  WARN 12856 --- [payment-service] [vice-producer-1] org.apache.kafka.clients.NetworkClient   : [Producer clientId=payment-service-producer-1] Connection to node -1 (localhost/127.0.0.1:9092) could not be established. Node may not be available.
2026-07-27T00:54:22.394+05:30  WARN 12856 --- [payment-service] [vice-producer-1] org.apache.kafka.clients.NetworkClient   : [Producer clientId=payment-service-producer-1] Bootstrap broker localhost:9092 (id: -1 rack: null) disconnected
2026-07-27T00:54:23.397+05:30  INFO 12856 --- [payment-service] [vice-producer-1] org.apache.kafka.clients.NetworkClient   : [Producer clientId=payment-service-producer-1] Node -1 disconnected.
2026-07-27T00:54:23.397+05:30  WARN 12856 --- [payment-service] [vice-producer-1] org.apache.kafka.clients.NetworkClient   : [Producer clientId=payment-service-producer-1] Connection to node -1 (localhost/127.0.0.1:9092) could not be established. Node may not be available.
2026-07-27T00:54:23.397+05:30  WARN 12856 --- [payment-service] [vice-producer-1] org.apache.kafka.clients.NetworkClient   : [Producer clientId=payment-service-producer-1] Bootstrap broker localhost:9092 (id: -1 rack: null) disconnected
2026-07-27T00:54:24.259+05:30  INFO 12856 --- [payment-service] [vice-producer-1] org.apache.kafka.clients.NetworkClient   : [Producer clientId=payment-service-producer-1] Node -1 disconnected.
2026-07-27T00:54:24.259+05:30  WARN 12856 --- [payment-service] [vice-producer-1] org.apache.kafka.clients.NetworkClient   : [Producer clientId=payment-service-producer-1] Connection to node -1 (localhost/127.0.0.1:9092) could not be established. Node may not be available.
2026-07-27T00:54:24.259+05:30  WARN 12856 --- [payment-service] [vice-producer-1] org.apache.kafka.clients.NetworkClient   : [Producer clientId=payment-service-producer-1] Bootstrap broker localhost:9092 (id: -1 rack: null) disconnected
2026-07-27T00:54:25.309+05:30  INFO 12856 --- [payment-service] [vice-producer-1] org.apache.kafka.clients.NetworkClient   : [Producer clientId=payment-service-producer-1] Node -1 disconnected.
2026-07-27T00:54:25.309+05:30  WARN 12856 --- [payment-service] [vice-producer-1] org.apache.kafka.clients.NetworkClient   : [Producer clientId=payment-service-producer-1] Connection to node -1 (localhost/127.0.0.1:9092) could not be established. Node may not be available.
2026-07-27T00:54:25.309+05:30  WARN 12856 --- [payment-service] [vice-producer-1] org.apache.kafka.clients.NetworkClient   : [Producer clientId=payment-service-producer-1] Bootstrap broker localhost:9092 (id: -1 rack: null) disconnected
2026-07-27T00:54:26.172+05:30  INFO 12856 --- [payment-service] [vice-producer-1] org.apache.kafka.clients.NetworkClient   : [Producer clientId=payment-service-producer-1] Node -1 disconnected.
2026-07-27T00:54:26.172+05:30  WARN 12856 --- [payment-service] [vice-producer-1] org.apache.kafka.clients.NetworkClient   : [Producer clientId=payment-service-producer-1] Connection to node -1 (localhost/127.0.0.1:9092) could not be established. Node may not be available.
2026-07-27T00:54:26.172+05:30  WARN 12856 --- [payment-service] [vice-producer-1] org.apache.kafka.clients.NetworkClient   : [Producer clientId=payment-service-producer-1] Bootstrap broker localhost:9092 (id: -1 rack: null) disconnected
2026-07-27T00:54:27.122+05:30  INFO 12856 --- [payment-service] [vice-producer-1] org.apache.kafka.clients.NetworkClient   : [Producer clientId=payment-service-producer-1] Node -1 disconnected.
2026-07-27T00:54:27.122+05:30  WARN 12856 --- [payment-service] [vice-producer-1] org.apache.kafka.clients.NetworkClient   : [Producer clientId=payment-service-producer-1] Connection to node -1 (localhost/127.0.0.1:9092) could not be established. Node may not be available.
2026-07-27T00:54:27.122+05:30  WARN 12856 --- [payment-service] [vice-producer-1] org.apache.kafka.clients.NetworkClient   : [Producer clientId=payment-service-producer-1] Bootstrap broker localhost:9092 (id: -1 rack: null) disconnected
2026-07-27T00:54:28.124+05:30  INFO 12856 --- [payment-service] [vice-producer-1] org.apache.kafka.clients.NetworkClient   : [Producer clientId=payment-service-producer-1] Node -1 disconnected.
2026-07-27T00:54:28.124+05:30  WARN 12856 --- [payment-service] [vice-producer-1] org.apache.kafka.clients.NetworkClient   : [Producer clientId=payment-service-producer-1] Connection to node -1 (localhost/127.0.0.1:9092) could not be established. Node may not be available.
2026-07-27T00:54:28.124+05:30  WARN 12856 --- [payment-service] [vice-producer-1] org.apache.kafka.clients.NetworkClient   : [Producer clientId=payment-service-producer-1] Bootstrap broker localhost:9092 (id: -1 rack: null) disconnected
2026-07-27T00:54:28.986+05:30  INFO 12856 --- [payment-service] [vice-producer-1] org.apache.kafka.clients.NetworkClient   : [Producer clientId=payment-service-producer-1] Node -1 disconnected.
2026-07-27T00:54:28.987+05:30  WARN 12856 --- [payment-service] [vice-producer-1] org.apache.kafka.clients.NetworkClient   : [Producer clientId=payment-service-producer-1] Connection to node -1 (localhost/127.0.0.1:9092) could not be established. Node may not be available.
2026-07-27T00:54:28.987+05:30  WARN 12856 --- [payment-service] [vice-producer-1] org.apache.kafka.clients.NetworkClient   : [Producer clientId=payment-service-producer-1] Bootstrap broker localhost:9092 (id: -1 rack: null) disconnected
2026-07-27T00:54:30.013+05:30  INFO 12856 --- [payment-service] [vice-producer-1] org.apache.kafka.clients.NetworkClient   : [Producer clientId=payment-service-producer-1] Node -1 disconnected.
2026-07-27T00:54:30.013+05:30  WARN 12856 --- [payment-service] [vice-producer-1] org.apache.kafka.clients.NetworkClient   : [Producer clientId=payment-service-producer-1] Connection to node -1 (localhost/127.0.0.1:9092) could not be established. Node may not be available.
2026-07-27T00:54:30.013+05:30  WARN 12856 --- [payment-service] [vice-producer-1] org.apache.kafka.clients.NetworkClient   : [Producer clientId=payment-service-producer-1] Bootstrap broker localhost:9092 (id: -1 rack: null) disconnected
2026-07-27T00:54:30.963+05:30  INFO 12856 --- [payment-service] [vice-producer-1] org.apache.kafka.clients.NetworkClient   : [Producer clientId=payment-service-producer-1] Node -1 disconnected.
2026-07-27T00:54:30.963+05:30  WARN 12856 --- [payment-service] [vice-producer-1] org.apache.kafka.clients.NetworkClient   : [Producer clientId=payment-service-producer-1] Connection to node -1 (localhost/127.0.0.1:9092) could not be established. Node may not be available.
2026-07-27T00:54:30.963+05:30  WARN 12856 --- [payment-service] [vice-producer-1] org.apache.kafka.clients.NetworkClient   : [Producer clientId=payment-service-producer-1] Bootstrap broker localhost:9092 (id: -1 rack: null) disconnected
2026-07-27T00:54:31.944+05:30  INFO 12856 --- [payment-service] [vice-producer-1] org.apache.kafka.clients.NetworkClient   : [Producer clientId=payment-service-producer-1] Node -1 disconnected.
2026-07-27T00:54:31.944+05:30  WARN 12856 --- [payment-service] [vice-producer-1] org.apache.kafka.clients.NetworkClient   : [Producer clientId=payment-service-producer-1] Connection to node -1 (localhost/127.0.0.1:9092) could not be established. Node may not be available.
2026-07-27T00:54:31.944+05:30  WARN 12856 --- [payment-service] [vice-producer-1] org.apache.kafka.clients.NetworkClient   : [Producer clientId=payment-service-producer-1] Bootstrap broker localhost:9092 (id: -1 rack: null) disconnected
2026-07-27T00:54:32.802+05:30  INFO 12856 --- [payment-service] [vice-producer-1] org.apache.kafka.clients.NetworkClient   : [Producer clientId=payment-service-producer-1] Node -1 disconnected.
2026-07-27T00:54:32.802+05:30  WARN 12856 --- [payment-service] [vice-producer-1] org.apache.kafka.clients.NetworkClient   : [Producer clientId=payment-service-producer-1] Connection to node -1 (localhost/127.0.0.1:9092) could not be established. Node may not be available.
2026-07-27T00:54:32.802+05:30  WARN 12856 --- [payment-service] [vice-producer-1] org.apache.kafka.clients.NetworkClient   : [Producer clientId=payment-service-producer-1] Bootstrap broker localhost:9092 (id: -1 rack: null) disconnected
2026-07-27T00:54:33.813+05:30  INFO 12856 --- [payment-service] [vice-producer-1] org.apache.kafka.clients.NetworkClient   : [Producer clientId=payment-service-producer-1] Node -1 disconnected.
2026-07-27T00:54:33.813+05:30  WARN 12856 --- [payment-service] [vice-producer-1] org.apache.kafka.clients.NetworkClient   : [Producer clientId=payment-service-producer-1] Connection to node -1 (localhost/127.0.0.1:9092) could not be established. Node may not be available.
2026-07-27T00:54:33.813+05:30  WARN 12856 --- [payment-service] [vice-producer-1] org.apache.kafka.clients.NetworkClient   : [Producer clientId=payment-service-producer-1] Bootstrap broker localhost:9092 (id: -1 rack: null) disconnected
2026-07-27T00:54:34.815+05:30  INFO 12856 --- [payment-service] [vice-producer-1] org.apache.kafka.clients.NetworkClient   : [Producer clientId=payment-service-producer-1] Node -1 disconnected.
2026-07-27T00:54:34.815+05:30  WARN 12856 --- [payment-service] [vice-producer-1] org.apache.kafka.clients.NetworkClient   : [Producer clientId=payment-service-producer-1] Connection to node -1 (localhost/127.0.0.1:9092) could not be established. Node may not be available.
2026-07-27T00:54:34.815+05:30  WARN 12856 --- [payment-service] [vice-producer-1] org.apache.kafka.clients.NetworkClient   : [Producer clientId=payment-service-producer-1] Bootstrap broker localhost:9092 (id: -1 rack: null) disconnected
2026-07-27T00:54:35.816+05:30  INFO 12856 --- [payment-service] [vice-producer-1] org.apache.kafka.clients.NetworkClient   : [Producer clientId=payment-service-producer-1] Node -1 disconnected.
2026-07-27T00:54:35.817+05:30  WARN 12856 --- [payment-service] [vice-producer-1] org.apache.kafka.clients.NetworkClient   : [Producer clientId=payment-service-producer-1] Connection to node -1 (localhost/127.0.0.1:9092) could not be established. Node may not be available.
2026-07-27T00:54:35.817+05:30  WARN 12856 --- [payment-service] [vice-producer-1] org.apache.kafka.clients.NetworkClient   : [Producer clientId=payment-service-producer-1] Bootstrap broker localhost:9092 (id: -1 rack: null) disconnected
2026-07-27T00:54:36.826+05:30  INFO 12856 --- [payment-service] [vice-producer-1] org.apache.kafka.clients.NetworkClient   : [Producer clientId=payment-service-producer-1] Node -1 disconnected.
2026-07-27T00:54:36.826+05:30  WARN 12856 --- [payment-service] [vice-producer-1] org.apache.kafka.clients.NetworkClient   : [Producer clientId=payment-service-producer-1] Connection to node -1 (localhost/127.0.0.1:9092) could not be established. Node may not be available.
2026-07-27T00:54:36.826+05:30  WARN 12856 --- [payment-service] [vice-producer-1] org.apache.kafka.clients.NetworkClient   : [Producer clientId=payment-service-producer-1] Bootstrap broker localhost:9092 (id: -1 rack: null) disconnected
2026-07-27T00:54:37.828+05:30  INFO 12856 --- [payment-service] [vice-producer-1] org.apache.kafka.clients.NetworkClient   : [Producer clientId=payment-service-producer-1] Node -1 disconnected.
2026-07-27T00:54:37.828+05:30  WARN 12856 --- [payment-service] [vice-producer-1] org.apache.kafka.clients.NetworkClient   : [Producer clientId=payment-service-producer-1] Connection to node -1 (localhost/127.0.0.1:9092) could not be established. Node may not be available.
2026-07-27T00:54:37.828+05:30  WARN 12856 --- [payment-service] [vice-producer-1] org.apache.kafka.clients.NetworkClient   : [Producer clientId=payment-service-producer-1] Bootstrap broker localhost:9092 (id: -1 rack: null) disconnected
2026-07-27T00:54:38.742+05:30  INFO 12856 --- [payment-service] [vice-producer-1] org.apache.kafka.clients.NetworkClient   : [Producer clientId=payment-service-producer-1] Node -1 disconnected.
2026-07-27T00:54:38.742+05:30  WARN 12856 --- [payment-service] [vice-producer-1] org.apache.kafka.clients.NetworkClient   : [Producer clientId=payment-service-producer-1] Connection to node -1 (localhost/127.0.0.1:9092) could not be established. Node may not be available.
2026-07-27T00:54:38.742+05:30  WARN 12856 --- [payment-service] [vice-producer-1] org.apache.kafka.clients.NetworkClient   : [Producer clientId=payment-service-producer-1] Bootstrap broker localhost:9092 (id: -1 rack: null) disconnected
2026-07-27T00:54:39.649+05:30  INFO 12856 --- [payment-service] [vice-producer-1] org.apache.kafka.clients.NetworkClient   : [Producer clientId=payment-service-producer-1] Node -1 disconnected.
2026-07-27T00:54:39.649+05:30  WARN 12856 --- [payment-service] [vice-producer-1] org.apache.kafka.clients.NetworkClient   : [Producer clientId=payment-service-producer-1] Connection to node -1 (localhost/127.0.0.1:9092) could not be established. Node may not be available.
2026-07-27T00:54:39.649+05:30  WARN 12856 --- [payment-service] [vice-producer-1] org.apache.kafka.clients.NetworkClient   : [Producer clientId=payment-service-producer-1] Bootstrap broker localhost:9092 (id: -1 rack: null) disconnected
2026-07-27T00:54:40.459+05:30  INFO 12856 --- [payment-service] [vice-producer-1] org.apache.kafka.clients.NetworkClient   : [Producer clientId=payment-service-producer-1] Node -1 disconnected.
2026-07-27T00:54:40.459+05:30  WARN 12856 --- [payment-service] [vice-producer-1] org.apache.kafka.clients.NetworkClient   : [Producer clientId=payment-service-producer-1] Connection to node -1 (localhost/127.0.0.1:9092) could not be established. Node may not be available.
2026-07-27T00:54:40.459+05:30  WARN 12856 --- [payment-service] [vice-producer-1] org.apache.kafka.clients.NetworkClient   : [Producer clientId=payment-service-producer-1] Bootstrap broker localhost:9092 (id: -1 rack: null) disconnected
2026-07-27T00:54:41.468+05:30  INFO 12856 --- [payment-service] [vice-producer-1] org.apache.kafka.clients.NetworkClient   : [Producer clientId=payment-service-producer-1] Node -1 disconnected.
2026-07-27T00:54:41.468+05:30  WARN 12856 --- [payment-service] [vice-producer-1] org.apache.kafka.clients.NetworkClient   : [Producer clientId=payment-service-producer-1] Connection to node -1 (localhost/127.0.0.1:9092) could not be established. Node may not be available.
2026-07-27T00:54:41.468+05:30  WARN 12856 --- [payment-service] [vice-producer-1] org.apache.kafka.clients.NetworkClient   : [Producer clientId=payment-service-producer-1] Bootstrap broker localhost:9092 (id: -1 rack: null) disconnected
2026-07-27T00:54:42.328+05:30  INFO 12856 --- [payment-service] [vice-producer-1] org.apache.kafka.clients.NetworkClient   : [Producer clientId=payment-service-producer-1] Node -1 disconnected.
2026-07-27T00:54:42.328+05:30  WARN 12856 --- [payment-service] [vice-producer-1] org.apache.kafka.clients.NetworkClient   : [Producer clientId=payment-service-producer-1] Connection to node -1 (localhost/127.0.0.1:9092) could not be established. Node may not be available.
2026-07-27T00:54:42.328+05:30  WARN 12856 --- [payment-service] [vice-producer-1] org.apache.kafka.clients.NetworkClient   : [Producer clientId=payment-service-producer-1] Bootstrap broker localhost:9092 (id: -1 rack: null) disconnected
2026-07-27T00:54:43.346+05:30  INFO 12856 --- [payment-service] [vice-producer-1] org.apache.kafka.clients.NetworkClient   : [Producer clientId=payment-service-producer-1] Node -1 disconnected.
2026-07-27T00:54:43.347+05:30  WARN 12856 --- [payment-service] [vice-producer-1] org.apache.kafka.clients.NetworkClient   : [Producer clientId=payment-service-producer-1] Connection to node -1 (localhost/127.0.0.1:9092) could not be established. Node may not be available.
2026-07-27T00:54:43.347+05:30  WARN 12856 --- [payment-service] [vice-producer-1] org.apache.kafka.clients.NetworkClient   : [Producer clientId=payment-service-producer-1] Bootstrap broker localhost:9092 (id: -1 rack: null) disconnected
2026-07-27T00:54:44.347+05:30  INFO 12856 --- [payment-service] [vice-producer-1] org.apache.kafka.clients.NetworkClient   : [Producer clientId=payment-service-producer-1] Node -1 disconnected.
2026-07-27T00:54:44.348+05:30  WARN 12856 --- [payment-service] [vice-producer-1] org.apache.kafka.clients.NetworkClient   : [Producer clientId=payment-service-producer-1] Connection to node -1 (localhost/127.0.0.1:9092) could not be established. Node may not be available.
2026-07-27T00:54:44.348+05:30  WARN 12856 --- [payment-service] [vice-producer-1] org.apache.kafka.clients.NetworkClient   : [Producer clientId=payment-service-producer-1] Bootstrap broker localhost:9092 (id: -1 rack: null) disconnected
2026-07-27T00:54:45.310+05:30  INFO 12856 --- [payment-service] [vice-producer-1] org.apache.kafka.clients.NetworkClient   : [Producer clientId=payment-service-producer-1] Node -1 disconnected.
2026-07-27T00:54:45.311+05:30  WARN 12856 --- [payment-service] [vice-producer-1] org.apache.kafka.clients.NetworkClient   : [Producer clientId=payment-service-producer-1] Connection to node -1 (localhost/127.0.0.1:9092) could not be established. Node may not be available.
2026-07-27T00:54:45.311+05:30  WARN 12856 --- [payment-service] [vice-producer-1] org.apache.kafka.clients.NetworkClient   : [Producer clientId=payment-service-producer-1] Bootstrap broker localhost:9092 (id: -1 rack: null) disconnected
2026-07-27T00:54:46.270+05:30  INFO 12856 --- [payment-service] [vice-producer-1] org.apache.kafka.clients.NetworkClient   : [Producer clientId=payment-service-producer-1] Node -1 disconnected.
2026-07-27T00:54:46.270+05:30  WARN 12856 --- [payment-service] [vice-producer-1] org.apache.kafka.clients.NetworkClient   : [Producer clientId=payment-service-producer-1] Connection to node -1 (localhost/127.0.0.1:9092) could not be established. Node may not be available.
2026-07-27T00:54:46.271+05:30  WARN 12856 --- [payment-service] [vice-producer-1] org.apache.kafka.clients.NetworkClient   : [Producer clientId=payment-service-producer-1] Bootstrap broker localhost:9092 (id: -1 rack: null) disconnected
2026-07-27T00:54:47.273+05:30  INFO 12856 --- [payment-service] [vice-producer-1] org.apache.kafka.clients.NetworkClient   : [Producer clientId=payment-service-producer-1] Node -1 disconnected.
2026-07-27T00:54:47.273+05:30  WARN 12856 --- [payment-service] [vice-producer-1] org.apache.kafka.clients.NetworkClient   : [Producer clientId=payment-service-producer-1] Connection to node -1 (localhost/127.0.0.1:9092) could not be established. Node may not be available.
2026-07-27T00:54:47.273+05:30  WARN 12856 --- [payment-service] [vice-producer-1] org.apache.kafka.clients.NetworkClient   : [Producer clientId=payment-service-producer-1] Bootstrap broker localhost:9092 (id: -1 rack: null) disconnected
2026-07-27T00:54:48.274+05:30  INFO 12856 --- [payment-service] [vice-producer-1] org.apache.kafka.clients.NetworkClient   : [Producer clientId=payment-service-producer-1] Node -1 disconnected.
2026-07-27T00:54:48.275+05:30  WARN 12856 --- [payment-service] [vice-producer-1] org.apache.kafka.clients.NetworkClient   : [Producer clientId=payment-service-producer-1] Connection to node -1 (localhost/127.0.0.1:9092) could not be established. Node may not be available.
2026-07-27T00:54:48.275+05:30  WARN 12856 --- [payment-service] [vice-producer-1] org.apache.kafka.clients.NetworkClient   : [Producer clientId=payment-service-producer-1] Bootstrap broker localhost:9092 (id: -1 rack: null) disconnected
2026-07-27T00:54:49.289+05:30  INFO 12856 --- [payment-service] [vice-producer-1] org.apache.kafka.clients.NetworkClient   : [Producer clientId=payment-service-producer-1] Node -1 disconnected.
2026-07-27T00:54:49.289+05:30  WARN 12856 --- [payment-service] [vice-producer-1] org.apache.kafka.clients.NetworkClient   : [Producer clientId=payment-service-producer-1] Connection to node -1 (localhost/127.0.0.1:9092) could not be established. Node may not be available.
2026-07-27T00:54:49.289+05:30  WARN 12856 --- [payment-service] [vice-producer-1] org.apache.kafka.clients.NetworkClient   : [Producer clientId=payment-service-producer-1] Bootstrap broker localhost:9092 (id: -1 rack: null) disconnected
2026-07-27T00:54:50.251+05:30  INFO 12856 --- [payment-service] [vice-producer-1] org.apache.kafka.clients.NetworkClient   : [Producer clientId=payment-service-producer-1] Node -1 disconnected.
2026-07-27T00:54:50.251+05:30  WARN 12856 --- [payment-service] [vice-producer-1] org.apache.kafka.clients.NetworkClient   : [Producer clientId=payment-service-producer-1] Connection to node -1 (localhost/127.0.0.1:9092) could not be established. Node may not be available.
2026-07-27T00:54:50.251+05:30  WARN 12856 --- [payment-service] [vice-producer-1] org.apache.kafka.clients.NetworkClient   : [Producer clientId=payment-service-producer-1] Bootstrap broker localhost:9092 (id: -1 rack: null) disconnected
2026-07-27T00:54:51.251+05:30  INFO 12856 --- [payment-service] [vice-producer-1] org.apache.kafka.clients.NetworkClient   : [Producer clientId=payment-service-producer-1] Node -1 disconnected.
2026-07-27T00:54:51.253+05:30  WARN 12856 --- [payment-service] [vice-producer-1] org.apache.kafka.clients.NetworkClient   : [Producer clientId=payment-service-producer-1] Connection to node -1 (localhost/127.0.0.1:9092) could not be established. Node may not be available.
2026-07-27T00:54:51.253+05:30  WARN 12856 --- [payment-service] [vice-producer-1] org.apache.kafka.clients.NetworkClient   : [Producer clientId=payment-service-producer-1] Bootstrap broker localhost:9092 (id: -1 rack: null) disconnected
2026-07-27T00:54:52.110+05:30  INFO 12856 --- [payment-service] [vice-producer-1] org.apache.kafka.clients.NetworkClient   : [Producer clientId=payment-service-producer-1] Node -1 disconnected.
2026-07-27T00:54:52.111+05:30  WARN 12856 --- [payment-service] [vice-producer-1] org.apache.kafka.clients.NetworkClient   : [Producer clientId=payment-service-producer-1] Connection to node -1 (localhost/127.0.0.1:9092) could not be established. Node may not be available.
2026-07-27T00:54:52.111+05:30  WARN 12856 --- [payment-service] [vice-producer-1] org.apache.kafka.clients.NetworkClient   : [Producer clientId=payment-service-producer-1] Bootstrap broker localhost:9092 (id: -1 rack: null) disconnected
2026-07-27T00:54:53.126+05:30  INFO 12856 --- [payment-service] [vice-producer-1] org.apache.kafka.clients.NetworkClient   : [Producer clientId=payment-service-producer-1] Node -1 disconnected.
2026-07-27T00:54:53.126+05:30  WARN 12856 --- [payment-service] [vice-producer-1] org.apache.kafka.clients.NetworkClient   : [Producer clientId=payment-service-producer-1] Connection to node -1 (localhost/127.0.0.1:9092) could not be established. Node may not be available.
2026-07-27T00:54:53.126+05:30  WARN 12856 --- [payment-service] [vice-producer-1] org.apache.kafka.clients.NetworkClient   : [Producer clientId=payment-service-producer-1] Bootstrap broker localhost:9092 (id: -1 rack: null) disconnected
2026-07-27T00:54:54.038+05:30  INFO 12856 --- [payment-service] [vice-producer-1] org.apache.kafka.clients.NetworkClient   : [Producer clientId=payment-service-producer-1] Node -1 disconnected.
2026-07-27T00:54:54.038+05:30  WARN 12856 --- [payment-service] [vice-producer-1] org.apache.kafka.clients.NetworkClient   : [Producer clientId=payment-service-producer-1] Connection to node -1 (localhost/127.0.0.1:9092) could not be established. Node may not be available.
2026-07-27T00:54:54.038+05:30  WARN 12856 --- [payment-service] [vice-producer-1] org.apache.kafka.clients.NetworkClient   : [Producer clientId=payment-service-producer-1] Bootstrap broker localhost:9092 (id: -1 rack: null) disconnected
2026-07-27T00:54:54.954+05:30  INFO 12856 --- [payment-service] [vice-producer-1] org.apache.kafka.clients.NetworkClient   : [Producer clientId=payment-service-producer-1] Node -1 disconnected.
2026-07-27T00:54:54.954+05:30  WARN 12856 --- [payment-service] [vice-producer-1] org.apache.kafka.clients.NetworkClient   : [Producer clientId=payment-service-producer-1] Connection to node -1 (localhost/127.0.0.1:9092) could not be established. Node may not be available.
2026-07-27T00:54:54.954+05:30  WARN 12856 --- [payment-service] [vice-producer-1] org.apache.kafka.clients.NetworkClient   : [Producer clientId=payment-service-producer-1] Bootstrap broker localhost:9092 (id: -1 rack: null) disconnected
2026-07-27T00:54:55.863+05:30  INFO 12856 --- [payment-service] [vice-producer-1] org.apache.kafka.clients.NetworkClient   : [Producer clientId=payment-service-producer-1] Node -1 disconnected.
2026-07-27T00:54:55.863+05:30  WARN 12856 --- [payment-service] [vice-producer-1] org.apache.kafka.clients.NetworkClient   : [Producer clientId=payment-service-producer-1] Connection to node -1 (localhost/127.0.0.1:9092) could not be established. Node may not be available.
2026-07-27T00:54:55.863+05:30  WARN 12856 --- [payment-service] [vice-producer-1] org.apache.kafka.clients.NetworkClient   : [Producer clientId=payment-service-producer-1] Bootstrap broker localhost:9092 (id: -1 rack: null) disconnected
2026-07-27T00:54:56.773+05:30  INFO 12856 --- [payment-service] [vice-producer-1] org.apache.kafka.clients.NetworkClient   : [Producer clientId=payment-service-producer-1] Node -1 disconnected.
2026-07-27T00:54:56.773+05:30  WARN 12856 --- [payment-service] [vice-producer-1] org.apache.kafka.clients.NetworkClient   : [Producer clientId=payment-service-producer-1] Connection to node -1 (localhost/127.0.0.1:9092) could not be established. Node may not be available.
2026-07-27T00:54:56.773+05:30  WARN 12856 --- [payment-service] [vice-producer-1] org.apache.kafka.clients.NetworkClient   : [Producer clientId=payment-service-producer-1] Bootstrap broker localhost:9092 (id: -1 rack: null) disconnected
2026-07-27T00:54:57.735+05:30  INFO 12856 --- [payment-service] [vice-producer-1] org.apache.kafka.clients.NetworkClient   : [Producer clientId=payment-service-producer-1] Node -1 disconnected.
2026-07-27T00:54:57.735+05:30  WARN 12856 --- [payment-service] [vice-producer-1] org.apache.kafka.clients.NetworkClient   : [Producer clientId=payment-service-producer-1] Connection to node -1 (localhost/127.0.0.1:9092) could not be established. Node may not be available.
2026-07-27T00:54:57.735+05:30  WARN 12856 --- [payment-service] [vice-producer-1] org.apache.kafka.clients.NetworkClient   : [Producer clientId=payment-service-producer-1] Bootstrap broker localhost:9092 (id: -1 rack: null) disconnected
2026-07-27T00:54:58.737+05:30  INFO 12856 --- [payment-service] [vice-producer-1] org.apache.kafka.clients.NetworkClient   : [Producer clientId=payment-service-producer-1] Node -1 disconnected.
2026-07-27T00:54:58.737+05:30  WARN 12856 --- [payment-service] [vice-producer-1] org.apache.kafka.clients.NetworkClient   : [Producer clientId=payment-service-producer-1] Connection to node -1 (localhost/127.0.0.1:9092) could not be established. Node may not be available.
2026-07-27T00:54:58.737+05:30  WARN 12856 --- [payment-service] [vice-producer-1] org.apache.kafka.clients.NetworkClient   : [Producer clientId=payment-service-producer-1] Bootstrap broker localhost:9092 (id: -1 rack: null) disconnected
2026-07-27T00:54:59.753+05:30  INFO 12856 --- [payment-service] [vice-producer-1] org.apache.kafka.clients.NetworkClient   : [Producer clientId=payment-service-producer-1] Node -1 disconnected.
2026-07-27T00:54:59.753+05:30  WARN 12856 --- [payment-service] [vice-producer-1] org.apache.kafka.clients.NetworkClient   : [Producer clientId=payment-service-producer-1] Connection to node -1 (localhost/127.0.0.1:9092) could not be established. Node may not be available.
2026-07-27T00:54:59.753+05:30  WARN 12856 --- [payment-service] [vice-producer-1] org.apache.kafka.clients.NetworkClient   : [Producer clientId=payment-service-producer-1] Bootstrap broker localhost:9092 (id: -1 rack: null) disconnected
2026-07-27T00:55:00.767+05:30  INFO 12856 --- [payment-service] [vice-producer-1] org.apache.kafka.clients.NetworkClient   : [Producer clientId=payment-service-producer-1] Node -1 disconnected.
2026-07-27T00:55:00.767+05:30  WARN 12856 --- [payment-service] [vice-producer-1] org.apache.kafka.clients.NetworkClient   : [Producer clientId=payment-service-producer-1] Connection to node -1 (localhost/127.0.0.1:9092) could not be established. Node may not be available.
2026-07-27T00:55:00.767+05:30  WARN 12856 --- [payment-service] [vice-producer-1] org.apache.kafka.clients.NetworkClient   : [Producer clientId=payment-service-producer-1] Bootstrap broker localhost:9092 (id: -1 rack: null) disconnected
2026-07-27T00:55:01.778+05:30  INFO 12856 --- [payment-service] [vice-producer-1] org.apache.kafka.clients.NetworkClient   : [Producer clientId=payment-service-producer-1] Node -1 disconnected.
2026-07-27T00:55:01.778+05:30  WARN 12856 --- [payment-service] [vice-producer-1] org.apache.kafka.clients.NetworkClient   : [Producer clientId=payment-service-producer-1] Connection to node -1 (localhost/127.0.0.1:9092) could not be established. Node may not be available.
2026-07-27T00:55:01.778+05:30  WARN 12856 --- [payment-service] [vice-producer-1] org.apache.kafka.clients.NetworkClient   : [Producer clientId=payment-service-producer-1] Bootstrap broker localhost:9092 (id: -1 rack: null) disconnected
2026-07-27T00:55:02.780+05:30  INFO 12856 --- [payment-service] [vice-producer-1] org.apache.kafka.clients.NetworkClient   : [Producer clientId=payment-service-producer-1] Node -1 disconnected.
2026-07-27T00:55:02.780+05:30  WARN 12856 --- [payment-service] [vice-producer-1] org.apache.kafka.clients.NetworkClient   : [Producer clientId=payment-service-producer-1] Connection to node -1 (localhost/127.0.0.1:9092) could not be established. Node may not be available.
2026-07-27T00:55:02.780+05:30  WARN 12856 --- [payment-service] [vice-producer-1] org.apache.kafka.clients.NetworkClient   : [Producer clientId=payment-service-producer-1] Bootstrap broker localhost:9092 (id: -1 rack: null) disconnected
2026-07-27T00:55:03.792+05:30  INFO 12856 --- [payment-service] [vice-producer-1] org.apache.kafka.clients.NetworkClient   : [Producer clientId=payment-service-producer-1] Node -1 disconnected.
2026-07-27T00:55:03.792+05:30  WARN 12856 --- [payment-service] [vice-producer-1] org.apache.kafka.clients.NetworkClient   : [Producer clientId=payment-service-producer-1] Connection to node -1 (localhost/127.0.0.1:9092) could not be established. Node may not be available.
2026-07-27T00:55:03.792+05:30  WARN 12856 --- [payment-service] [vice-producer-1] org.apache.kafka.clients.NetworkClient   : [Producer clientId=payment-service-producer-1] Bootstrap broker localhost:9092 (id: -1 rack: null) disconnected
2026-07-27T00:55:04.794+05:30  INFO 12856 --- [payment-service] [vice-producer-1] org.apache.kafka.clients.NetworkClient   : [Producer clientId=payment-service-producer-1] Node -1 disconnected.
2026-07-27T00:55:04.794+05:30  WARN 12856 --- [payment-service] [vice-producer-1] org.apache.kafka.clients.NetworkClient   : [Producer clientId=payment-service-producer-1] Connection to node -1 (localhost/127.0.0.1:9092) could not be established. Node may not be available.
2026-07-27T00:55:04.794+05:30  WARN 12856 --- [payment-service] [vice-producer-1] org.apache.kafka.clients.NetworkClient   : [Producer clientId=payment-service-producer-1] Bootstrap broker localhost:9092 (id: -1 rack: null) disconnected
2026-07-27T00:55:05.796+05:30  INFO 12856 --- [payment-service] [vice-producer-1] org.apache.kafka.clients.NetworkClient   : [Producer clientId=payment-service-producer-1] Node -1 disconnected.
2026-07-27T00:55:05.796+05:30  WARN 12856 --- [payment-service] [vice-producer-1] org.apache.kafka.clients.NetworkClient   : [Producer clientId=payment-service-producer-1] Connection to node -1 (localhost/127.0.0.1:9092) could not be established. Node may not be available.
2026-07-27T00:55:05.796+05:30  WARN 12856 --- [payment-service] [vice-producer-1] org.apache.kafka.clients.NetworkClient   : [Producer clientId=payment-service-producer-1] Bootstrap broker localhost:9092 (id: -1 rack: null) disconnected
2026-07-27T00:55:06.797+05:30  INFO 12856 --- [payment-service] [vice-producer-1] org.apache.kafka.clients.NetworkClient   : [Producer clientId=payment-service-producer-1] Node -1 disconnected.
2026-07-27T00:55:06.797+05:30  WARN 12856 --- [payment-service] [vice-producer-1] org.apache.kafka.clients.NetworkClient   : [Producer clientId=payment-service-producer-1] Connection to node -1 (localhost/127.0.0.1:9092) could not be established. Node may not be available.
2026-07-27T00:55:06.797+05:30  WARN 12856 --- [payment-service] [vice-producer-1] org.apache.kafka.clients.NetworkClient   : [Producer clientId=payment-service-producer-1] Bootstrap broker localhost:9092 (id: -1 rack: null) disconnected
2026-07-27T00:55:07.758+05:30  INFO 12856 --- [payment-service] [vice-producer-1] org.apache.kafka.clients.NetworkClient   : [Producer clientId=payment-service-producer-1] Node -1 disconnected.
2026-07-27T00:55:07.760+05:30  WARN 12856 --- [payment-service] [vice-producer-1] org.apache.kafka.clients.NetworkClient   : [Producer clientId=payment-service-producer-1] Connection to node -1 (localhost/127.0.0.1:9092) could not be established. Node may not be available.
2026-07-27T00:55:07.760+05:30  WARN 12856 --- [payment-service] [vice-producer-1] org.apache.kafka.clients.NetworkClient   : [Producer clientId=payment-service-producer-1] Bootstrap broker localhost:9092 (id: -1 rack: null) disconnected
2026-07-27T00:55:08.721+05:30  INFO 12856 --- [payment-service] [vice-producer-1] org.apache.kafka.clients.NetworkClient   : [Producer clientId=payment-service-producer-1] Node -1 disconnected.
2026-07-27T00:55:08.721+05:30  WARN 12856 --- [payment-service] [vice-producer-1] org.apache.kafka.clients.NetworkClient   : [Producer clientId=payment-service-producer-1] Connection to node -1 (localhost/127.0.0.1:9092) could not be established. Node may not be available.
2026-07-27T00:55:08.721+05:30  WARN 12856 --- [payment-service] [vice-producer-1] org.apache.kafka.clients.NetworkClient   : [Producer clientId=payment-service-producer-1] Bootstrap broker localhost:9092 (id: -1 rack: null) disconnected
2026-07-27T00:55:09.634+05:30  INFO 12856 --- [payment-service] [vice-producer-1] org.apache.kafka.clients.NetworkClient   : [Producer clientId=payment-service-producer-1] Node -1 disconnected.
2026-07-27T00:55:09.634+05:30  WARN 12856 --- [payment-service] [vice-producer-1] org.apache.kafka.clients.NetworkClient   : [Producer clientId=payment-service-producer-1] Connection to node -1 (localhost/127.0.0.1:9092) could not be established. Node may not be available.
2026-07-27T00:55:09.634+05:30  WARN 12856 --- [payment-service] [vice-producer-1] org.apache.kafka.clients.NetworkClient   : [Producer clientId=payment-service-producer-1] Bootstrap broker localhost:9092 (id: -1 rack: null) disconnected
2026-07-27T00:55:10.647+05:30  INFO 12856 --- [payment-service] [vice-producer-1] org.apache.kafka.clients.NetworkClient   : [Producer clientId=payment-service-producer-1] Node -1 disconnected.
2026-07-27T00:55:10.647+05:30  WARN 12856 --- [payment-service] [vice-producer-1] org.apache.kafka.clients.NetworkClient   : [Producer clientId=payment-service-producer-1] Connection to node -1 (localhost/127.0.0.1:9092) could not be established. Node may not be available.
2026-07-27T00:55:10.648+05:30  WARN 12856 --- [payment-service] [vice-producer-1] org.apache.kafka.clients.NetworkClient   : [Producer clientId=payment-service-producer-1] Bootstrap broker localhost:9092 (id: -1 rack: null) disconnected
2026-07-27T00:55:11.649+05:30  INFO 12856 --- [payment-service] [vice-producer-1] org.apache.kafka.clients.NetworkClient   : [Producer clientId=payment-service-producer-1] Node -1 disconnected.
2026-07-27T00:55:11.649+05:30  WARN 12856 --- [payment-service] [vice-producer-1] org.apache.kafka.clients.NetworkClient   : [Producer clientId=payment-service-producer-1] Connection to node -1 (localhost/127.0.0.1:9092) could not be established. Node may not be available.
2026-07-27T00:55:11.650+05:30  WARN 12856 --- [payment-service] [vice-producer-1] org.apache.kafka.clients.NetworkClient   : [Producer clientId=payment-service-producer-1] Bootstrap broker localhost:9092 (id: -1 rack: null) disconnected
2026-07-27T00:55:12.691+05:30  INFO 12856 --- [payment-service] [vice-producer-1] org.apache.kafka.clients.NetworkClient   : [Producer clientId=payment-service-producer-1] Node -1 disconnected.
2026-07-27T00:55:12.691+05:30  WARN 12856 --- [payment-service] [vice-producer-1] org.apache.kafka.clients.NetworkClient   : [Producer clientId=payment-service-producer-1] Connection to node -1 (localhost/127.0.0.1:9092) could not be established. Node may not be available.
2026-07-27T00:55:12.691+05:30  WARN 12856 --- [payment-service] [vice-producer-1] org.apache.kafka.clients.NetworkClient   : [Producer clientId=payment-service-producer-1] Bootstrap broker localhost:9092 (id: -1 rack: null) disconnected
2026-07-27T00:55:13.704+05:30  INFO 12856 --- [payment-service] [vice-producer-1] org.apache.kafka.clients.NetworkClient   : [Producer clientId=payment-service-producer-1] Node -1 disconnected.
2026-07-27T00:55:13.704+05:30  WARN 12856 --- [payment-service] [vice-producer-1] org.apache.kafka.clients.NetworkClient   : [Producer clientId=payment-service-producer-1] Connection to node -1 (localhost/127.0.0.1:9092) could not be established. Node may not be available.
2026-07-27T00:55:13.704+05:30  WARN 12856 --- [payment-service] [vice-producer-1] org.apache.kafka.clients.NetworkClient   : [Producer clientId=payment-service-producer-1] Bootstrap broker localhost:9092 (id: -1 rack: null) disconnected
2026-07-27T00:55:14.723+05:30  INFO 12856 --- [payment-service] [vice-producer-1] org.apache.kafka.clients.NetworkClient   : [Producer clientId=payment-service-producer-1] Node -1 disconnected.
2026-07-27T00:55:14.723+05:30  WARN 12856 --- [payment-service] [vice-producer-1] org.apache.kafka.clients.NetworkClient   : [Producer clientId=payment-service-producer-1] Connection to node -1 (localhost/127.0.0.1:9092) could not be established. Node may not be available.
2026-07-27T00:55:14.723+05:30  WARN 12856 --- [payment-service] [vice-producer-1] org.apache.kafka.clients.NetworkClient   : [Producer clientId=payment-service-producer-1] Bootstrap broker localhost:9092 (id: -1 rack: null) disconnected
2026-07-27T00:55:15.709+05:30  INFO 12856 --- [payment-service] [vice-producer-1] org.apache.kafka.clients.NetworkClient   : [Producer clientId=payment-service-producer-1] Node -1 disconnected.
2026-07-27T00:55:15.709+05:30  WARN 12856 --- [payment-service] [vice-producer-1] org.apache.kafka.clients.NetworkClient   : [Producer clientId=payment-service-producer-1] Connection to node -1 (localhost/127.0.0.1:9092) could not be established. Node may not be available.
2026-07-27T00:55:15.709+05:30  WARN 12856 --- [payment-service] [vice-producer-1] org.apache.kafka.clients.NetworkClient   : [Producer clientId=payment-service-producer-1] Bootstrap broker localhost:9092 (id: -1 rack: null) disconnected
2026-07-27T00:55:16.619+05:30  INFO 12856 --- [payment-service] [vice-producer-1] org.apache.kafka.clients.NetworkClient   : [Producer clientId=payment-service-producer-1] Node -1 disconnected.
2026-07-27T00:55:16.620+05:30  WARN 12856 --- [payment-service] [vice-producer-1] org.apache.kafka.clients.NetworkClient   : [Producer clientId=payment-service-producer-1] Connection to node -1 (localhost/127.0.0.1:9092) could not be established. Node may not be available.
2026-07-27T00:55:16.620+05:30  WARN 12856 --- [payment-service] [vice-producer-1] org.apache.kafka.clients.NetworkClient   : [Producer clientId=payment-service-producer-1] Bootstrap broker localhost:9092 (id: -1 rack: null) disconnected
2026-07-27T00:55:17.619+05:30  INFO 12856 --- [payment-service] [vice-producer-1] org.apache.kafka.clients.NetworkClient   : [Producer clientId=payment-service-producer-1] Node -1 disconnected.
2026-07-27T00:55:17.619+05:30  WARN 12856 --- [payment-service] [vice-producer-1] org.apache.kafka.clients.NetworkClient   : [Producer clientId=payment-service-producer-1] Connection to node -1 (localhost/127.0.0.1:9092) could not be established. Node may not be available.
2026-07-27T00:55:17.619+05:30  WARN 12856 --- [payment-service] [vice-producer-1] org.apache.kafka.clients.NetworkClient   : [Producer clientId=payment-service-producer-1] Bootstrap broker localhost:9092 (id: -1 rack: null) disconnected
2026-07-27T00:55:18.654+05:30  INFO 12856 --- [payment-service] [vice-producer-1] org.apache.kafka.clients.NetworkClient   : [Producer clientId=payment-service-producer-1] Node -1 disconnected.
2026-07-27T00:55:18.654+05:30  WARN 12856 --- [payment-service] [vice-producer-1] org.apache.kafka.clients.NetworkClient   : [Producer clientId=payment-service-producer-1] Connection to node -1 (localhost/127.0.0.1:9092) could not be established. Node may not be available.
2026-07-27T00:55:18.654+05:30  WARN 12856 --- [payment-service] [vice-producer-1] org.apache.kafka.clients.NetworkClient   : [Producer clientId=payment-service-producer-1] Bootstrap broker localhost:9092 (id: -1 rack: null) disconnected
2026-07-27T00:55:19.480+05:30  INFO 12856 --- [payment-service] [vice-producer-1] org.apache.kafka.clients.NetworkClient   : [Producer clientId=payment-service-producer-1] Node -1 disconnected.
2026-07-27T00:55:19.480+05:30  WARN 12856 --- [payment-service] [vice-producer-1] org.apache.kafka.clients.NetworkClient   : [Producer clientId=payment-service-producer-1] Connection to node -1 (localhost/127.0.0.1:9092) could not be established. Node may not be available.
2026-07-27T00:55:19.480+05:30  WARN 12856 --- [payment-service] [vice-producer-1] org.apache.kafka.clients.NetworkClient   : [Producer clientId=payment-service-producer-1] Bootstrap broker localhost:9092 (id: -1 rack: null) disconnected
2026-07-27T00:55:20.490+05:30  INFO 12856 --- [payment-service] [vice-producer-1] org.apache.kafka.clients.NetworkClient   : [Producer clientId=payment-service-producer-1] Node -1 disconnected.
2026-07-27T00:55:20.490+05:30  WARN 12856 --- [payment-service] [vice-producer-1] org.apache.kafka.clients.NetworkClient   : [Producer clientId=payment-service-producer-1] Connection to node -1 (localhost/127.0.0.1:9092) could not be established. Node may not be available.
2026-07-27T00:55:20.491+05:30  WARN 12856 --- [payment-service] [vice-producer-1] org.apache.kafka.clients.NetworkClient   : [Producer clientId=payment-service-producer-1] Bootstrap broker localhost:9092 (id: -1 rack: null) disconnected
2026-07-27T00:55:21.404+05:30  INFO 12856 --- [payment-service] [vice-producer-1] org.apache.kafka.clients.NetworkClient   : [Producer clientId=payment-service-producer-1] Node -1 disconnected.
2026-07-27T00:55:21.404+05:30  WARN 12856 --- [payment-service] [vice-producer-1] org.apache.kafka.clients.NetworkClient   : [Producer clientId=payment-service-producer-1] Connection to node -1 (localhost/127.0.0.1:9092) could not be established. Node may not be available.
2026-07-27T00:55:21.404+05:30  WARN 12856 --- [payment-service] [vice-producer-1] org.apache.kafka.clients.NetworkClient   : [Producer clientId=payment-service-producer-1] Bootstrap broker localhost:9092 (id: -1 rack: null) disconnected
2026-07-27T00:55:22.365+05:30  INFO 12856 --- [payment-service] [vice-producer-1] org.apache.kafka.clients.NetworkClient   : [Producer clientId=payment-service-producer-1] Node -1 disconnected.
2026-07-27T00:55:22.365+05:30  WARN 12856 --- [payment-service] [vice-producer-1] org.apache.kafka.clients.NetworkClient   : [Producer clientId=payment-service-producer-1] Connection to node -1 (localhost/127.0.0.1:9092) could not be established. Node may not be available.
2026-07-27T00:55:22.365+05:30  WARN 12856 --- [payment-service] [vice-producer-1] org.apache.kafka.clients.NetworkClient   : [Producer clientId=payment-service-producer-1] Bootstrap broker localhost:9092 (id: -1 rack: null) disconnected
2026-07-27T00:55:23.385+05:30  INFO 12856 --- [payment-service] [vice-producer-1] org.apache.kafka.clients.NetworkClient   : [Producer clientId=payment-service-producer-1] Node -1 disconnected.
2026-07-27T00:55:23.385+05:30  WARN 12856 --- [payment-service] [vice-producer-1] org.apache.kafka.clients.NetworkClient   : [Producer clientId=payment-service-producer-1] Connection to node -1 (localhost/127.0.0.1:9092) could not be established. Node may not be available.
2026-07-27T00:55:23.385+05:30  WARN 12856 --- [payment-service] [vice-producer-1] org.apache.kafka.clients.NetworkClient   : [Producer clientId=payment-service-producer-1] Bootstrap broker localhost:9092 (id: -1 rack: null) disconnected
2026-07-27T00:55:24.388+05:30  INFO 12856 --- [payment-service] [vice-producer-1] org.apache.kafka.clients.NetworkClient   : [Producer clientId=payment-service-producer-1] Node -1 disconnected.
2026-07-27T00:55:24.388+05:30  WARN 12856 --- [payment-service] [vice-producer-1] org.apache.kafka.clients.NetworkClient   : [Producer clientId=payment-service-producer-1] Connection to node -1 (localhost/127.0.0.1:9092) could not be established. Node may not be available.
2026-07-27T00:55:24.388+05:30  WARN 12856 --- [payment-service] [vice-producer-1] org.apache.kafka.clients.NetworkClient   : [Producer clientId=payment-service-producer-1] Bootstrap broker localhost:9092 (id: -1 rack: null) disconnected
2026-07-27T00:55:25.251+05:30  INFO 12856 --- [payment-service] [vice-producer-1] org.apache.kafka.clients.NetworkClient   : [Producer clientId=payment-service-producer-1] Node -1 disconnected.
2026-07-27T00:55:25.251+05:30  WARN 12856 --- [payment-service] [vice-producer-1] org.apache.kafka.clients.NetworkClient   : [Producer clientId=payment-service-producer-1] Connection to node -1 (localhost/127.0.0.1:9092) could not be established. Node may not be available.
2026-07-27T00:55:25.251+05:30  WARN 12856 --- [payment-service] [vice-producer-1] org.apache.kafka.clients.NetworkClient   : [Producer clientId=payment-service-producer-1] Bootstrap broker localhost:9092 (id: -1 rack: null) disconnected
2026-07-27T00:55:26.062+05:30  INFO 12856 --- [payment-service] [vice-producer-1] org.apache.kafka.clients.NetworkClient   : [Producer clientId=payment-service-producer-1] Node -1 disconnected.
2026-07-27T00:55:26.062+05:30  WARN 12856 --- [payment-service] [vice-producer-1] org.apache.kafka.clients.NetworkClient   : [Producer clientId=payment-service-producer-1] Connection to node -1 (localhost/127.0.0.1:9092) could not be established. Node may not be available.
2026-07-27T00:55:26.062+05:30  WARN 12856 --- [payment-service] [vice-producer-1] org.apache.kafka.clients.NetworkClient   : [Producer clientId=payment-service-producer-1] Bootstrap broker localhost:9092 (id: -1 rack: null) disconnected
2026-07-27T00:55:26.960+05:30  INFO 12856 --- [payment-service] [vice-producer-1] org.apache.kafka.clients.NetworkClient   : [Producer clientId=payment-service-producer-1] Node -1 disconnected.
2026-07-27T00:55:26.960+05:30  WARN 12856 --- [payment-service] [vice-producer-1] org.apache.kafka.clients.NetworkClient   : [Producer clientId=payment-service-producer-1] Connection to node -1 (localhost/127.0.0.1:9092) could not be established. Node may not be available.
2026-07-27T00:55:26.960+05:30  WARN 12856 --- [payment-service] [vice-producer-1] org.apache.kafka.clients.NetworkClient   : [Producer clientId=payment-service-producer-1] Bootstrap broker localhost:9092 (id: -1 rack: null) disconnected
2026-07-27T00:55:27.969+05:30  INFO 12856 --- [payment-service] [vice-producer-1] org.apache.kafka.clients.NetworkClient   : [Producer clientId=payment-service-producer-1] Node -1 disconnected.
2026-07-27T00:55:27.969+05:30  WARN 12856 --- [payment-service] [vice-producer-1] org.apache.kafka.clients.NetworkClient   : [Producer clientId=payment-service-producer-1] Connection to node -1 (localhost/127.0.0.1:9092) could not be established. Node may not be available.
2026-07-27T00:55:27.969+05:30  WARN 12856 --- [payment-service] [vice-producer-1] org.apache.kafka.clients.NetworkClient   : [Producer clientId=payment-service-producer-1] Bootstrap broker localhost:9092 (id: -1 rack: null) disconnected
2026-07-27T00:55:28.984+05:30  INFO 12856 --- [payment-service] [vice-producer-1] org.apache.kafka.clients.NetworkClient   : [Producer clientId=payment-service-producer-1] Node -1 disconnected.
2026-07-27T00:55:28.984+05:30  WARN 12856 --- [payment-service] [vice-producer-1] org.apache.kafka.clients.NetworkClient   : [Producer clientId=payment-service-producer-1] Connection to node -1 (localhost/127.0.0.1:9092) could not be established. Node may not be available.
2026-07-27T00:55:28.984+05:30  WARN 12856 --- [payment-service] [vice-producer-1] org.apache.kafka.clients.NetworkClient   : [Producer clientId=payment-service-producer-1] Bootstrap broker localhost:9092 (id: -1 rack: null) disconnected
2026-07-27T00:55:29.996+05:30  INFO 12856 --- [payment-service] [vice-producer-1] org.apache.kafka.clients.NetworkClient   : [Producer clientId=payment-service-producer-1] Node -1 disconnected.
2026-07-27T00:55:29.996+05:30  WARN 12856 --- [payment-service] [vice-producer-1] org.apache.kafka.clients.NetworkClient   : [Producer clientId=payment-service-producer-1] Connection to node -1 (localhost/127.0.0.1:9092) could not be established. Node may not be available.
2026-07-27T00:55:29.996+05:30  WARN 12856 --- [payment-service] [vice-producer-1] org.apache.kafka.clients.NetworkClient   : [Producer clientId=payment-service-producer-1] Bootstrap broker localhost:9092 (id: -1 rack: null) disconnected
2026-07-27T00:55:30.977+05:30  INFO 12856 --- [payment-service] [vice-producer-1] org.apache.kafka.clients.NetworkClient   : [Producer clientId=payment-service-producer-1] Node -1 disconnected.
2026-07-27T00:55:30.977+05:30  WARN 12856 --- [payment-service] [vice-producer-1] org.apache.kafka.clients.NetworkClient   : [Producer clientId=payment-service-producer-1] Connection to node -1 (localhost/127.0.0.1:9092) could not be established. Node may not be available.
2026-07-27T00:55:30.977+05:30  WARN 12856 --- [payment-service] [vice-producer-1] org.apache.kafka.clients.NetworkClient   : [Producer clientId=payment-service-producer-1] Bootstrap broker localhost:9092 (id: -1 rack: null) disconnected
2026-07-27T00:55:31.835+05:30  INFO 12856 --- [payment-service] [vice-producer-1] org.apache.kafka.clients.NetworkClient   : [Producer clientId=payment-service-producer-1] Node -1 disconnected.
2026-07-27T00:55:31.836+05:30  WARN 12856 --- [payment-service] [vice-producer-1] org.apache.kafka.clients.NetworkClient   : [Producer clientId=payment-service-producer-1] Connection to node -1 (localhost/127.0.0.1:9092) could not be established. Node may not be available.
2026-07-27T00:55:31.836+05:30  WARN 12856 --- [payment-service] [vice-producer-1] org.apache.kafka.clients.NetworkClient   : [Producer clientId=payment-service-producer-1] Bootstrap broker localhost:9092 (id: -1 rack: null) disconnected
2026-07-27T00:55:32.848+05:30  INFO 12856 --- [payment-service] [vice-producer-1] org.apache.kafka.clients.NetworkClient   : [Producer clientId=payment-service-producer-1] Node -1 disconnected.
2026-07-27T00:55:32.848+05:30  WARN 12856 --- [payment-service] [vice-producer-1] org.apache.kafka.clients.NetworkClient   : [Producer clientId=payment-service-producer-1] Connection to node -1 (localhost/127.0.0.1:9092) could not be established. Node may not be available.
2026-07-27T00:55:32.848+05:30  WARN 12856 --- [payment-service] [vice-producer-1] org.apache.kafka.clients.NetworkClient   : [Producer clientId=payment-service-producer-1] Bootstrap broker localhost:9092 (id: -1 rack: null) disconnected
2026-07-27T00:55:33.892+05:30  INFO 12856 --- [payment-service] [vice-producer-1] org.apache.kafka.clients.NetworkClient   : [Producer clientId=payment-service-producer-1] Node -1 disconnected.
2026-07-27T00:55:33.893+05:30  WARN 12856 --- [payment-service] [vice-producer-1] org.apache.kafka.clients.NetworkClient   : [Producer clientId=payment-service-producer-1] Connection to node -1 (localhost/127.0.0.1:9092) could not be established. Node may not be available.
2026-07-27T00:55:33.893+05:30  WARN 12856 --- [payment-service] [vice-producer-1] org.apache.kafka.clients.NetworkClient   : [Producer clientId=payment-service-producer-1] Bootstrap broker localhost:9092 (id: -1 rack: null) disconnected
2026-07-27T00:55:34.825+05:30  INFO 12856 --- [payment-service] [vice-producer-1] org.apache.kafka.clients.NetworkClient   : [Producer clientId=payment-service-producer-1] Node -1 disconnected.
2026-07-27T00:55:34.825+05:30  WARN 12856 --- [payment-service] [vice-producer-1] org.apache.kafka.clients.NetworkClient   : [Producer clientId=payment-service-producer-1] Connection to node -1 (localhost/127.0.0.1:9092) could not be established. Node may not be available.
2026-07-27T00:55:34.825+05:30  WARN 12856 --- [payment-service] [vice-producer-1] org.apache.kafka.clients.NetworkClient   : [Producer clientId=payment-service-producer-1] Bootstrap broker localhost:9092 (id: -1 rack: null) disconnected
2026-07-27T00:55:35.780+05:30  INFO 12856 --- [payment-service] [vice-producer-1] org.apache.kafka.clients.NetworkClient   : [Producer clientId=payment-service-producer-1] Node -1 disconnected.
2026-07-27T00:55:35.780+05:30  WARN 12856 --- [payment-service] [vice-producer-1] org.apache.kafka.clients.NetworkClient   : [Producer clientId=payment-service-producer-1] Connection to node -1 (localhost/127.0.0.1:9092) could not be established. Node may not be available.
2026-07-27T00:55:35.780+05:30  WARN 12856 --- [payment-service] [vice-producer-1] org.apache.kafka.clients.NetworkClient   : [Producer clientId=payment-service-producer-1] Bootstrap broker localhost:9092 (id: -1 rack: null) disconnected
2026-07-27T00:55:36.766+05:30  INFO 12856 --- [payment-service] [vice-producer-1] org.apache.kafka.clients.NetworkClient   : [Producer clientId=payment-service-producer-1] Node -1 disconnected.
2026-07-27T00:55:36.766+05:30  WARN 12856 --- [payment-service] [vice-producer-1] org.apache.kafka.clients.NetworkClient   : [Producer clientId=payment-service-producer-1] Connection to node -1 (localhost/127.0.0.1:9092) could not be established. Node may not be available.
2026-07-27T00:55:36.766+05:30  WARN 12856 --- [payment-service] [vice-producer-1] org.apache.kafka.clients.NetworkClient   : [Producer clientId=payment-service-producer-1] Bootstrap broker localhost:9092 (id: -1 rack: null) disconnected
2026-07-27T00:55:37.781+05:30  INFO 12856 --- [payment-service] [vice-producer-1] org.apache.kafka.clients.NetworkClient   : [Producer clientId=payment-service-producer-1] Node -1 disconnected.
2026-07-27T00:55:37.781+05:30  WARN 12856 --- [payment-service] [vice-producer-1] org.apache.kafka.clients.NetworkClient   : [Producer clientId=payment-service-producer-1] Connection to node -1 (localhost/127.0.0.1:9092) could not be established. Node may not be available.
2026-07-27T00:55:37.781+05:30  WARN 12856 --- [payment-service] [vice-producer-1] org.apache.kafka.clients.NetworkClient   : [Producer clientId=payment-service-producer-1] Bootstrap broker localhost:9092 (id: -1 rack: null) disconnected
2026-07-27T00:55:38.760+05:30  INFO 12856 --- [payment-service] [vice-producer-1] org.apache.kafka.clients.NetworkClient   : [Producer clientId=payment-service-producer-1] Node -1 disconnected.
2026-07-27T00:55:38.762+05:30  WARN 12856 --- [payment-service] [vice-producer-1] org.apache.kafka.clients.NetworkClient   : [Producer clientId=payment-service-producer-1] Connection to node -1 (localhost/127.0.0.1:9092) could not be established. Node may not be available.
2026-07-27T00:55:38.762+05:30  WARN 12856 --- [payment-service] [vice-producer-1] org.apache.kafka.clients.NetworkClient   : [Producer clientId=payment-service-producer-1] Bootstrap broker localhost:9092 (id: -1 rack: null) disconnected
2026-07-27T00:55:39.680+05:30  INFO 12856 --- [payment-service] [vice-producer-1] org.apache.kafka.clients.NetworkClient   : [Producer clientId=payment-service-producer-1] Node -1 disconnected.
2026-07-27T00:55:39.682+05:30  WARN 12856 --- [payment-service] [vice-producer-1] org.apache.kafka.clients.NetworkClient   : [Producer clientId=payment-service-producer-1] Connection to node -1 (localhost/127.0.0.1:9092) could not be established. Node may not be available.
2026-07-27T00:55:39.682+05:30  WARN 12856 --- [payment-service] [vice-producer-1] org.apache.kafka.clients.NetworkClient   : [Producer clientId=payment-service-producer-1] Bootstrap broker localhost:9092 (id: -1 rack: null) disconnected
2026-07-27T00:55:40.742+05:30  INFO 12856 --- [payment-service] [vice-producer-1] org.apache.kafka.clients.NetworkClient   : [Producer clientId=payment-service-producer-1] Node -1 disconnected.
2026-07-27T00:55:40.742+05:30  WARN 12856 --- [payment-service] [vice-producer-1] org.apache.kafka.clients.NetworkClient   : [Producer clientId=payment-service-producer-1] Connection to node -1 (localhost/127.0.0.1:9092) could not be established. Node may not be available.
2026-07-27T00:55:40.742+05:30  WARN 12856 --- [payment-service] [vice-producer-1] org.apache.kafka.clients.NetworkClient   : [Producer clientId=payment-service-producer-1] Bootstrap broker localhost:9092 (id: -1 rack: null) disconnected
2026-07-27T00:55:41.601+05:30  INFO 12856 --- [payment-service] [vice-producer-1] org.apache.kafka.clients.NetworkClient   : [Producer clientId=payment-service-producer-1] Node -1 disconnected.
2026-07-27T00:55:41.603+05:30  WARN 12856 --- [payment-service] [vice-producer-1] org.apache.kafka.clients.NetworkClient   : [Producer clientId=payment-service-producer-1] Connection to node -1 (localhost/127.0.0.1:9092) could not be established. Node may not be available.
2026-07-27T00:55:41.603+05:30  WARN 12856 --- [payment-service] [vice-producer-1] org.apache.kafka.clients.NetworkClient   : [Producer clientId=payment-service-producer-1] Bootstrap broker localhost:9092 (id: -1 rack: null) disconnected
2026-07-27T00:55:42.642+05:30  INFO 12856 --- [payment-service] [vice-producer-1] org.apache.kafka.clients.NetworkClient   : [Producer clientId=payment-service-producer-1] Node -1 disconnected.
2026-07-27T00:55:42.644+05:30  WARN 12856 --- [payment-service] [vice-producer-1] org.apache.kafka.clients.NetworkClient   : [Producer clientId=payment-service-producer-1] Connection to node -1 (localhost/127.0.0.1:9092) could not be established. Node may not be available.
2026-07-27T00:55:42.644+05:30  WARN 12856 --- [payment-service] [vice-producer-1] org.apache.kafka.clients.NetworkClient   : [Producer clientId=payment-service-producer-1] Bootstrap broker localhost:9092 (id: -1 rack: null) disconnected
2026-07-27T00:55:43.560+05:30  INFO 12856 --- [payment-service] [vice-producer-1] org.apache.kafka.clients.NetworkClient   : [Producer clientId=payment-service-producer-1] Node -1 disconnected.
2026-07-27T00:55:43.560+05:30  WARN 12856 --- [payment-service] [vice-producer-1] org.apache.kafka.clients.NetworkClient   : [Producer clientId=payment-service-producer-1] Connection to node -1 (localhost/127.0.0.1:9092) could not be established. Node may not be available.
2026-07-27T00:55:43.560+05:30  WARN 12856 --- [payment-service] [vice-producer-1] org.apache.kafka.clients.NetworkClient   : [Producer clientId=payment-service-producer-1] Bootstrap broker localhost:9092 (id: -1 rack: null) disconnected
2026-07-27T00:55:44.417+05:30  INFO 12856 --- [payment-service] [vice-producer-1] org.apache.kafka.clients.NetworkClient   : [Producer clientId=payment-service-producer-1] Node -1 disconnected.
2026-07-27T00:55:44.418+05:30  WARN 12856 --- [payment-service] [vice-producer-1] org.apache.kafka.clients.NetworkClient   : [Producer clientId=payment-service-producer-1] Connection to node -1 (localhost/127.0.0.1:9092) could not be established. Node may not be available.
2026-07-27T00:55:44.418+05:30  WARN 12856 --- [payment-service] [vice-producer-1] org.apache.kafka.clients.NetworkClient   : [Producer clientId=payment-service-producer-1] Bootstrap broker localhost:9092 (id: -1 rack: null) disconnected
2026-07-27T00:55:45.355+05:30  INFO 12856 --- [payment-service] [vice-producer-1] org.apache.kafka.clients.NetworkClient   : [Producer clientId=payment-service-producer-1] Node -1 disconnected.
2026-07-27T00:55:45.355+05:30  WARN 12856 --- [payment-service] [vice-producer-1] org.apache.kafka.clients.NetworkClient   : [Producer clientId=payment-service-producer-1] Connection to node -1 (localhost/127.0.0.1:9092) could not be established. Node may not be available.
2026-07-27T00:55:45.355+05:30  WARN 12856 --- [payment-service] [vice-producer-1] org.apache.kafka.clients.NetworkClient   : [Producer clientId=payment-service-producer-1] Bootstrap broker localhost:9092 (id: -1 rack: null) disconnected
2026-07-27T00:55:46.338+05:30  INFO 12856 --- [payment-service] [vice-producer-1] org.apache.kafka.clients.NetworkClient   : [Producer clientId=payment-service-producer-1] Node -1 disconnected.
2026-07-27T00:55:46.338+05:30  WARN 12856 --- [payment-service] [vice-producer-1] org.apache.kafka.clients.NetworkClient   : [Producer clientId=payment-service-producer-1] Connection to node -1 (localhost/127.0.0.1:9092) could not be established. Node may not be available.
2026-07-27T00:55:46.338+05:30  WARN 12856 --- [payment-service] [vice-producer-1] org.apache.kafka.clients.NetworkClient   : [Producer clientId=payment-service-producer-1] Bootstrap broker localhost:9092 (id: -1 rack: null) disconnected
2026-07-27T00:55:47.349+05:30  INFO 12856 --- [payment-service] [vice-producer-1] org.apache.kafka.clients.NetworkClient   : [Producer clientId=payment-service-producer-1] Node -1 disconnected.
2026-07-27T00:55:47.350+05:30  WARN 12856 --- [payment-service] [vice-producer-1] org.apache.kafka.clients.NetworkClient   : [Producer clientId=payment-service-producer-1] Connection to node -1 (localhost/127.0.0.1:9092) could not be established. Node may not be available.
2026-07-27T00:55:47.350+05:30  WARN 12856 --- [payment-service] [vice-producer-1] org.apache.kafka.clients.NetworkClient   : [Producer clientId=payment-service-producer-1] Bootstrap broker localhost:9092 (id: -1 rack: null) disconnected
2026-07-27T00:55:48.393+05:30  INFO 12856 --- [payment-service] [vice-producer-1] org.apache.kafka.clients.NetworkClient   : [Producer clientId=payment-service-producer-1] Node -1 disconnected.
2026-07-27T00:55:48.393+05:30  WARN 12856 --- [payment-service] [vice-producer-1] org.apache.kafka.clients.NetworkClient   : [Producer clientId=payment-service-producer-1] Connection to node -1 (localhost/127.0.0.1:9092) could not be established. Node may not be available.
2026-07-27T00:55:48.394+05:30  WARN 12856 --- [payment-service] [vice-producer-1] org.apache.kafka.clients.NetworkClient   : [Producer clientId=payment-service-producer-1] Bootstrap broker localhost:9092 (id: -1 rack: null) disconnected
2026-07-27T00:55:49.245+05:30  INFO 12856 --- [payment-service] [vice-producer-1] org.apache.kafka.clients.NetworkClient   : [Producer clientId=payment-service-producer-1] Node -1 disconnected.
2026-07-27T00:55:49.246+05:30  WARN 12856 --- [payment-service] [vice-producer-1] org.apache.kafka.clients.NetworkClient   : [Producer clientId=payment-service-producer-1] Connection to node -1 (localhost/127.0.0.1:9092) could not be established. Node may not be available.
2026-07-27T00:55:49.246+05:30  WARN 12856 --- [payment-service] [vice-producer-1] org.apache.kafka.clients.NetworkClient   : [Producer clientId=payment-service-producer-1] Bootstrap broker localhost:9092 (id: -1 rack: null) disconnected
2026-07-27T00:55:50.223+05:30  INFO 12856 --- [payment-service] [vice-producer-1] org.apache.kafka.clients.NetworkClient   : [Producer clientId=payment-service-producer-1] Node -1 disconnected.
2026-07-27T00:55:50.224+05:30  WARN 12856 --- [payment-service] [vice-producer-1] org.apache.kafka.clients.NetworkClient   : [Producer clientId=payment-service-producer-1] Connection to node -1 (localhost/127.0.0.1:9092) could not be established. Node may not be available.
2026-07-27T00:55:50.224+05:30  WARN 12856 --- [payment-service] [vice-producer-1] org.apache.kafka.clients.NetworkClient   : [Producer clientId=payment-service-producer-1] Bootstrap broker localhost:9092 (id: -1 rack: null) disconnected
2026-07-27T00:55:51.233+05:30  INFO 12856 --- [payment-service] [vice-producer-1] org.apache.kafka.clients.NetworkClient   : [Producer clientId=payment-service-producer-1] Node -1 disconnected.
2026-07-27T00:55:51.233+05:30  WARN 12856 --- [payment-service] [vice-producer-1] org.apache.kafka.clients.NetworkClient   : [Producer clientId=payment-service-producer-1] Connection to node -1 (localhost/127.0.0.1:9092) could not be established. Node may not be available.
2026-07-27T00:55:51.240+05:30  WARN 12856 --- [payment-service] [vice-producer-1] org.apache.kafka.clients.NetworkClient   : [Producer clientId=payment-service-producer-1] Bootstrap broker localhost:9092 (id: -1 rack: null) disconnected
2026-07-27T00:55:52.235+05:30  INFO 12856 --- [payment-service] [vice-producer-1] org.apache.kafka.clients.NetworkClient   : [Producer clientId=payment-service-producer-1] Node -1 disconnected.
2026-07-27T00:55:52.235+05:30  WARN 12856 --- [payment-service] [vice-producer-1] org.apache.kafka.clients.NetworkClient   : [Producer clientId=payment-service-producer-1] Connection to node -1 (localhost/127.0.0.1:9092) could not be established. Node may not be available.
2026-07-27T00:55:52.235+05:30  WARN 12856 --- [payment-service] [vice-producer-1] org.apache.kafka.clients.NetworkClient   : [Producer clientId=payment-service-producer-1] Bootstrap broker localhost:9092 (id: -1 rack: null) disconnected
2026-07-27T00:55:53.279+05:30  INFO 12856 --- [payment-service] [vice-producer-1] org.apache.kafka.clients.NetworkClient   : [Producer clientId=payment-service-producer-1] Node -1 disconnected.
2026-07-27T00:55:53.279+05:30  WARN 12856 --- [payment-service] [vice-producer-1] org.apache.kafka.clients.NetworkClient   : [Producer clientId=payment-service-producer-1] Connection to node -1 (localhost/127.0.0.1:9092) could not be established. Node may not be available.
2026-07-27T00:55:53.279+05:30  WARN 12856 --- [payment-service] [vice-producer-1] org.apache.kafka.clients.NetworkClient   : [Producer clientId=payment-service-producer-1] Bootstrap broker localhost:9092 (id: -1 rack: null) disconnected
2026-07-27T00:55:54.292+05:30  INFO 12856 --- [payment-service] [vice-producer-1] org.apache.kafka.clients.NetworkClient   : [Producer clientId=payment-service-producer-1] Node -1 disconnected.
2026-07-27T00:55:54.292+05:30  WARN 12856 --- [payment-service] [vice-producer-1] org.apache.kafka.clients.NetworkClient   : [Producer clientId=payment-service-producer-1] Connection to node -1 (localhost/127.0.0.1:9092) could not be established. Node may not be available.
2026-07-27T00:55:54.292+05:30  WARN 12856 --- [payment-service] [vice-producer-1] org.apache.kafka.clients.NetworkClient   : [Producer clientId=payment-service-producer-1] Bootstrap broker localhost:9092 (id: -1 rack: null) disconnected
2026-07-27T00:55:55.317+05:30  INFO 12856 --- [payment-service] [vice-producer-1] org.apache.kafka.clients.NetworkClient   : [Producer clientId=payment-service-producer-1] Node -1 disconnected.
2026-07-27T00:55:55.318+05:30  WARN 12856 --- [payment-service] [vice-producer-1] org.apache.kafka.clients.NetworkClient   : [Producer clientId=payment-service-producer-1] Connection to node -1 (localhost/127.0.0.1:9092) could not be established. Node may not be available.
2026-07-27T00:55:55.318+05:30  WARN 12856 --- [payment-service] [vice-producer-1] org.apache.kafka.clients.NetworkClient   : [Producer clientId=payment-service-producer-1] Bootstrap broker localhost:9092 (id: -1 rack: null) disconnected
2026-07-27T00:55:56.296+05:30  INFO 12856 --- [payment-service] [vice-producer-1] org.apache.kafka.clients.NetworkClient   : [Producer clientId=payment-service-producer-1] Node -1 disconnected.
2026-07-27T00:55:56.296+05:30  WARN 12856 --- [payment-service] [vice-producer-1] org.apache.kafka.clients.NetworkClient   : [Producer clientId=payment-service-producer-1] Connection to node -1 (localhost/127.0.0.1:9092) could not be established. Node may not be available.
2026-07-27T00:55:56.296+05:30  WARN 12856 --- [payment-service] [vice-producer-1] org.apache.kafka.clients.NetworkClient   : [Producer clientId=payment-service-producer-1] Bootstrap broker localhost:9092 (id: -1 rack: null) disconnected
2026-07-27T00:55:57.215+05:30  INFO 12856 --- [payment-service] [vice-producer-1] org.apache.kafka.clients.NetworkClient   : [Producer clientId=payment-service-producer-1] Node -1 disconnected.
2026-07-27T00:55:57.215+05:30  WARN 12856 --- [payment-service] [vice-producer-1] org.apache.kafka.clients.NetworkClient   : [Producer clientId=payment-service-producer-1] Connection to node -1 (localhost/127.0.0.1:9092) could not be established. Node may not be available.
2026-07-27T00:55:57.215+05:30  WARN 12856 --- [payment-service] [vice-producer-1] org.apache.kafka.clients.NetworkClient   : [Producer clientId=payment-service-producer-1] Bootstrap broker localhost:9092 (id: -1 rack: null) disconnected
2026-07-27T00:55:58.226+05:30  INFO 12856 --- [payment-service] [vice-producer-1] org.apache.kafka.clients.NetworkClient   : [Producer clientId=payment-service-producer-1] Node -1 disconnected.
2026-07-27T00:55:58.227+05:30  WARN 12856 --- [payment-service] [vice-producer-1] org.apache.kafka.clients.NetworkClient   : [Producer clientId=payment-service-producer-1] Connection to node -1 (localhost/127.0.0.1:9092) could not be established. Node may not be available.
2026-07-27T00:55:58.227+05:30  WARN 12856 --- [payment-service] [vice-producer-1] org.apache.kafka.clients.NetworkClient   : [Producer clientId=payment-service-producer-1] Bootstrap broker localhost:9092 (id: -1 rack: null) disconnected
2026-07-27T00:55:59.237+05:30  INFO 12856 --- [payment-service] [vice-producer-1] org.apache.kafka.clients.NetworkClient   : [Producer clientId=payment-service-producer-1] Node -1 disconnected.
2026-07-27T00:55:59.237+05:30  WARN 12856 --- [payment-service] [vice-producer-1] org.apache.kafka.clients.NetworkClient   : [Producer clientId=payment-service-producer-1] Connection to node -1 (localhost/127.0.0.1:9092) could not be established. Node may not be available.
2026-07-27T00:55:59.237+05:30  WARN 12856 --- [payment-service] [vice-producer-1] org.apache.kafka.clients.NetworkClient   : [Producer clientId=payment-service-producer-1] Bootstrap broker localhost:9092 (id: -1 rack: null) disconnected
2026-07-27T00:56:00.093+05:30  INFO 12856 --- [payment-service] [vice-producer-1] org.apache.kafka.clients.NetworkClient   : [Producer clientId=payment-service-producer-1] Node -1 disconnected.
2026-07-27T00:56:00.093+05:30  WARN 12856 --- [payment-service] [vice-producer-1] org.apache.kafka.clients.NetworkClient   : [Producer clientId=payment-service-producer-1] Connection to node -1 (localhost/127.0.0.1:9092) could not be established. Node may not be available.
2026-07-27T00:56:00.093+05:30  WARN 12856 --- [payment-service] [vice-producer-1] org.apache.kafka.clients.NetworkClient   : [Producer clientId=payment-service-producer-1] Bootstrap broker localhost:9092 (id: -1 rack: null) disconnected
2026-07-27T00:56:00.966+05:30  INFO 12856 --- [payment-service] [vice-producer-1] org.apache.kafka.clients.NetworkClient   : [Producer clientId=payment-service-producer-1] Node -1 disconnected.
2026-07-27T00:56:00.966+05:30  WARN 12856 --- [payment-service] [vice-producer-1] org.apache.kafka.clients.NetworkClient   : [Producer clientId=payment-service-producer-1] Connection to node -1 (localhost/127.0.0.1:9092) could not be established. Node may not be available.
2026-07-27T00:56:00.967+05:30  WARN 12856 --- [payment-service] [vice-producer-1] org.apache.kafka.clients.NetworkClient   : [Producer clientId=payment-service-producer-1] Bootstrap broker localhost:9092 (id: -1 rack: null) disconnected
2026-07-27T00:56:01.884+05:30  INFO 12856 --- [payment-service] [vice-producer-1] org.apache.kafka.clients.NetworkClient   : [Producer clientId=payment-service-producer-1] Node -1 disconnected.
2026-07-27T00:56:01.884+05:30  WARN 12856 --- [payment-service] [vice-producer-1] org.apache.kafka.clients.NetworkClient   : [Producer clientId=payment-service-producer-1] Connection to node -1 (localhost/127.0.0.1:9092) could not be established. Node may not be available.
2026-07-27T00:56:01.884+05:30  WARN 12856 --- [payment-service] [vice-producer-1] org.apache.kafka.clients.NetworkClient   : [Producer clientId=payment-service-producer-1] Bootstrap broker localhost:9092 (id: -1 rack: null) disconnected
2026-07-27T00:56:02.925+05:30  INFO 12856 --- [payment-service] [vice-producer-1] org.apache.kafka.clients.NetworkClient   : [Producer clientId=payment-service-producer-1] Node -1 disconnected.
2026-07-27T00:56:02.925+05:30  WARN 12856 --- [payment-service] [vice-producer-1] org.apache.kafka.clients.NetworkClient   : [Producer clientId=payment-service-producer-1] Connection to node -1 (localhost/127.0.0.1:9092) could not be established. Node may not be available.
2026-07-27T00:56:02.925+05:30  WARN 12856 --- [payment-service] [vice-producer-1] org.apache.kafka.clients.NetworkClient   : [Producer clientId=payment-service-producer-1] Bootstrap broker localhost:9092 (id: -1 rack: null) disconnected
2026-07-27T00:56:03.907+05:30  INFO 12856 --- [payment-service] [vice-producer-1] org.apache.kafka.clients.NetworkClient   : [Producer clientId=payment-service-producer-1] Node -1 disconnected.
2026-07-27T00:56:03.907+05:30  WARN 12856 --- [payment-service] [vice-producer-1] org.apache.kafka.clients.NetworkClient   : [Producer clientId=payment-service-producer-1] Connection to node -1 (localhost/127.0.0.1:9092) could not be established. Node may not be available.
2026-07-27T00:56:03.907+05:30  WARN 12856 --- [payment-service] [vice-producer-1] org.apache.kafka.clients.NetworkClient   : [Producer clientId=payment-service-producer-1] Bootstrap broker localhost:9092 (id: -1 rack: null) disconnected
2026-07-27T00:56:04.827+05:30  INFO 12856 --- [payment-service] [vice-producer-1] org.apache.kafka.clients.NetworkClient   : [Producer clientId=payment-service-producer-1] Node -1 disconnected.
2026-07-27T00:56:04.827+05:30  WARN 12856 --- [payment-service] [vice-producer-1] org.apache.kafka.clients.NetworkClient   : [Producer clientId=payment-service-producer-1] Connection to node -1 (localhost/127.0.0.1:9092) could not be established. Node may not be available.
2026-07-27T00:56:04.827+05:30  WARN 12856 --- [payment-service] [vice-producer-1] org.apache.kafka.clients.NetworkClient   : [Producer clientId=payment-service-producer-1] Bootstrap broker localhost:9092 (id: -1 rack: null) disconnected
2026-07-27T00:56:05.840+05:30  INFO 12856 --- [payment-service] [vice-producer-1] org.apache.kafka.clients.NetworkClient   : [Producer clientId=payment-service-producer-1] Node -1 disconnected.
2026-07-27T00:56:05.840+05:30  WARN 12856 --- [payment-service] [vice-producer-1] org.apache.kafka.clients.NetworkClient   : [Producer clientId=payment-service-producer-1] Connection to node -1 (localhost/127.0.0.1:9092) could not be established. Node may not be available.
2026-07-27T00:56:05.840+05:30  WARN 12856 --- [payment-service] [vice-producer-1] org.apache.kafka.clients.NetworkClient   : [Producer clientId=payment-service-producer-1] Bootstrap broker localhost:9092 (id: -1 rack: null) disconnected
2026-07-27T00:56:06.881+05:30  INFO 12856 --- [payment-service] [vice-producer-1] org.apache.kafka.clients.NetworkClient   : [Producer clientId=payment-service-producer-1] Node -1 disconnected.
2026-07-27T00:56:06.881+05:30  WARN 12856 --- [payment-service] [vice-producer-1] org.apache.kafka.clients.NetworkClient   : [Producer clientId=payment-service-producer-1] Connection to node -1 (localhost/127.0.0.1:9092) could not be established. Node may not be available.
2026-07-27T00:56:06.881+05:30  WARN 12856 --- [payment-service] [vice-producer-1] org.apache.kafka.clients.NetworkClient   : [Producer clientId=payment-service-producer-1] Bootstrap broker localhost:9092 (id: -1 rack: null) disconnected
2026-07-27T00:56:07.882+05:30  INFO 12856 --- [payment-service] [vice-producer-1] org.apache.kafka.clients.NetworkClient   : [Producer clientId=payment-service-producer-1] Node -1 disconnected.
2026-07-27T00:56:07.882+05:30  WARN 12856 --- [payment-service] [vice-producer-1] org.apache.kafka.clients.NetworkClient   : [Producer clientId=payment-service-producer-1] Connection to node -1 (localhost/127.0.0.1:9092) could not be established. Node may not be available.
2026-07-27T00:56:07.882+05:30  WARN 12856 --- [payment-service] [vice-producer-1] org.apache.kafka.clients.NetworkClient   : [Producer clientId=payment-service-producer-1] Bootstrap broker localhost:9092 (id: -1 rack: null) disconnected
2026-07-27T00:56:08.723+05:30  INFO 12856 --- [payment-service] [vice-producer-1] org.apache.kafka.clients.NetworkClient   : [Producer clientId=payment-service-producer-1] Node -1 disconnected.
2026-07-27T00:56:08.723+05:30  WARN 12856 --- [payment-service] [vice-producer-1] org.apache.kafka.clients.NetworkClient   : [Producer clientId=payment-service-producer-1] Connection to node -1 (localhost/127.0.0.1:9092) could not be established. Node may not be available.
2026-07-27T00:56:08.723+05:30  WARN 12856 --- [payment-service] [vice-producer-1] org.apache.kafka.clients.NetworkClient   : [Producer clientId=payment-service-producer-1] Bootstrap broker localhost:9092 (id: -1 rack: null) disconnected
2026-07-27T00:56:09.767+05:30  INFO 12856 --- [payment-service] [vice-producer-1] org.apache.kafka.clients.NetworkClient   : [Producer clientId=payment-service-producer-1] Node -1 disconnected.
2026-07-27T00:56:09.767+05:30  WARN 12856 --- [payment-service] [vice-producer-1] org.apache.kafka.clients.NetworkClient   : [Producer clientId=payment-service-producer-1] Connection to node -1 (localhost/127.0.0.1:9092) could not be established. Node may not be available.
2026-07-27T00:56:09.767+05:30  WARN 12856 --- [payment-service] [vice-producer-1] org.apache.kafka.clients.NetworkClient   : [Producer clientId=payment-service-producer-1] Bootstrap broker localhost:9092 (id: -1 rack: null) disconnected
2026-07-27T00:56:10.780+05:30  INFO 12856 --- [payment-service] [vice-producer-1] org.apache.kafka.clients.NetworkClient   : [Producer clientId=payment-service-producer-1] Node -1 disconnected.
2026-07-27T00:56:10.781+05:30  WARN 12856 --- [payment-service] [vice-producer-1] org.apache.kafka.clients.NetworkClient   : [Producer clientId=payment-service-producer-1] Connection to node -1 (localhost/127.0.0.1:9092) could not be established. Node may not be available.
2026-07-27T00:56:10.781+05:30  WARN 12856 --- [payment-service] [vice-producer-1] org.apache.kafka.clients.NetworkClient   : [Producer clientId=payment-service-producer-1] Bootstrap broker localhost:9092 (id: -1 rack: null) disconnected
2026-07-27T00:56:11.638+05:30  INFO 12856 --- [payment-service] [vice-producer-1] org.apache.kafka.clients.NetworkClient   : [Producer clientId=payment-service-producer-1] Node -1 disconnected.
2026-07-27T00:56:11.638+05:30  WARN 12856 --- [payment-service] [vice-producer-1] org.apache.kafka.clients.NetworkClient   : [Producer clientId=payment-service-producer-1] Connection to node -1 (localhost/127.0.0.1:9092) could not be established. Node may not be available.
2026-07-27T00:56:11.638+05:30  WARN 12856 --- [payment-service] [vice-producer-1] org.apache.kafka.clients.NetworkClient   : [Producer clientId=payment-service-producer-1] Bootstrap broker localhost:9092 (id: -1 rack: null) disconnected
2026-07-27T00:56:12.684+05:30  INFO 12856 --- [payment-service] [vice-producer-1] org.apache.kafka.clients.NetworkClient   : [Producer clientId=payment-service-producer-1] Node -1 disconnected.
2026-07-27T00:56:12.684+05:30  WARN 12856 --- [payment-service] [vice-producer-1] org.apache.kafka.clients.NetworkClient   : [Producer clientId=payment-service-producer-1] Connection to node -1 (localhost/127.0.0.1:9092) could not be established. Node may not be available.
2026-07-27T00:56:12.684+05:30  WARN 12856 --- [payment-service] [vice-producer-1] org.apache.kafka.clients.NetworkClient   : [Producer clientId=payment-service-producer-1] Bootstrap broker localhost:9092 (id: -1 rack: null) disconnected
2026-07-27T00:56:13.668+05:30  INFO 12856 --- [payment-service] [vice-producer-1] org.apache.kafka.clients.NetworkClient   : [Producer clientId=payment-service-producer-1] Node -1 disconnected.
2026-07-27T00:56:13.668+05:30  WARN 12856 --- [payment-service] [vice-producer-1] org.apache.kafka.clients.NetworkClient   : [Producer clientId=payment-service-producer-1] Connection to node -1 (localhost/127.0.0.1:9092) could not be established. Node may not be available.
2026-07-27T00:56:13.668+05:30  WARN 12856 --- [payment-service] [vice-producer-1] org.apache.kafka.clients.NetworkClient   : [Producer clientId=payment-service-producer-1] Bootstrap broker localhost:9092 (id: -1 rack: null) disconnected
2026-07-27T00:56:14.543+05:30  INFO 12856 --- [payment-service] [vice-producer-1] org.apache.kafka.clients.NetworkClient   : [Producer clientId=payment-service-producer-1] Node -1 disconnected.
2026-07-27T00:56:14.543+05:30  WARN 12856 --- [payment-service] [vice-producer-1] org.apache.kafka.clients.NetworkClient   : [Producer clientId=payment-service-producer-1] Connection to node -1 (localhost/127.0.0.1:9092) could not be established. Node may not be available.
2026-07-27T00:56:14.543+05:30  WARN 12856 --- [payment-service] [vice-producer-1] org.apache.kafka.clients.NetworkClient   : [Producer clientId=payment-service-producer-1] Bootstrap broker localhost:9092 (id: -1 rack: null) disconnected
2026-07-27T00:56:15.555+05:30  INFO 12856 --- [payment-service] [vice-producer-1] org.apache.kafka.clients.NetworkClient   : [Producer clientId=payment-service-producer-1] Node -1 disconnected.
2026-07-27T00:56:15.555+05:30  WARN 12856 --- [payment-service] [vice-producer-1] org.apache.kafka.clients.NetworkClient   : [Producer clientId=payment-service-producer-1] Connection to node -1 (localhost/127.0.0.1:9092) could not be established. Node may not be available.
2026-07-27T00:56:15.555+05:30  WARN 12856 --- [payment-service] [vice-producer-1] org.apache.kafka.clients.NetworkClient   : [Producer clientId=payment-service-producer-1] Bootstrap broker localhost:9092 (id: -1 rack: null) disconnected
2026-07-27T00:56:16.585+05:30  INFO 12856 --- [payment-service] [vice-producer-1] org.apache.kafka.clients.NetworkClient   : [Producer clientId=payment-service-producer-1] Node -1 disconnected.
2026-07-27T00:56:16.585+05:30  WARN 12856 --- [payment-service] [vice-producer-1] org.apache.kafka.clients.NetworkClient   : [Producer clientId=payment-service-producer-1] Connection to node -1 (localhost/127.0.0.1:9092) could not be established. Node may not be available.
2026-07-27T00:56:16.585+05:30  WARN 12856 --- [payment-service] [vice-producer-1] org.apache.kafka.clients.NetworkClient   : [Producer clientId=payment-service-producer-1] Bootstrap broker localhost:9092 (id: -1 rack: null) disconnected
2026-07-27T00:56:17.631+05:30  INFO 12856 --- [payment-service] [vice-producer-1] org.apache.kafka.clients.NetworkClient   : [Producer clientId=payment-service-producer-1] Node -1 disconnected.
2026-07-27T00:56:17.632+05:30  WARN 12856 --- [payment-service] [vice-producer-1] org.apache.kafka.clients.NetworkClient   : [Producer clientId=payment-service-producer-1] Connection to node -1 (localhost/127.0.0.1:9092) could not be established. Node may not be available.
2026-07-27T00:56:17.632+05:30  WARN 12856 --- [payment-service] [vice-producer-1] org.apache.kafka.clients.NetworkClient   : [Producer clientId=payment-service-producer-1] Bootstrap broker localhost:9092 (id: -1 rack: null) disconnected
2026-07-27T00:56:18.491+05:30  INFO 12856 --- [payment-service] [vice-producer-1] org.apache.kafka.clients.NetworkClient   : [Producer clientId=payment-service-producer-1] Node -1 disconnected.
2026-07-27T00:56:18.492+05:30  WARN 12856 --- [payment-service] [vice-producer-1] org.apache.kafka.clients.NetworkClient   : [Producer clientId=payment-service-producer-1] Connection to node -1 (localhost/127.0.0.1:9092) could not be established. Node may not be available.
2026-07-27T00:56:18.492+05:30  WARN 12856 --- [payment-service] [vice-producer-1] org.apache.kafka.clients.NetworkClient   : [Producer clientId=payment-service-producer-1] Bootstrap broker localhost:9092 (id: -1 rack: null) disconnected
2026-07-27T00:56:19.516+05:30  INFO 12856 --- [payment-service] [vice-producer-1] org.apache.kafka.clients.NetworkClient   : [Producer clientId=payment-service-producer-1] Node -1 disconnected.
2026-07-27T00:56:19.516+05:30  WARN 12856 --- [payment-service] [vice-producer-1] org.apache.kafka.clients.NetworkClient   : [Producer clientId=payment-service-producer-1] Connection to node -1 (localhost/127.0.0.1:9092) could not be established. Node may not be available.
2026-07-27T00:56:19.516+05:30  WARN 12856 --- [payment-service] [vice-producer-1] org.apache.kafka.clients.NetworkClient   : [Producer clientId=payment-service-producer-1] Bootstrap broker localhost:9092 (id: -1 rack: null) disconnected
2026-07-27T00:56:20.560+05:30  INFO 12856 --- [payment-service] [vice-producer-1] org.apache.kafka.clients.NetworkClient   : [Producer clientId=payment-service-producer-1] Node -1 disconnected.
2026-07-27T00:56:20.561+05:30  WARN 12856 --- [payment-service] [vice-producer-1] org.apache.kafka.clients.NetworkClient   : [Producer clientId=payment-service-producer-1] Connection to node -1 (localhost/127.0.0.1:9092) could not be established. Node may not be available.
2026-07-27T00:56:20.561+05:30  WARN 12856 --- [payment-service] [vice-producer-1] org.apache.kafka.clients.NetworkClient   : [Producer clientId=payment-service-producer-1] Bootstrap broker localhost:9092 (id: -1 rack: null) disconnected
2026-07-27T00:56:21.600+05:30  INFO 12856 --- [payment-service] [vice-producer-1] org.apache.kafka.clients.NetworkClient   : [Producer clientId=payment-service-producer-1] Node -1 disconnected.
2026-07-27T00:56:21.600+05:30  WARN 12856 --- [payment-service] [vice-producer-1] org.apache.kafka.clients.NetworkClient   : [Producer clientId=payment-service-producer-1] Connection to node -1 (localhost/127.0.0.1:9092) could not be established. Node may not be available.
2026-07-27T00:56:21.600+05:30  WARN 12856 --- [payment-service] [vice-producer-1] org.apache.kafka.clients.NetworkClient   : [Producer clientId=payment-service-producer-1] Bootstrap broker localhost:9092 (id: -1 rack: null) disconnected
2026-07-27T00:56:22.614+05:30  INFO 12856 --- [payment-service] [vice-producer-1] org.apache.kafka.clients.NetworkClient   : [Producer clientId=payment-service-producer-1] Node -1 disconnected.
2026-07-27T00:56:22.614+05:30  WARN 12856 --- [payment-service] [vice-producer-1] org.apache.kafka.clients.NetworkClient   : [Producer clientId=payment-service-producer-1] Connection to node -1 (localhost/127.0.0.1:9092) could not be established. Node may not be available.
2026-07-27T00:56:22.614+05:30  WARN 12856 --- [payment-service] [vice-producer-1] org.apache.kafka.clients.NetworkClient   : [Producer clientId=payment-service-producer-1] Bootstrap broker localhost:9092 (id: -1 rack: null) disconnected
2026-07-27T00:56:23.657+05:30  INFO 12856 --- [payment-service] [vice-producer-1] org.apache.kafka.clients.NetworkClient   : [Producer clientId=payment-service-producer-1] Node -1 disconnected.
2026-07-27T00:56:23.657+05:30  WARN 12856 --- [payment-service] [vice-producer-1] org.apache.kafka.clients.NetworkClient   : [Producer clientId=payment-service-producer-1] Connection to node -1 (localhost/127.0.0.1:9092) could not be established. Node may not be available.
2026-07-27T00:56:23.657+05:30  WARN 12856 --- [payment-service] [vice-producer-1] org.apache.kafka.clients.NetworkClient   : [Producer clientId=payment-service-producer-1] Bootstrap broker localhost:9092 (id: -1 rack: null) disconnected
2026-07-27T00:56:24.644+05:30  INFO 12856 --- [payment-service] [vice-producer-1] org.apache.kafka.clients.NetworkClient   : [Producer clientId=payment-service-producer-1] Node -1 disconnected.
2026-07-27T00:56:24.644+05:30  WARN 12856 --- [payment-service] [vice-producer-1] org.apache.kafka.clients.NetworkClient   : [Producer clientId=payment-service-producer-1] Connection to node -1 (localhost/127.0.0.1:9092) could not be established. Node may not be available.
2026-07-27T00:56:24.644+05:30  WARN 12856 --- [payment-service] [vice-producer-1] org.apache.kafka.clients.NetworkClient   : [Producer clientId=payment-service-producer-1] Bootstrap broker localhost:9092 (id: -1 rack: null) disconnected
2026-07-27T00:56:25.503+05:30  INFO 12856 --- [payment-service] [vice-producer-1] org.apache.kafka.clients.NetworkClient   : [Producer clientId=payment-service-producer-1] Node -1 disconnected.
2026-07-27T00:56:25.503+05:30  WARN 12856 --- [payment-service] [vice-producer-1] org.apache.kafka.clients.NetworkClient   : [Producer clientId=payment-service-producer-1] Connection to node -1 (localhost/127.0.0.1:9092) could not be established. Node may not be available.
2026-07-27T00:56:25.504+05:30  WARN 12856 --- [payment-service] [vice-producer-1] org.apache.kafka.clients.NetworkClient   : [Producer clientId=payment-service-producer-1] Bootstrap broker localhost:9092 (id: -1 rack: null) disconnected
2026-07-27T00:56:26.355+05:30  INFO 12856 --- [payment-service] [vice-producer-1] org.apache.kafka.clients.NetworkClient   : [Producer clientId=payment-service-producer-1] Node -1 disconnected.
2026-07-27T00:56:26.355+05:30  WARN 12856 --- [payment-service] [vice-producer-1] org.apache.kafka.clients.NetworkClient   : [Producer clientId=payment-service-producer-1] Connection to node -1 (localhost/127.0.0.1:9092) could not be established. Node may not be available.
2026-07-27T00:56:26.355+05:30  WARN 12856 --- [payment-service] [vice-producer-1] org.apache.kafka.clients.NetworkClient   : [Producer clientId=payment-service-producer-1] Bootstrap broker localhost:9092 (id: -1 rack: null) disconnected
2026-07-27T00:56:27.322+05:30  INFO 12856 --- [payment-service] [vice-producer-1] org.apache.kafka.clients.NetworkClient   : [Producer clientId=payment-service-producer-1] Node -1 disconnected.
2026-07-27T00:56:27.323+05:30  WARN 12856 --- [payment-service] [vice-producer-1] org.apache.kafka.clients.NetworkClient   : [Producer clientId=payment-service-producer-1] Connection to node -1 (localhost/127.0.0.1:9092) could not be established. Node may not be available.
2026-07-27T00:56:27.323+05:30  WARN 12856 --- [payment-service] [vice-producer-1] org.apache.kafka.clients.NetworkClient   : [Producer clientId=payment-service-producer-1] Bootstrap broker localhost:9092 (id: -1 rack: null) disconnected
2026-07-27T00:56:28.337+05:30  INFO 12856 --- [payment-service] [vice-producer-1] org.apache.kafka.clients.NetworkClient   : [Producer clientId=payment-service-producer-1] Node -1 disconnected.
2026-07-27T00:56:28.337+05:30  WARN 12856 --- [payment-service] [vice-producer-1] org.apache.kafka.clients.NetworkClient   : [Producer clientId=payment-service-producer-1] Connection to node -1 (localhost/127.0.0.1:9092) could not be established. Node may not be available.
2026-07-27T00:56:28.337+05:30  WARN 12856 --- [payment-service] [vice-producer-1] org.apache.kafka.clients.NetworkClient   : [Producer clientId=payment-service-producer-1] Bootstrap broker localhost:9092 (id: -1 rack: null) disconnected
2026-07-27T00:56:29.258+05:30  INFO 12856 --- [payment-service] [vice-producer-1] org.apache.kafka.clients.NetworkClient   : [Producer clientId=payment-service-producer-1] Node -1 disconnected.
2026-07-27T00:56:29.258+05:30  WARN 12856 --- [payment-service] [vice-producer-1] org.apache.kafka.clients.NetworkClient   : [Producer clientId=payment-service-producer-1] Connection to node -1 (localhost/127.0.0.1:9092) could not be established. Node may not be available.
2026-07-27T00:56:29.258+05:30  WARN 12856 --- [payment-service] [vice-producer-1] org.apache.kafka.clients.NetworkClient   : [Producer clientId=payment-service-producer-1] Bootstrap broker localhost:9092 (id: -1 rack: null) disconnected
2026-07-27T00:56:30.299+05:30  INFO 12856 --- [payment-service] [vice-producer-1] org.apache.kafka.clients.NetworkClient   : [Producer clientId=payment-service-producer-1] Node -1 disconnected.
2026-07-27T00:56:30.299+05:30  WARN 12856 --- [payment-service] [vice-producer-1] org.apache.kafka.clients.NetworkClient   : [Producer clientId=payment-service-producer-1] Connection to node -1 (localhost/127.0.0.1:9092) could not be established. Node may not be available.
2026-07-27T00:56:30.300+05:30  WARN 12856 --- [payment-service] [vice-producer-1] org.apache.kafka.clients.NetworkClient   : [Producer clientId=payment-service-producer-1] Bootstrap broker localhost:9092 (id: -1 rack: null) disconnected
2026-07-27T00:56:31.265+05:30  INFO 12856 --- [payment-service] [vice-producer-1] org.apache.kafka.clients.NetworkClient   : [Producer clientId=payment-service-producer-1] Node -1 disconnected.
2026-07-27T00:56:31.265+05:30  WARN 12856 --- [payment-service] [vice-producer-1] org.apache.kafka.clients.NetworkClient   : [Producer clientId=payment-service-producer-1] Connection to node -1 (localhost/127.0.0.1:9092) could not be established. Node may not be available.
2026-07-27T00:56:31.265+05:30  WARN 12856 --- [payment-service] [vice-producer-1] org.apache.kafka.clients.NetworkClient   : [Producer clientId=payment-service-producer-1] Bootstrap broker localhost:9092 (id: -1 rack: null) disconnected
2026-07-27T00:56:32.121+05:30  INFO 12856 --- [payment-service] [vice-producer-1] org.apache.kafka.clients.NetworkClient   : [Producer clientId=payment-service-producer-1] Node -1 disconnected.
2026-07-27T00:56:32.121+05:30  WARN 12856 --- [payment-service] [vice-producer-1] org.apache.kafka.clients.NetworkClient   : [Producer clientId=payment-service-producer-1] Connection to node -1 (localhost/127.0.0.1:9092) could not be established. Node may not be available.
2026-07-27T00:56:32.121+05:30  WARN 12856 --- [payment-service] [vice-producer-1] org.apache.kafka.clients.NetworkClient   : [Producer clientId=payment-service-producer-1] Bootstrap broker localhost:9092 (id: -1 rack: null) disconnected
2026-07-27T00:56:32.974+05:30  INFO 12856 --- [payment-service] [vice-producer-1] org.apache.kafka.clients.NetworkClient   : [Producer clientId=payment-service-producer-1] Node -1 disconnected.
2026-07-27T00:56:32.974+05:30  WARN 12856 --- [payment-service] [vice-producer-1] org.apache.kafka.clients.NetworkClient   : [Producer clientId=payment-service-producer-1] Connection to node -1 (localhost/127.0.0.1:9092) could not be established. Node may not be available.
2026-07-27T00:56:32.974+05:30  WARN 12856 --- [payment-service] [vice-producer-1] org.apache.kafka.clients.NetworkClient   : [Producer clientId=payment-service-producer-1] Bootstrap broker localhost:9092 (id: -1 rack: null) disconnected
2026-07-27T00:56:34.005+05:30  INFO 12856 --- [payment-service] [vice-producer-1] org.apache.kafka.clients.NetworkClient   : [Producer clientId=payment-service-producer-1] Node -1 disconnected.
2026-07-27T00:56:34.005+05:30  WARN 12856 --- [payment-service] [vice-producer-1] org.apache.kafka.clients.NetworkClient   : [Producer clientId=payment-service-producer-1] Connection to node -1 (localhost/127.0.0.1:9092) could not be established. Node may not be available.
2026-07-27T00:56:34.005+05:30  WARN 12856 --- [payment-service] [vice-producer-1] org.apache.kafka.clients.NetworkClient   : [Producer clientId=payment-service-producer-1] Bootstrap broker localhost:9092 (id: -1 rack: null) disconnected
2026-07-27T00:56:35.049+05:30  INFO 12856 --- [payment-service] [vice-producer-1] org.apache.kafka.clients.NetworkClient   : [Producer clientId=payment-service-producer-1] Node -1 disconnected.
2026-07-27T00:56:35.050+05:30  WARN 12856 --- [payment-service] [vice-producer-1] org.apache.kafka.clients.NetworkClient   : [Producer clientId=payment-service-producer-1] Connection to node -1 (localhost/127.0.0.1:9092) could not be established. Node may not be available.
2026-07-27T00:56:35.050+05:30  WARN 12856 --- [payment-service] [vice-producer-1] org.apache.kafka.clients.NetworkClient   : [Producer clientId=payment-service-producer-1] Bootstrap broker localhost:9092 (id: -1 rack: null) disconnected
